{
"type": "FeatureCollection",
"name": "1500",
"crs": { "type": "name", "properties": { "name": "urn:ogc:def:crs:EPSG::3857" } },
"features": [
{ "type": "Feature", "properties": { "id": null }, "geometry": { "type": "MultiPolygon", "coordinates": [ [ [ [ 4180126.645880178082734, 7518357.335580898448825 ], [ 4180152.680851599667221, 7518357.335580898448825 ], [ 4180171.22063676500693, 7518357.174680580385029 ], [ 4180197.251686637289822, 7518356.722817772068083 ], [ 4180215.785886632744223, 7518356.240165289491415 ], [ 4180241.805172987282276, 7518355.336575798690319 ], [ 4180260.328204325400293, 7518354.532316552475095 ], [ 4180286.327888809144497, 7518353.17727258708328 ], [ 4180304.834171367343515, 7518352.051648862659931 ], [ 4180330.806421505752951, 7518350.245558632537723 ], [ 4180349.290380206890404, 7518348.798909527249634 ], [ 4180375.227371666580439, 7518346.542317130602896 ], [ 4180393.683438158128411, 7518344.775078453123569 ], [ 4180419.577357443980873, 7518342.068663688376546 ], [ 4180437.999971777200699, 7518339.981367824599147 ], [ 4180463.843018293846399, 7518336.825946001335979 ], [ 4180482.226630596444011, 7518334.419221755117178 ], [ 4180508.011018878780305, 7518330.81574347615242 ], [ 4180526.350091028958559, 7518328.090315882116556 ], [ 4180552.068053564522415, 7518324.039866692386568 ], [ 4180570.357060857117176, 7518320.996556794270873 ], [ 4180596.000850073527545, 7518316.500356894917786 ], [ 4180614.234282886609435, 7518313.140081498771906 ], [ 4180639.796173382550478, 7518308.199485408142209 ], [ 4180657.968538836110383, 7518304.523256808519363 ], [ 4180683.440830152947456, 7518299.139752867631614 ], [ 4180701.546653762925416, 7518295.148678539320827 ], [ 4180726.921672175172716, 7518289.323888569138944 ], [ 4180744.955499504227191, 7518285.019170836545527 ], [ 4180770.225600682664663, 7518278.75484958384186 ], [ 4180788.18199898255989, 7518274.137785257771611 ], [ 4180813.339570396579802, 7518267.435819825157523 ], [ 4180831.2131302440539, 7518262.507799809798598 ], [ 4180856.250592896714807, 7518255.37020923756063 ], [ 4180874.035929824225605, 7518250.132718116044998 ], [ 4180898.945741217583418, 7518242.56165259424597 ], [ 4180916.63749733613804, 7518237.016268176957965 ], [ 4180941.412153326440603, 7518229.014008508063853 ], [ 4180959.004998936783522, 7518223.162401359528303 ], [ 4180983.637035997118801, 7518214.731358273886144 ], [ 4181001.12567119859159, 7518208.575291209854186 ], [ 4181025.607668829616159, 7518199.718004597350955 ], [ 4181042.986825113650411, 7518193.259332153946161 ], [ 4181067.311408199369907, 7518183.978470238856971 ], [ 4181084.575850040186197, 7518177.21913811005652 ], [ 4181108.735690561123192, 7518167.517496841028333 ], [ 4181125.880216989200562, 7518160.459541298449039 ], [ 4181149.868036749772727, 7518150.340043315663934 ], [ 4181166.887482922058553, 7518142.985590591095388 ], [ 4181190.696055489592254, 7518132.451284436509013 ], [ 4181207.585294243413955, 7518124.80255008302629 ], [ 4181231.207447358872741, 7518113.856609183363616 ], [ 4181247.961390755604953, 7518105.915897405706346 ], [ 4181271.39000805048272, 7518094.561619312502444 ], [ 4181288.003608912229538, 7518086.331322275102139 ], [ 4181311.231632380746305, 7518074.572127533145249 ], [ 4181327.699885805603117, 7518066.054724641144276 ], [ 4181350.720318036619574, 7518053.894155691377819 ], [ 4181367.038262910675257, 7518045.092212839052081 ], [ 4181389.844168860930949, 7518032.533933128230274 ], [ 4181406.006889350712299, 7518023.450101929716766 ], [ 4181428.591398747637868, 7518010.497894633561373 ], [ 4181444.594025782309473, 7518001.134911620989442 ], [ 4181466.950334911700338, 7517987.792678665369749 ], [ 4181482.788047647103667, 7517978.153364468365908 ], [ 4181504.909421575255692, 7517964.425125259906054 ], [ 4181520.577448850963265, 7517954.512383752502501 ], [ 4181542.457223486620933, 7517940.402273941785097 ], [ 4181557.950845257844776, 7517930.219091369770467 ], [ 4181579.582429242320359, 7517915.731361674144864 ], [ 4181594.89697800623253, 7517905.280805753543973 ], [ 4181616.273854773957282, 7517890.419820636510849 ], [ 4181631.40471697319299, 7517879.705039630644023 ], [ 4181652.520446565002203, 7517864.475276085548103 ], [ 4181667.463063979055732, 7517853.499497857876122 ], [ 4181688.311285353731364, 7517837.905543802306056 ], [ 4181703.061156470794231, 7517826.672074840404093 ], [ 4181723.635589011479169, 7517810.718628013506532 ], [ 4181738.188270385377109, 7517799.230852435342968 ], [ 4181758.482715848833323, 7517782.922718970105052 ], [ 4181772.833823437336832, 7517771.184097507037222 ], [ 4181792.842168239410967, 7517754.526190131902695 ], [ 4181806.987378725782037, 7517742.54025907907635 ], [ 4181826.703595160972327, 7517725.537596147507429 ], [ 4181840.638647254090756, 7517713.307966306805611 ], [ 4181860.056795738171786, 7517695.965669937431812 ], [ 4181873.77749146008864, 7517683.496025524102151 ], [ 4181892.891722348984331, 7517665.819320018403232 ], [ 4181906.393928295001388, 7517653.113417551852763 ], [ 4181925.198483243118972, 7517635.107628181576729 ], [ 4181938.47813183022663, 7517622.169295356608927 ], [ 4181956.967345911078155, 7517603.839846424758434 ], [ 4181970.020436603110284, 7517590.672980955801904 ], [ 4181988.188739929813892, 7517572.02539421711117 ], [ 4182001.011340440716594, 7517558.633962664753199 ], [ 4182018.853259759023786, 7517539.673855758272111 ], [ 4182031.441507239360362, 7517526.061892333440483 ], [ 4182048.951667573302984, 7517506.794977094046772 ], [ 4182061.301769772544503, 7517492.966582445427775 ], [ 4182078.474896093364805, 7517473.398663137108088 ], [ 4182090.583132504485548, 7517459.358003113418818 ], [ 4182107.414051478262991, 7517439.494974492117763 ], [ 4182119.276774454861879, 7517425.246278886683285 ], [ 4182135.760415604803711, 7517405.094124876894057 ], [ 4182147.37405146472156, 7517390.641686154529452 ], [ 4182163.505449096672237, 7517370.206477591767907 ], [ 4182174.866499193478376, 7517355.554649597033858 ], [ 4182190.64079361082986, 7517334.842542730271816 ], [ 4182201.745835392735898, 7517319.995739373378456 ], [ 4182217.158274621237069, 7517299.012973684817553 ], [ 4182228.003962657880038, 7517283.975667612627149 ], [ 4182243.049903566483408, 7517262.728564342483878 ], [ 4182253.632970559876412, 7517247.505285592749715 ], [ 4182268.307880586013198, 7517226.000245390459895 ], [ 4182278.625138353090733, 7517210.59558002371341 ], [ 4182292.924596573691815, 7517188.839081441052258 ], [ 4182302.972937007434666, 7517173.257670163176954 ], [ 4182316.892635710071772, 7517151.256267344579101 ], [ 4182326.669031715486199, 7517135.502804105170071 ], [ 4182340.204777526203543, 7517113.263125075027347 ], [ 4182349.706283932551742, 7517097.342355655506253 ], [ 4182362.853999150451273, 7517074.871100211516023 ], [ 4182372.07775359833613, 7517058.787820795550942 ], [ 4182384.83347744634375, 7517036.091758453287184 ], [ 4182393.776701250113547, 7517019.850814180448651 ], [ 4182406.136591026093811, 7516996.936782198958099 ], [ 4182414.796590011101216, 7516980.54306570533663 ], [ 4182426.756922262720764, 7516957.41796700283885 ], [ 4182435.131087576039135, 7516940.876416948623955 ], [ 4182446.688259209971875, 7516917.547218044288456 ], [ 4182454.774068107362837, 7516900.86281762458384 ], [ 4182465.924597484059632, 7516877.336546522565186 ], [ 4182473.719614089932293, 7516860.514321966096759 ], [ 4182484.460142077878118, 7516836.79806603025645 ], [ 4182491.962018117774278, 7516819.843085087835789 ], [ 4182502.289309103507549, 7516795.943988904356956 ], [ 4182509.495784613769501, 7516778.861359316855669 ], [ 4182519.406727442983538, 7516754.786622624844313 ], [ 4182526.315631449688226, 7516737.581490591168404 ], [ 4182535.807240470312536, 7516713.33836585842073 ], [ 4182542.41649164352566, 7516696.015914478339255 ], [ 4182551.485907446127385, 7516671.611705098301172 ], [ 4182557.79351472761482, 7516654.177152816206217 ], [ 4182566.438005104195327, 7516629.619210686534643 ], [ 4182572.44206830766052, 7516612.07780971750617 ], [ 4182580.659029115457088, 7516587.373532890342176 ], [ 4182586.357739496510476, 7516569.730567638762295 ], [ 4182594.144695322029293, 7516544.887398436665535 ], [ 4182599.536336126737297, 7516527.148183900862932 ], [ 4182606.890941133722663, 7516502.17360638268292 ], [ 4182611.973888112232089, 7516484.343486560508609 ], [ 4182618.893926694523543, 7516459.245024425908923 ], [ 4182623.666648593731225, 7516441.329370696097612 ], [ 4182630.150036098435521, 7516416.114584820345044 ], [ 4182634.611095119267702, 7516398.118794331327081 ], [ 4182640.655878355260938, 7516372.795280943624675 ], [ 4182644.803930590394884, 7516354.724774986505508 ], [ 4182650.408288586884737, 7516329.300162717700005 ], [ 4182654.242084421683103, 7516311.160385089926422 ], [ 4182659.404328834731132, 7516285.642333240248263 ], [ 4182662.922713325824589, 7516267.438748608343303 ], [ 4182667.641289016231894, 7516241.834944548085332 ], [ 4182670.84320223890245, 7516223.57303679920733 ], [ 4182675.116687705274671, 7516197.891193847171962 ], [ 4182678.001165073364973, 7516179.576464441604912 ], [ 4182681.828272933140397, 7516153.824319229461253 ], [ 4182684.394445488229394, 7516135.462285537272692 ], [ 4182687.774022803641856, 7516109.647596038877964 ], [ 4182690.021117478143424, 7516091.243789682164788 ], [ 4182692.952146141789854, 7516065.374332650564611 ], [ 4182694.879485991317779, 7516046.934297835454345 ], [ 4182697.361083025578409, 7516021.017866482958198 ], [ 4182698.96808743244037, 7516002.547158328816295 ], [ 4182700.999505246058106, 7515976.591560078784823 ], [ 4182702.285690094809979, 7515958.095742945559323 ], [ 4182703.866316711530089, 7515932.108797090128064 ], [ 4182704.831294535659254, 7515913.593442901968956 ], [ 4182705.960653793532401, 7515887.582977966405451 ], [ 4182706.604133889544755, 7515869.053664535284042 ], [ 4182707.28188556060195, 7515843.027516371570528 ], [ 4182707.603674078825861, 7515824.489825710654259 ], [ 4182707.829613991547376, 7515798.455834676511586 ], [ 4182707.829613991547376, 7515779.91535132471472 ], [ 4182707.603674078825861, 7515753.881360290572047 ], [ 4182707.28188556060195, 7515735.343669629655778 ], [ 4182706.604133889544755, 7515709.317521465942264 ], [ 4182705.960653793532401, 7515690.788208034820855 ], [ 4182704.831294535659254, 7515664.77774309925735 ], [ 4182703.866316711530089, 7515646.262388911098242 ], [ 4182702.285690094809979, 7515620.275443055666983 ], [ 4182700.999505246058106, 7515601.779625922441483 ], [ 4182698.96808743244037, 7515575.824027672410011 ], [ 4182697.361083025578409, 7515557.353319518268108 ], [ 4182694.879485991317779, 7515531.436888165771961 ], [ 4182692.952146141789854, 7515512.996853350661695 ], [ 4182690.021117478143424, 7515487.127396319061518 ], [ 4182687.774022803641856, 7515468.723589962348342 ], [ 4182684.394445488229394, 7515442.908900463953614 ], [ 4182681.828272933140397, 7515424.546866771765053 ], [ 4182678.001165073364973, 7515398.794721559621394 ], [ 4182675.116687705274671, 7515380.479992154054344 ], [ 4182670.84320223890245, 7515354.798149202018976 ], [ 4182667.641289016231894, 7515336.536241453140974 ], [ 4182662.922713325824589, 7515310.932437392883003 ], [ 4182659.404328834731132, 7515292.728852760978043 ], [ 4182654.242084421683103, 7515267.210800911299884 ], [ 4182650.408288586884737, 7515249.071023283526301 ], [ 4182644.803930590394884, 7515223.646411014720798 ], [ 4182640.655878355260938, 7515205.575905057601631 ], [ 4182634.611095119267702, 7515180.252391669899225 ], [ 4182630.150036098435521, 7515162.256601180881262 ], [ 4182623.666648593731225, 7515137.041815305128694 ], [ 4182618.893926694523543, 7515119.126161575317383 ], [ 4182611.973888112232089, 7515094.027699440717697 ], [ 4182606.890941133722663, 7515076.197579618543386 ], [ 4182599.536336126737297, 7515051.223002100363374 ], [ 4182594.144695322029293, 7515033.483787564560771 ], [ 4182586.357739496510476, 7515008.640618362464011 ], [ 4182580.659029115457088, 7514990.99765311088413 ], [ 4182572.44206830766052, 7514966.293376283720136 ], [ 4182566.438005104195327, 7514948.751975314691663 ], [ 4182557.79351472761482, 7514924.194033185020089 ], [ 4182551.485907446127385, 7514906.759480902925134 ], [ 4182542.41649164352566, 7514882.355271522887051 ], [ 4182535.807240470312536, 7514865.032820142805576 ], [ 4182526.315631449688226, 7514840.789695410057902 ], [ 4182519.406727442983538, 7514823.584563376381993 ], [ 4182509.495784613769501, 7514799.509826684370637 ], [ 4182502.289309103507549, 7514782.427197096869349 ], [ 4182491.962018117774278, 7514758.528100913390517 ], [ 4182484.460142077878118, 7514741.573119970969856 ], [ 4182473.719614089932293, 7514717.856864035129547 ], [ 4182465.924597484059632, 7514701.03463947866112 ], [ 4182454.774068107362837, 7514677.508368376642466 ], [ 4182446.688259209971875, 7514660.82396795693785 ], [ 4182435.131087576039135, 7514637.494769052602351 ], [ 4182426.756922262720764, 7514620.953218998387456 ], [ 4182414.796590011101216, 7514597.828120295889676 ], [ 4182406.136591026093811, 7514581.434403802268207 ], [ 4182393.776701250113547, 7514558.520371820777655 ], [ 4182384.83347744634375, 7514542.279427547939122 ], [ 4182372.07775359833613, 7514519.583365205675364 ], [ 4182362.853999150451273, 7514503.500085789710283 ], [ 4182349.706283932551742, 7514481.028830345720053 ], [ 4182340.204777526203543, 7514465.108060926198959 ], [ 4182326.669031715486199, 7514442.868381896056235 ], [ 4182316.892635710071772, 7514427.114918656647205 ], [ 4182302.972937007434666, 7514405.113515838049352 ], [ 4182292.924596573691815, 7514389.532104560174048 ], [ 4182278.625138353090733, 7514367.775605977512896 ], [ 4182268.307880586013198, 7514352.370940610766411 ], [ 4182253.632970559876412, 7514330.865900408476591 ], [ 4182243.049903566483408, 7514315.642621658742428 ], [ 4182228.003962657880038, 7514294.395518388599157 ], [ 4182217.158274621237069, 7514279.358212316408753 ], [ 4182201.745835392735898, 7514258.37544662784785 ], [ 4182190.64079361082986, 7514243.52864327095449 ], [ 4182174.866499193478376, 7514222.816536404192448 ], [ 4182163.505449096672237, 7514208.164708409458399 ], [ 4182147.37405146472156, 7514187.729499846696854 ], [ 4182135.760415604803711, 7514173.277061124332249 ], [ 4182119.276774454861879, 7514153.124907114543021 ], [ 4182107.414051478262991, 7514138.876211509108543 ], [ 4182090.583132504485548, 7514119.013182887807488 ], [ 4182078.474896093364805, 7514104.972522864118218 ], [ 4182061.301769772544503, 7514085.404603555798531 ], [ 4182048.951667573302984, 7514071.576208907179534 ], [ 4182031.441507239360362, 7514052.309293667785823 ], [ 4182018.853259759023786, 7514038.697330242954195 ], [ 4182001.011340440716594, 7514019.737223336473107 ], [ 4181988.188739929813892, 7514006.345791784115136 ], [ 4181970.020436603110284, 7513987.698205045424402 ], [ 4181956.967345911078155, 7513974.531339576467872 ], [ 4181938.47813183022663, 7513956.201890644617379 ], [ 4181925.198483243118972, 7513943.263557819649577 ], [ 4181906.393928295001388, 7513925.257768449373543 ], [ 4181892.891722348984331, 7513912.551865982823074 ], [ 4181873.77749146008864, 7513894.875160477124155 ], [ 4181860.056795738171786, 7513882.405516063794494 ], [ 4181840.638647254090756, 7513865.063219694420695 ], [ 4181826.703595160972327, 7513852.833589853718877 ], [ 4181806.987378725782037, 7513835.830926922149956 ], [ 4181792.842168239410967, 7513823.844995869323611 ], [ 4181772.833823437336832, 7513807.187088494189084 ], [ 4181758.482715848833323, 7513795.448467031121254 ], [ 4181738.188270385377109, 7513779.140333565883338 ], [ 4181723.635589011479169, 7513767.652557987719774 ], [ 4181703.061156470794231, 7513751.699111160822213 ], [ 4181688.311285353731364, 7513740.46564219892025 ], [ 4181667.463063979055732, 7513724.871688143350184 ], [ 4181652.520446565002203, 7513713.895909915678203 ], [ 4181631.40471697319299, 7513698.666146370582283 ], [ 4181616.273854773957282, 7513687.951365364715457 ], [ 4181594.89697800623253, 7513673.090380247682333 ], [ 4181579.582429242320359, 7513662.639824327081442 ], [ 4181557.950845257844776, 7513648.152094631455839 ], [ 4181542.457223486620933, 7513637.968912059441209 ], [ 4181520.577448850963265, 7513623.858802248723805 ], [ 4181504.909421575255692, 7513613.946060741320252 ], [ 4181482.788047647103667, 7513600.217821532860398 ], [ 4181466.950334911700338, 7513590.578507335856557 ], [ 4181444.594025782309473, 7513577.236274380236864 ], [ 4181428.591398747637868, 7513567.873291367664933 ], [ 4181406.006889350712299, 7513554.92108407150954 ], [ 4181389.844168860930949, 7513545.837252872996032 ], [ 4181367.038262910675257, 7513533.278973162174225 ], [ 4181350.720318036619574, 7513524.477030309848487 ], [ 4181327.699885805603117, 7513512.31646136008203 ], [ 4181311.231632380746305, 7513503.799058468081057 ], [ 4181288.003608912229538, 7513492.039863726124167 ], [ 4181271.39000805048272, 7513483.809566688723862 ], [ 4181247.961390755604953, 7513472.45528859551996 ], [ 4181231.207447358872741, 7513464.514576817862689 ], [ 4181207.585294243413955, 7513453.568635918200016 ], [ 4181190.696055489592254, 7513445.919901564717293 ], [ 4181166.887482922058553, 7513435.385595410130918 ], [ 4181149.868036749772727, 7513428.031142685562372 ], [ 4181125.880216989200562, 7513417.911644702777267 ], [ 4181108.735690561123192, 7513410.853689160197973 ], [ 4181084.575850040186197, 7513401.152047891169786 ], [ 4181067.311408199369907, 7513394.392715762369335 ], [ 4181042.986825113650411, 7513385.111853847280145 ], [ 4181025.607668829616159, 7513378.653181403875351 ], [ 4181001.12567119859159, 7513369.79589479137212 ], [ 4180983.637035997118801, 7513363.639827727340162 ], [ 4180959.004998936783522, 7513355.208784641698003 ], [ 4180941.412153326440603, 7513349.357177493162453 ], [ 4180916.63749733613804, 7513341.354917824268341 ], [ 4180898.945741217583418, 7513335.809533406980336 ], [ 4180874.035929824225605, 7513328.238467885181308 ], [ 4180856.250592896714807, 7513323.000976763665676 ], [ 4180831.213130234275013, 7513315.863386189565063 ], [ 4180813.339570386335254, 7513310.935366174206138 ], [ 4180788.181998990941793, 7513304.23340074531734 ], [ 4180770.225600691512227, 7513299.616336419247091 ], [ 4180744.955499504227191, 7513293.352015164680779 ], [ 4180726.921672175172716, 7513289.047297432087362 ], [ 4180701.546653762925416, 7513283.222507461905479 ], [ 4180683.440830152947456, 7513279.231433133594692 ], [ 4180657.968538836110383, 7513273.847929192706943 ], [ 4180639.796173382550478, 7513270.171700593084097 ], [ 4180614.234282886609435, 7513265.2311045024544 ], [ 4180596.000850073527545, 7513261.87082910630852 ], [ 4180570.357060857117176, 7513257.374629206955433 ], [ 4180552.068053564522415, 7513254.331319308839738 ], [ 4180526.350091028958559, 7513250.28087011910975 ], [ 4180508.011018878780305, 7513247.555442525073886 ], [ 4180482.226630596444011, 7513243.951964246109128 ], [ 4180463.843018293846399, 7513241.545239999890327 ], [ 4180437.999971777200699, 7513238.389818176627159 ], [ 4180419.577357443980873, 7513236.30252231284976 ], [ 4180393.683438158128411, 7513233.596107548102736 ], [ 4180375.227371666580439, 7513231.82886887062341 ], [ 4180349.290380206890404, 7513229.572276473976672 ], [ 4180330.806421505752951, 7513228.125627368688583 ], [ 4180304.834171367343515, 7513226.319537138566375 ], [ 4180286.327888809144497, 7513225.193913414143026 ], [ 4180260.328204325400293, 7513223.838869448751211 ], [ 4180241.805172987282276, 7513223.034610202535987 ], [ 4180215.785886632744223, 7513222.131020711734891 ], [ 4180197.251686637289822, 7513221.648368229158223 ], [ 4180171.22063676500693, 7513221.196505420841277 ], [ 4180152.680851599667221, 7513221.035605102777481 ], [ 4180126.645880178082734, 7513221.035605102777481 ], [ 4180108.106095012743026, 7513221.196505420841277 ], [ 4180082.075045140460134, 7513221.648368229158223 ], [ 4180063.540845145005733, 7513222.131020711734891 ], [ 4180037.52155879046768, 7513223.034610202535987 ], [ 4180018.998527452349663, 7513223.838869448751211 ], [ 4179992.998842968605459, 7513225.193913414143026 ], [ 4179974.49256041040644, 7513226.319537138566375 ], [ 4179948.520310271997005, 7513228.125627368688583 ], [ 4179930.036351570859551, 7513229.572276473976672 ], [ 4179904.099360111169517, 7513231.82886887062341 ], [ 4179885.643293619621545, 7513233.596107548102736 ], [ 4179859.749374333769083, 7513236.30252231284976 ], [ 4179841.326760000549257, 7513238.389818176627159 ], [ 4179815.483713483903557, 7513241.545239999890327 ], [ 4179797.100101181305945, 7513243.951964246109128 ], [ 4179771.31571289896965, 7513247.555442525073886 ], [ 4179752.976640748791397, 7513250.28087011910975 ], [ 4179727.25867821322754, 7513254.331319308839738 ], [ 4179708.96967092063278, 7513257.374629206955433 ], [ 4179683.325881704222411, 7513261.87082910630852 ], [ 4179665.092448891140521, 7513265.2311045024544 ], [ 4179639.530558395199478, 7513270.171700593084097 ], [ 4179621.358192941639572, 7513273.847929192706943 ], [ 4179595.8859016248025, 7513279.231433133594692 ], [ 4179577.780078014824539, 7513283.222507461905479 ], [ 4179552.405059602577239, 7513289.047297432087362 ], [ 4179534.371232273522764, 7513293.352015164680779 ], [ 4179509.101131095085293, 7513299.616336417384446 ], [ 4179491.144732795190066, 7513304.233400743454695 ], [ 4179465.987161381170154, 7513310.935366176068783 ], [ 4179448.113601533696055, 7513315.863386191427708 ], [ 4179423.076138881035149, 7513323.000976763665676 ], [ 4179405.290801953524351, 7513328.238467885181308 ], [ 4179380.380990560166538, 7513335.809533406980336 ], [ 4179362.689234441611916, 7513341.354917824268341 ], [ 4179337.914578451309353, 7513349.357177493162453 ], [ 4179320.321732840966433, 7513355.208784641698003 ], [ 4179295.689695780631155, 7513363.639827727340162 ], [ 4179278.201060579158366, 7513369.79589479137212 ], [ 4179253.719062948133796, 7513378.653181403875351 ], [ 4179236.339906664099544, 7513385.111853847280145 ], [ 4179212.015323578380048, 7513394.392715762369335 ], [ 4179194.750881737563759, 7513401.152047891169786 ], [ 4179170.591041216626763, 7513410.853689160197973 ], [ 4179153.446514788549393, 7513417.911644702777267 ], [ 4179129.458695027977228, 7513428.031142685562372 ], [ 4179112.439248855691403, 7513435.385595410130918 ], [ 4179088.630676288157701, 7513445.919901564717293 ], [ 4179071.741437534336001, 7513453.568635918200016 ], [ 4179048.119284418877214, 7513464.514576817862689 ], [ 4179031.365341022145003, 7513472.45528859551996 ], [ 4179007.936723727267236, 7513483.809566688723862 ], [ 4178991.323122865520418, 7513492.039863726124167 ], [ 4178968.095099397003651, 7513503.799058468081057 ], [ 4178951.626845972146839, 7513512.31646136008203 ], [ 4178928.606413741130382, 7513524.477030309848487 ], [ 4178912.288468867074698, 7513533.278973162174225 ], [ 4178889.482562916819006, 7513545.837252872996032 ], [ 4178873.319842427037656, 7513554.92108407150954 ], [ 4178850.735333030112088, 7513567.873291367664933 ], [ 4178834.732705995440483, 7513577.236274380236864 ], [ 4178812.376396866049618, 7513590.578507335856557 ], [ 4178796.538684130646288, 7513600.217821532860398 ], [ 4178774.417310202494264, 7513613.946060741320252 ], [ 4178758.749282926786691, 7513623.858802248723805 ], [ 4178736.869508291129023, 7513637.968912059441209 ], [ 4178721.37588651990518, 7513648.152094631455839 ], [ 4178699.744302535429597, 7513662.639824327081442 ], [ 4178684.429753771517426, 7513673.090380247682333 ], [ 4178663.052877003792673, 7513687.951365364715457 ], [ 4178647.922014804556966, 7513698.666146370582283 ], [ 4178626.806285212747753, 7513713.895909915678203 ], [ 4178611.863667798694223, 7513724.871688143350184 ], [ 4178591.015446424018592, 7513740.46564219892025 ], [ 4178576.265575306955725, 7513751.699111160822213 ], [ 4178555.691142766270787, 7513767.652557987719774 ], [ 4178541.138461392372847, 7513779.140333565883338 ], [ 4178520.844015928916633, 7513795.448467031121254 ], [ 4178506.492908340413123, 7513807.187088494189084 ], [ 4178486.484563538338989, 7513823.844995869323611 ], [ 4178472.339353051967919, 7513835.830926922149956 ], [ 4178452.623136616777629, 7513852.833589853718877 ], [ 4178438.688084523659199, 7513865.063219694420695 ], [ 4178419.26993603957817, 7513882.405516063794494 ], [ 4178405.549240317661315, 7513894.875160477124155 ], [ 4178386.435009428765625, 7513912.551865982823074 ], [ 4178372.932803482748568, 7513925.257768449373543 ], [ 4178354.128248534630984, 7513943.263557819649577 ], [ 4178340.848599947523326, 7513956.201890644617379 ], [ 4178322.359385866671801, 7513974.531339576467872 ], [ 4178309.306295174639672, 7513987.698205045424402 ], [ 4178291.137991847936064, 7514006.345791784115136 ], [ 4178278.315391337033361, 7514019.737223336473107 ], [ 4178260.47347201872617, 7514038.697330242954195 ], [ 4178247.885224538389593, 7514052.309293667785823 ], [ 4178230.375064204446971, 7514071.576208907179534 ], [ 4178218.024962005205452, 7514085.404603555798531 ], [ 4178200.851835684385151, 7514104.972522864118218 ], [ 4178188.743599273264408, 7514119.013182887807488 ], [ 4178171.912680299486965, 7514138.876211509108543 ], [ 4178160.049957322888076, 7514153.124907114543021 ], [ 4178143.566316172946244, 7514173.277061124332249 ], [ 4178131.952680313028395, 7514187.729499846696854 ], [ 4178115.821282681077719, 7514208.164708409458399 ], [ 4178104.46023258427158, 7514222.816536404192448 ], [ 4178088.685938166920096, 7514243.52864327095449 ], [ 4178077.580896385014057, 7514258.37544662784785 ], [ 4178062.168457156512886, 7514279.358212316408753 ], [ 4178051.322769119869918, 7514294.395518388599157 ], [ 4178036.276828211266547, 7514315.642621658742428 ], [ 4178025.693761217873544, 7514330.865900408476591 ], [ 4178011.018851191736758, 7514352.370940610766411 ], [ 4178000.701593424659222, 7514367.775605977512896 ], [ 4177986.402135204058141, 7514389.532104560174048 ], [ 4177976.353794770315289, 7514405.113515838049352 ], [ 4177962.434096067678183, 7514427.114918656647205 ], [ 4177952.657700062263757, 7514442.868381896056235 ], [ 4177939.121954251546413, 7514465.108060926198959 ], [ 4177929.620447845198214, 7514481.028830345720053 ], [ 4177916.472732627298683, 7514503.500085789710283 ], [ 4177907.248978179413825, 7514519.583365205675364 ], [ 4177894.493254331406206, 7514542.279427547939122 ], [ 4177885.550030527636409, 7514558.520371820777655 ], [ 4177873.190140751656145, 7514581.434403802268207 ], [ 4177864.53014176664874, 7514597.828120295889676 ], [ 4177852.569809515029192, 7514620.953218998387456 ], [ 4177844.19564420171082, 7514637.494769052602351 ], [ 4177832.638472567778081, 7514660.82396795693785 ], [ 4177824.552663670387119, 7514677.508368376642466 ], [ 4177813.402134293690324, 7514701.03463947866112 ], [ 4177805.607117687817663, 7514717.856864035129547 ], [ 4177794.866589699871838, 7514741.573119970969856 ], [ 4177787.364713659975678, 7514758.528100913390517 ], [ 4177777.037422674242407, 7514782.427197096869349 ], [ 4177769.830947163980454, 7514799.509826684370637 ], [ 4177759.920004334766418, 7514823.584563376381993 ], [ 4177753.01110032806173, 7514840.789695410057902 ], [ 4177743.51949130743742, 7514865.032820142805576 ], [ 4177736.910240134224296, 7514882.355271522887051 ], [ 4177727.840824331622571, 7514906.759480902925134 ], [ 4177721.533217050135136, 7514924.194033185020089 ], [ 4177712.888726673554629, 7514948.751975314691663 ], [ 4177706.884663470089436, 7514966.293376283720136 ], [ 4177698.667702662292868, 7514990.99765311088413 ], [ 4177692.96899228123948, 7515008.640618362464011 ], [ 4177685.182036455720663, 7515033.483787564560771 ], [ 4177679.790395651012659, 7515051.223002100363374 ], [ 4177672.435790644027293, 7515076.197579618543386 ], [ 4177667.352843665517867, 7515094.027699440717697 ], [ 4177660.432805083226413, 7515119.126161575317383 ], [ 4177655.660083184018731, 7515137.041815305128694 ], [ 4177649.176695679314435, 7515162.256601180881262 ], [ 4177644.715636658482254, 7515180.252391669899225 ], [ 4177638.670853422489017, 7515205.575905057601631 ], [ 4177634.522801187355071, 7515223.646411014720798 ], [ 4177628.918443190865219, 7515249.071023283526301 ], [ 4177625.084647356066853, 7515267.210800911299884 ], [ 4177619.922402943018824, 7515292.728852760978043 ], [ 4177616.404018451925367, 7515310.932437392883003 ], [ 4177611.685442761518061, 7515336.536241453140974 ], [ 4177608.483529538847506, 7515354.798149202018976 ], [ 4177604.210044072475284, 7515380.479992154054344 ], [ 4177601.325566704384983, 7515398.794721559621394 ], [ 4177597.498458844609559, 7515424.546866771765053 ], [ 4177594.932286289520562, 7515442.908900463953614 ], [ 4177591.5527089741081, 7515468.723589962348342 ], [ 4177589.305614299606532, 7515487.127396319061518 ], [ 4177586.374585635960102, 7515512.996853350661695 ], [ 4177584.447245786432177, 7515531.436888165771961 ], [ 4177581.965648752171546, 7515557.353319518268108 ], [ 4177580.358644345309585, 7515575.824027672410011 ], [ 4177578.327226531691849, 7515601.779625922441483 ], [ 4177577.041041682939976, 7515620.275443055666983 ], [ 4177575.460415066219866, 7515646.262388911098242 ], [ 4177574.495437242090702, 7515664.77774309925735 ], [ 4177573.366077984217554, 7515690.788208034820855 ], [ 4177572.7225978882052, 7515709.317521465942264 ], [ 4177572.044846217148006, 7515735.343669629655778 ], [ 4177571.723057698924094, 7515753.881360290572047 ], [ 4177571.49711778620258, 7515779.91535132471472 ], [ 4177571.49711778620258, 7515798.455834676511586 ], [ 4177571.723057698924094, 7515824.489825710654259 ], [ 4177572.044846217148006, 7515843.027516371570528 ], [ 4177572.7225978882052, 7515869.053664535284042 ], [ 4177573.366077984217554, 7515887.582977966405451 ], [ 4177574.495437242090702, 7515913.593442901968956 ], [ 4177575.460415066219866, 7515932.108797090128064 ], [ 4177577.041041682939976, 7515958.095742945559323 ], [ 4177578.327226531691849, 7515976.591560078784823 ], [ 4177580.358644345309585, 7516002.547158328816295 ], [ 4177581.965648752171546, 7516021.017866482958198 ], [ 4177584.447245786432177, 7516046.934297835454345 ], [ 4177586.374585635960102, 7516065.374332650564611 ], [ 4177589.305614299606532, 7516091.243789682164788 ], [ 4177591.5527089741081, 7516109.647596038877964 ], [ 4177594.932286289520562, 7516135.462285537272692 ], [ 4177597.498458844609559, 7516153.824319229461253 ], [ 4177601.325566704384983, 7516179.576464441604912 ], [ 4177604.210044072475284, 7516197.891193847171962 ], [ 4177608.483529538847506, 7516223.57303679920733 ], [ 4177611.685442761518061, 7516241.834944548085332 ], [ 4177616.404018451925367, 7516267.438748608343303 ], [ 4177619.922402943018824, 7516285.642333240248263 ], [ 4177625.084647356066853, 7516311.160385089926422 ], [ 4177628.918443190865219, 7516329.300162717700005 ], [ 4177634.522801187355071, 7516354.724774986505508 ], [ 4177638.670853422489017, 7516372.795280943624675 ], [ 4177644.715636658482254, 7516398.118794331327081 ], [ 4177649.176695679314435, 7516416.114584820345044 ], [ 4177655.660083184018731, 7516441.329370696097612 ], [ 4177660.432805083226413, 7516459.245024425908923 ], [ 4177667.352843665517867, 7516484.343486560508609 ], [ 4177672.435790644027293, 7516502.17360638268292 ], [ 4177679.790395651012659, 7516527.148183900862932 ], [ 4177685.182036455720663, 7516544.887398436665535 ], [ 4177692.96899228123948, 7516569.730567638762295 ], [ 4177698.667702662292868, 7516587.373532890342176 ], [ 4177706.884663470089436, 7516612.07780971750617 ], [ 4177712.888726673554629, 7516629.619210686534643 ], [ 4177721.533217050135136, 7516654.177152816206217 ], [ 4177727.840824331622571, 7516671.611705098301172 ], [ 4177736.910240134224296, 7516696.015914478339255 ], [ 4177743.51949130743742, 7516713.33836585842073 ], [ 4177753.01110032806173, 7516737.581490591168404 ], [ 4177759.920004334766418, 7516754.786622624844313 ], [ 4177769.830947163980454, 7516778.861359316855669 ], [ 4177777.037422674242407, 7516795.943988904356956 ], [ 4177787.364713659975678, 7516819.843085087835789 ], [ 4177794.866589699871838, 7516836.79806603025645 ], [ 4177805.607117687817663, 7516860.514321966096759 ], [ 4177813.402134293690324, 7516877.336546522565186 ], [ 4177824.552663670387119, 7516900.86281762458384 ], [ 4177832.638472567778081, 7516917.547218044288456 ], [ 4177844.19564420171082, 7516940.876416948623955 ], [ 4177852.569809515029192, 7516957.41796700283885 ], [ 4177864.53014176664874, 7516980.54306570533663 ], [ 4177873.190140751656145, 7516996.936782198958099 ], [ 4177885.550030527636409, 7517019.850814180448651 ], [ 4177894.493254331406206, 7517036.091758453287184 ], [ 4177907.248978179413825, 7517058.787820795550942 ], [ 4177916.472732627298683, 7517074.871100211516023 ], [ 4177929.620447845198214, 7517097.342355655506253 ], [ 4177939.121954251546413, 7517113.263125075027347 ], [ 4177952.657700062263757, 7517135.502804105170071 ], [ 4177962.434096067678183, 7517151.256267344579101 ], [ 4177976.353794770315289, 7517173.257670163176954 ], [ 4177986.402135204058141, 7517188.839081441052258 ], [ 4178000.701593424659222, 7517210.59558002371341 ], [ 4178011.018851191736758, 7517226.000245390459895 ], [ 4178025.693761217873544, 7517247.505285592749715 ], [ 4178036.276828211266547, 7517262.728564342483878 ], [ 4178051.322769119869918, 7517283.975667612627149 ], [ 4178062.168457156512886, 7517299.012973684817553 ], [ 4178077.580896385014057, 7517319.995739373378456 ], [ 4178088.685938166920096, 7517334.842542730271816 ], [ 4178104.46023258427158, 7517355.554649597033858 ], [ 4178115.821282681077719, 7517370.206477591767907 ], [ 4178131.952680313028395, 7517390.641686154529452 ], [ 4178143.566316172946244, 7517405.094124876894057 ], [ 4178160.049957322888076, 7517425.246278886683285 ], [ 4178171.912680299486965, 7517439.494974492117763 ], [ 4178188.743599273264408, 7517459.358003113418818 ], [ 4178200.851835684385151, 7517473.398663137108088 ], [ 4178218.024962005205452, 7517492.966582445427775 ], [ 4178230.375064204446971, 7517506.794977094046772 ], [ 4178247.885224538389593, 7517526.061892333440483 ], [ 4178260.47347201872617, 7517539.673855758272111 ], [ 4178278.315391337033361, 7517558.633962664753199 ], [ 4178291.137991847936064, 7517572.02539421711117 ], [ 4178309.306295174639672, 7517590.672980955801904 ], [ 4178322.359385866671801, 7517603.839846424758434 ], [ 4178340.848599947523326, 7517622.169295356608927 ], [ 4178354.128248534630984, 7517635.107628181576729 ], [ 4178372.932803482748568, 7517653.113417551852763 ], [ 4178386.435009428765625, 7517665.819320018403232 ], [ 4178405.549240317661315, 7517683.496025524102151 ], [ 4178419.26993603957817, 7517695.965669937431812 ], [ 4178438.688084523659199, 7517713.307966306805611 ], [ 4178452.623136616777629, 7517725.537596147507429 ], [ 4178472.339353051967919, 7517742.54025907907635 ], [ 4178486.484563538338989, 7517754.526190131902695 ], [ 4178506.492908340413123, 7517771.184097507037222 ], [ 4178520.844015928916633, 7517782.922718970105052 ], [ 4178541.138461392372847, 7517799.230852435342968 ], [ 4178555.691142766270787, 7517810.718628013506532 ], [ 4178576.265575306955725, 7517826.672074840404093 ], [ 4178591.015446424018592, 7517837.905543802306056 ], [ 4178611.863667798694223, 7517853.499497857876122 ], [ 4178626.806285212747753, 7517864.475276085548103 ], [ 4178647.922014804556966, 7517879.705039630644023 ], [ 4178663.052877003792673, 7517890.419820636510849 ], [ 4178684.429753771517426, 7517905.280805753543973 ], [ 4178699.744302535429597, 7517915.731361674144864 ], [ 4178721.37588651990518, 7517930.219091369770467 ], [ 4178736.869508291129023, 7517940.402273941785097 ], [ 4178758.749282926786691, 7517954.512383752502501 ], [ 4178774.417310202494264, 7517964.425125259906054 ], [ 4178796.538684130646288, 7517978.153364468365908 ], [ 4178812.376396866049618, 7517987.792678665369749 ], [ 4178834.732705995440483, 7518001.134911620989442 ], [ 4178850.735333030112088, 7518010.497894633561373 ], [ 4178873.319842427037656, 7518023.450101929716766 ], [ 4178889.482562916819006, 7518032.533933128230274 ], [ 4178912.288468867074698, 7518045.092212839052081 ], [ 4178928.606413741130382, 7518053.894155691377819 ], [ 4178951.626845972146839, 7518066.054724641144276 ], [ 4178968.095099397003651, 7518074.572127533145249 ], [ 4178991.323122865520418, 7518086.331322275102139 ], [ 4179007.936723727267236, 7518094.561619312502444 ], [ 4179031.365341022145003, 7518105.915897405706346 ], [ 4179048.119284418877214, 7518113.856609183363616 ], [ 4179071.741437534336001, 7518124.80255008302629 ], [ 4179088.630676288157701, 7518132.451284436509013 ], [ 4179112.439248855691403, 7518142.985590591095388 ], [ 4179129.458695027977228, 7518150.340043315663934 ], [ 4179153.446514788549393, 7518160.459541298449039 ], [ 4179170.591041216626763, 7518167.517496841028333 ], [ 4179194.750881737563759, 7518177.21913811005652 ], [ 4179212.015323578380048, 7518183.978470238856971 ], [ 4179236.339906664099544, 7518193.259332153946161 ], [ 4179253.719062948133796, 7518199.718004597350955 ], [ 4179278.201060579158366, 7518208.575291209854186 ], [ 4179295.689695780631155, 7518214.731358273886144 ], [ 4179320.321732840966433, 7518223.162401359528303 ], [ 4179337.914578451309353, 7518229.014008508063853 ], [ 4179362.689234441611916, 7518237.016268176957965 ], [ 4179380.380990560166538, 7518242.56165259424597 ], [ 4179405.290801953524351, 7518250.132718116044998 ], [ 4179423.076138881035149, 7518255.37020923756063 ], [ 4179448.113601543474942, 7518262.507799811661243 ], [ 4179465.987161391414702, 7518267.435819827020168 ], [ 4179491.144732786808163, 7518274.137785255908966 ], [ 4179509.101131086237729, 7518278.754849581979215 ], [ 4179534.371232273522764, 7518285.019170836545527 ], [ 4179552.405059602577239, 7518289.323888569138944 ], [ 4179577.780078014824539, 7518295.148678539320827 ], [ 4179595.8859016248025, 7518299.139752867631614 ], [ 4179621.358192941639572, 7518304.523256808519363 ], [ 4179639.530558395199478, 7518308.199485408142209 ], [ 4179665.092448891140521, 7518313.140081498771906 ], [ 4179683.325881704222411, 7518316.500356894917786 ], [ 4179708.96967092063278, 7518320.996556794270873 ], [ 4179727.25867821322754, 7518324.039866692386568 ], [ 4179752.976640748791397, 7518328.090315882116556 ], [ 4179771.31571289896965, 7518330.81574347615242 ], [ 4179797.100101181305945, 7518334.419221755117178 ], [ 4179815.483713483903557, 7518336.825946001335979 ], [ 4179841.326760000549257, 7518339.981367824599147 ], [ 4179859.749374333769083, 7518342.068663688376546 ], [ 4179885.643293619621545, 7518344.775078453123569 ], [ 4179904.099360111169517, 7518346.542317130602896 ], [ 4179930.036351570859551, 7518348.798909527249634 ], [ 4179948.520310271997005, 7518350.245558632537723 ], [ 4179974.49256041040644, 7518352.051648862659931 ], [ 4179992.998842968605459, 7518353.17727258708328 ], [ 4180018.998527452349663, 7518354.532316552475095 ], [ 4180037.52155879046768, 7518355.336575798690319 ], [ 4180063.540845145005733, 7518356.240165289491415 ], [ 4180082.075045140460134, 7518356.722817772068083 ], [ 4180108.106095012743026, 7518357.174680580385029 ], [ 4180126.645880178082734, 7518357.335580898448825 ] ] ] ] } },
{ "type": "Feature", "properties": { "id": null }, "geometry": { "type": "MultiPolygon", "coordinates": [ [ [ [ 4184742.596506687346846, 7519830.885379186831415 ], [ 4184768.776113060768694, 7519830.885379186831415 ], [ 4184778.462413640227169, 7519830.800848122686148 ], [ 4184804.638032987248152, 7519830.343950986862183 ], [ 4184814.321383025497198, 7519830.090383541770279 ], [ 4184840.485041575040668, 7519829.176728451624513 ], [ 4184850.162491430528462, 7519828.754201865755022 ], [ 4184876.306219609919935, 7519827.384067130275071 ], [ 4184885.974821436684579, 7519826.792710109613836 ], [ 4184912.090655703563243, 7519824.966513078659773 ], [ 4184921.747464352753013, 7519824.206505755893886 ], [ 4184947.827449703589082, 7519821.924802692607045 ], [ 4184957.469523617066443, 7519820.996376572176814 ], [ 4184983.505715406965464, 7519818.25986254401505 ], [ 4184993.130117516033351, 7519817.163300435058773 ], [ 4185019.114585103932768, 7519813.972808992490172 ], [ 4185028.718383722472936, 7519812.708444918505847 ], [ 4185054.643212185706943, 7519809.064947886392474 ], [ 4185064.223481903318316, 7519807.63316698372364 ], [ 4185090.080773911904544, 7519803.537774261087179 ], [ 4185099.634596485644579, 7519801.939012665301561 ], [ 4185125.416476033162326, 7519797.392971687950194 ], [ 4185134.940941276494414, 7519795.627716396003962 ], [ 4185160.639554620720446, 7519790.632411989383399 ], [ 4185170.131761288736016, 7519788.701200716197491 ], [ 4185195.73928055819124, 7519783.25815446767956 ], [ 4185205.196337233763188, 7519781.161575478501618 ], [ 4185230.704962093848735, 7519775.272445399314165 ], [ 4185240.123988064471632, 7519773.011137332767248 ], [ 4185265.525948432274163, 7519766.677717286162078 ], [ 4185274.904074572492391, 7519764.252368957735598 ], [ 4185300.191632531117648, 7519757.476588224060833 ], [ 4185309.526002172846347, 7519754.887938419356942 ], [ 4185334.691455226391554, 7519747.671860875561833 ], [ 4185343.97922502970323, 7519744.920698121190071 ], [ 4185369.014907181728631, 7519737.266521954908967 ], [ 4185378.253248001914471, 7519734.35368428286165 ], [ 4185403.151533317286521, 7519726.263740980997682 ], [ 4185412.337631066329777, 7519723.190115669742227 ], [ 4185437.090935272164643, 7519714.666869512759149 ], [ 4185446.221991776488721, 7519711.433392818085849 ], [ 4185470.822774854954332, 7519702.479440038092434 ], [ 4185479.896008705254644, 7519699.087096908129752 ], [ 4185504.336776932701468, 7519689.705164996907115 ], [ 4185513.34942433424294, 7519686.154988772235811 ], [ 4185537.622732774354517, 7519676.347935574129224 ], [ 4185546.572048387955874, 7519672.641007672995329 ], [ 4185570.670503196306527, 7519662.411820497363806 ], [ 4185579.553760973736644, 7519658.549270085990429 ], [ 4185603.470021659974009, 7519647.901064783334732 ], [ 4185612.284515674225986, 7519643.884068431332707 ], [ 4185636.011296829208732, 7519632.82008867431432 ], [ 4185644.754342100117356, 7519628.649869998916984 ], [ 4185668.28441649209708, 7519617.17348590772599 ], [ 4185676.953349804040045, 7519612.851315197534859 ], [ 4185700.279550056904554, 7519600.966022529639304 ], [ 4185708.871730768121779, 7519596.493216359056532 ], [ 4185731.986951404251158, 7519584.202635531313717 ], [ 4185740.499762253370136, 7519579.580556360073388 ], [ 4185763.39696191623807, 7519566.888431333005428 ], [ 4185771.827809819020331, 7519562.118487092666328 ], [ 4185794.500014130957425, 7519549.028683830052614 ], [ 4185802.846330969128758, 7519544.112327490933239 ], [ 4185825.286633560433984, 7519530.628833384253085 ], [ 4185833.54587696492672, 7519525.567562516778708 ], [ 4185855.74744241591543, 7519511.694484703242779 ], [ 4185863.917096541728824, 7519506.489841018803418 ], [ 4185885.873162035830319, 7519492.23140536993742 ], [ 4185893.950738326646388, 7519486.884974253363907 ], [ 4185915.654615649022162, 7519472.24552415125072 ], [ 4185923.637653597164899, 7519466.758934178389609 ], [ 4185945.082731894683093, 7519451.742928697727621 ], [ 4185952.9687997889705, 7519446.117851135320961 ], [ 4185974.148546284995973, 7519430.72986457310617 ], [ 4185981.935241953004152, 7519424.968012875877321 ], [ 4186002.8432053681463, 7519409.212732365354896 ], [ 4186010.528156907297671, 7519403.315861647948623 ], [ 4186031.157968331128359, 7519387.19808650482446 ], [ 4186038.738834830466658, 7519381.167993011884391 ], [ 4186059.08421030594036, 7519364.692632802762091 ], [ 4186066.558682560455054, 7519358.531153358519077 ], [ 4186086.613424686715007, 7519341.703226635232568 ], [ 4186093.979225898627192, 7519335.41223808657378 ], [ 4186113.737225604243577, 7519318.23687097709626 ], [ 4186120.992112080566585, 7519311.818289620801806 ], [ 4186140.447351319249719, 7519294.300713527947664 ], [ 4186147.589113150257617, 7519287.756494523957372 ], [ 4186166.735665202140808, 7519269.902045886963606 ], [ 4186173.762126938439906, 7519263.234182669781148 ], [ 4186192.594159816391766, 7519245.048299913294613 ], [ 4186199.503181129693985, 7519238.258823578245938 ], [ 4186218.014958428218961, 7519219.747046279720962 ], [ 4186224.804434763733298, 7519212.838024966418743 ], [ 4186242.990317556075752, 7519194.005992052145302 ], [ 4186249.658180773258209, 7519186.979530315846205 ], [ 4186267.512629482429475, 7519167.832978186197579 ], [ 4186274.056848485488445, 7519160.691216355189681 ], [ 4186291.574424471240491, 7519141.235977235250175 ], [ 4186297.993005828000605, 7519133.981090758927166 ], [ 4186315.168373003602028, 7519114.223090977407992 ], [ 4186321.459361552260816, 7519106.857289765030146 ], [ 4186338.287288221530616, 7519086.802547701634467 ], [ 4186344.448767665307969, 7519079.328075448051095 ], [ 4186360.924127925653011, 7519058.982699909247458 ], [ 4186366.954221418593079, 7519051.401833409443498 ], [ 4186383.071996533777565, 7519030.772022021003067 ], [ 4186388.968867251183838, 7519023.087070481851697 ], [ 4186404.724147752858698, 7519002.17910707835108 ], [ 4186410.485999450553209, 7518994.392411409877241 ], [ 4186425.873986055608839, 7518973.212664854712784 ], [ 4186431.499063617549837, 7518965.326596960425377 ], [ 4186446.515069007873535, 7518943.881518793292344 ], [ 4186452.001658981200308, 7518935.898480845615268 ], [ 4186466.641109139658511, 7518914.194603440351784 ], [ 4186471.987540256232023, 7518906.117027149535716 ], [ 4186486.245975884143263, 7518884.160961688496172 ], [ 4186491.450619568582624, 7518875.991307563148439 ], [ 4186505.323697371408343, 7518853.789742131717503 ], [ 4186510.384968239348382, 7518845.530498727224767 ], [ 4186523.868462396319956, 7518823.090196051634848 ], [ 4186528.78481873543933, 7518814.743879212997854 ], [ 4186541.874621979426593, 7518792.071674932725728 ], [ 4186546.644566219765693, 7518783.640827029943466 ], [ 4186559.336691323202103, 7518760.743627225980163 ], [ 4186563.958770493511111, 7518752.230816376395524 ], [ 4186576.249351244885474, 7518729.115595880895853 ], [ 4186580.722157415468246, 7518720.523415169678628 ], [ 4186592.607450040522963, 7518697.197215003892779 ], [ 4186596.929620751179755, 7518688.528281692415476 ], [ 4186608.406004870776087, 7518664.998207244090736 ], [ 4186612.576223546639085, 7518656.255161972716451 ], [ 4186623.640203332994133, 7518632.52838075440377 ], [ 4186627.657199684530497, 7518623.713886740617454 ], [ 4186638.305404972285032, 7518599.79762608744204 ], [ 4186642.167955383658409, 7518590.914368310011923 ], [ 4186652.397142548579723, 7518566.815913527272642 ], [ 4186656.104070449713618, 7518557.866597914136946 ], [ 4186665.911123677622527, 7518533.593289399519563 ], [ 4186669.461299902293831, 7518524.580641997046769 ], [ 4186678.843231794424355, 7518500.13987381849438 ], [ 4186682.235574924387038, 7518491.066639968194067 ], [ 4186691.189527688082308, 7518466.465856934897602 ], [ 4186694.423004382755607, 7518457.334800431504846 ], [ 4186702.946250542066991, 7518432.581496223807335 ], [ 4186706.019875853788108, 7518423.395398474298418 ], [ 4186714.109819190576673, 7518398.497113049961627 ], [ 4186717.022656862158328, 7518389.258772229775786 ], [ 4186724.676833032630384, 7518364.223090057261288 ], [ 4186727.427995786536485, 7518354.935320253483951 ], [ 4186734.644073276314884, 7518329.769867390394211 ], [ 4186737.232723081484437, 7518320.435497749596834 ], [ 4186744.008503865916282, 7518295.147939601913095 ], [ 4186746.433852193877101, 7518285.769813461229205 ], [ 4186752.767272202298045, 7518260.367853246629238 ], [ 4186755.028580269310623, 7518250.948827276006341 ], [ 4186760.917710361536592, 7518225.440202362835407 ], [ 4186763.014289350714535, 7518215.98314568772912 ], [ 4186768.457335605751723, 7518190.375626388937235 ], [ 4186770.388546878937632, 7518180.883419720456004 ], [ 4186775.383851295337081, 7518155.184806320816278 ], [ 4186777.149106586817652, 7518145.66034107748419 ], [ 4186781.695147541817278, 7518119.878461658023298 ], [ 4186783.293909138068557, 7518110.324639083817601 ], [ 4186787.389301870483905, 7518084.467347016558051 ], [ 4186788.821082773152739, 7518074.887077298946679 ], [ 4186792.464579795021564, 7518048.962248906493187 ], [ 4186793.72894386947155, 7518039.358450287953019 ], [ 4186796.919435320422053, 7518013.373982637189329 ], [ 4186798.015997429378331, 7518003.749580528587103 ], [ 4186800.752511472441256, 7517977.713388587348163 ], [ 4186801.680937591940165, 7517968.071314673870802 ], [ 4186803.962640636134893, 7517941.991329537704587 ], [ 4186804.722647959366441, 7517932.334520888514817 ], [ 4186806.548844991251826, 7517906.218686622567475 ], [ 4186807.140202012378722, 7517896.550084795802832 ], [ 4186808.510336755774915, 7517870.406356475315988 ], [ 4186808.932863341178745, 7517860.728906620293856 ], [ 4186809.846518430393189, 7517834.565248065628111 ], [ 4186810.100085875019431, 7517824.881898026913404 ], [ 4186810.556983007583767, 7517798.706278826110065 ], [ 4186810.641514072194695, 7517789.01997824665159 ], [ 4186810.641514072194695, 7517762.840371728874743 ], [ 4186810.556983007583767, 7517753.154071149416268 ], [ 4186810.100085875019431, 7517726.978451948612928 ], [ 4186809.846518430393189, 7517717.295101909898221 ], [ 4186808.932863341178745, 7517691.131443355232477 ], [ 4186808.510336755774915, 7517681.453993500210345 ], [ 4186807.140202012378722, 7517655.310265179723501 ], [ 4186806.548844991251826, 7517645.641663352958858 ], [ 4186804.722647959366441, 7517619.525829087011516 ], [ 4186803.962640636134893, 7517609.869020437821746 ], [ 4186801.680937591940165, 7517583.789035301655531 ], [ 4186800.752511472441256, 7517574.14696138817817 ], [ 4186798.015997429378331, 7517548.11076944693923 ], [ 4186796.919435320422053, 7517538.486367338337004 ], [ 4186793.72894386947155, 7517512.501899687573314 ], [ 4186792.464579795021564, 7517502.898101069033146 ], [ 4186788.821082773152739, 7517476.973272676579654 ], [ 4186787.389301870483905, 7517467.393002958968282 ], [ 4186783.293909138068557, 7517441.535710891708732 ], [ 4186781.695147541817278, 7517431.981888317503035 ], [ 4186777.149106586817652, 7517406.200008898042142 ], [ 4186775.383851295337081, 7517396.675543654710054 ], [ 4186770.388546878937632, 7517370.976930255070329 ], [ 4186768.457335605751723, 7517361.484723586589098 ], [ 4186763.014289350714535, 7517335.877204287797213 ], [ 4186760.917710361536592, 7517326.420147612690926 ], [ 4186755.028580269310623, 7517300.911522699519992 ], [ 4186752.767272202298045, 7517291.492496728897095 ], [ 4186746.433852193877101, 7517266.090536514297128 ], [ 4186744.008503865916282, 7517256.712410373613238 ], [ 4186737.232723081484437, 7517231.424852225929499 ], [ 4186734.644073276314884, 7517222.090482585132122 ], [ 4186727.427995786536485, 7517196.925029722042382 ], [ 4186724.676833032630384, 7517187.637259918265045 ], [ 4186717.022656862158328, 7517162.601577745750546 ], [ 4186714.109819190576673, 7517153.363236925564706 ], [ 4186706.019875853788108, 7517128.464951501227915 ], [ 4186702.946250542066991, 7517119.278853751718998 ], [ 4186694.423004382755607, 7517094.525549544021487 ], [ 4186691.189527688082308, 7517085.394493040628731 ], [ 4186682.235574924387038, 7517060.793710007332265 ], [ 4186678.843231794424355, 7517051.720476157031953 ], [ 4186669.461299902293831, 7517027.279707978479564 ], [ 4186665.911123677622527, 7517018.26706057600677 ], [ 4186656.104070449713618, 7516993.993752061389387 ], [ 4186652.397142548579723, 7516985.044436448253691 ], [ 4186642.167955383658409, 7516960.94598166551441 ], [ 4186638.305404972285032, 7516952.062723888084292 ], [ 4186627.657199684530497, 7516928.146463234908879 ], [ 4186623.640203332994133, 7516919.331969221122563 ], [ 4186612.576223546639085, 7516895.605188002809882 ], [ 4186608.406004870776087, 7516886.862142731435597 ], [ 4186596.929620751179755, 7516863.332068283110857 ], [ 4186592.607450040522963, 7516854.663134971633554 ], [ 4186580.722157415468246, 7516831.336934805847704 ], [ 4186576.249351244885474, 7516822.74475409463048 ], [ 4186563.958770493511111, 7516799.629533599130809 ], [ 4186559.336691323202103, 7516791.11672274954617 ], [ 4186546.644566219765693, 7516768.219522945582867 ], [ 4186541.874621979426593, 7516759.788675042800605 ], [ 4186528.78481873543933, 7516737.116470762528479 ], [ 4186523.868462396319956, 7516728.770153923891485 ], [ 4186510.384968239348382, 7516706.329851248301566 ], [ 4186505.323697371408343, 7516698.07060784380883 ], [ 4186491.450619568582624, 7516675.869042412377894 ], [ 4186486.245975884143263, 7516667.69938828703016 ], [ 4186471.987540256232023, 7516645.743322825990617 ], [ 4186466.641109139658511, 7516637.665746535174549 ], [ 4186452.001658981200308, 7516615.961869129911065 ], [ 4186446.515069007873535, 7516607.978831182233989 ], [ 4186431.499063617549837, 7516586.533753015100956 ], [ 4186425.873986055608839, 7516578.647685120813549 ], [ 4186410.485999450553209, 7516557.467938565649092 ], [ 4186404.724147752858698, 7516549.681242897175252 ], [ 4186388.968867251183838, 7516528.773279493674636 ], [ 4186383.071996533777565, 7516521.088327954523265 ], [ 4186366.954221418593079, 7516500.458516566082835 ], [ 4186360.924127925653011, 7516492.877650066278875 ], [ 4186344.448767665307969, 7516472.532274527475238 ], [ 4186338.287288221530616, 7516465.057802273891866 ], [ 4186321.459361552260816, 7516445.003060210496187 ], [ 4186315.168373003602028, 7516437.637258998118341 ], [ 4186297.993005828000605, 7516417.879259216599166 ], [ 4186291.574424471240491, 7516410.624372740276158 ], [ 4186274.056848485488445, 7516391.169133620336652 ], [ 4186267.512629482429475, 7516384.027371789328754 ], [ 4186249.658180773258209, 7516364.880819659680128 ], [ 4186242.990317556075752, 7516357.854357923381031 ], [ 4186224.804434763733298, 7516339.02232500910759 ], [ 4186218.014958428218961, 7516332.113303695805371 ], [ 4186199.503181129693985, 7516313.601526397280395 ], [ 4186192.594159816391766, 7516306.812050062231719 ], [ 4186173.762126938439906, 7516288.626167305745184 ], [ 4186166.735665202140808, 7516281.958304088562727 ], [ 4186147.589113150257617, 7516264.103855451568961 ], [ 4186140.447351319249719, 7516257.559636447578669 ], [ 4186120.992112080566585, 7516240.042060354724526 ], [ 4186113.737225604243577, 7516233.623478998430073 ], [ 4186093.979225898627192, 7516216.448111888952553 ], [ 4186086.613424686715007, 7516210.157123340293765 ], [ 4186066.558682560455054, 7516193.329196617007256 ], [ 4186059.08421030594036, 7516187.167717172764242 ], [ 4186038.738834830466658, 7516170.692356963641942 ], [ 4186031.157968331128359, 7516164.662263470701873 ], [ 4186010.528156907297671, 7516148.54448832757771 ], [ 4186002.8432053681463, 7516142.647617610171437 ], [ 4185981.935241953004152, 7516126.892337099649012 ], [ 4185974.148546284995973, 7516121.130485402420163 ], [ 4185952.9687997889705, 7516105.742498840205371 ], [ 4185945.082731894683093, 7516100.117421277798712 ], [ 4185923.637653597164899, 7516085.101415797136724 ], [ 4185915.654615649022162, 7516079.614825824275613 ], [ 4185893.950738326646388, 7516064.975375722162426 ], [ 4185885.873162035830319, 7516059.628944605588913 ], [ 4185863.917096541728824, 7516045.370508956722915 ], [ 4185855.74744241591543, 7516040.165865272283554 ], [ 4185833.54587696492672, 7516026.292787458747625 ], [ 4185825.286633560433984, 7516021.231516591273248 ], [ 4185802.846330969128758, 7516007.748022484593093 ], [ 4185794.500014130957425, 7516002.831666145473719 ], [ 4185771.827809819020331, 7515989.741862882860005 ], [ 4185763.39696191623807, 7515984.971918642520905 ], [ 4185740.499762253370136, 7515972.279793615452945 ], [ 4185731.986951404251158, 7515967.657714444212615 ], [ 4185708.871730768121779, 7515955.3671336164698 ], [ 4185700.279550056904554, 7515950.894327445887029 ], [ 4185676.953349804040045, 7515939.009034777991474 ], [ 4185668.28441649209708, 7515934.686864067800343 ], [ 4185644.754342100117356, 7515923.210479976609349 ], [ 4185636.011296829208732, 7515919.040261301212013 ], [ 4185612.284515674225986, 7515907.976281544193625 ], [ 4185603.470021659974009, 7515903.959285192191601 ], [ 4185579.553760973736644, 7515893.311079889535904 ], [ 4185570.670503196306527, 7515889.448529478162527 ], [ 4185546.572048387955874, 7515879.219342302531004 ], [ 4185537.622732774354517, 7515875.512414401397109 ], [ 4185513.34942433424294, 7515865.705361203290522 ], [ 4185504.336776932701468, 7515862.155184978619218 ], [ 4185479.896008705254644, 7515852.773253067396581 ], [ 4185470.822774854954332, 7515849.380909937433898 ], [ 4185446.221991776488721, 7515840.426957157440484 ], [ 4185437.090935272164643, 7515837.193480462767184 ], [ 4185412.337631066329777, 7515828.670234305784106 ], [ 4185403.151533317286521, 7515825.596608994528651 ], [ 4185378.253248001914471, 7515817.506665692664683 ], [ 4185369.014907181728631, 7515814.593828020617366 ], [ 4185343.97922502970323, 7515806.939651854336262 ], [ 4185334.691455226391554, 7515804.188489099964499 ], [ 4185309.526002172846347, 7515796.972411556169391 ], [ 4185300.191632531117648, 7515794.383761751465499 ], [ 4185274.904074572492391, 7515787.607981017790735 ], [ 4185265.525948432274163, 7515785.182632689364254 ], [ 4185240.123988064471632, 7515778.849212642759085 ], [ 4185230.704962093848735, 7515776.587904576212168 ], [ 4185205.196337233763188, 7515770.698774497024715 ], [ 4185195.73928055819124, 7515768.602195507846773 ], [ 4185170.131761288736016, 7515763.159149259328842 ], [ 4185160.639554620720446, 7515761.227937986142933 ], [ 4185134.940941276494414, 7515756.232633579522371 ], [ 4185125.416476033162326, 7515754.467378287576139 ], [ 4185099.634596485644579, 7515749.921337310224771 ], [ 4185090.080773911904544, 7515748.322575714439154 ], [ 4185064.223481903318316, 7515744.227182991802692 ], [ 4185054.643212185706943, 7515742.795402089133859 ], [ 4185028.718383722472936, 7515739.151905057020485 ], [ 4185019.114585103932768, 7515737.88754098303616 ], [ 4184993.130117516033351, 7515734.69704954046756 ], [ 4184983.505715406965464, 7515733.600487431511283 ], [ 4184957.469523617066443, 7515730.863973403349519 ], [ 4184947.827449703589082, 7515729.935547282919288 ], [ 4184921.747464352753013, 7515727.653844219632447 ], [ 4184912.090655703563243, 7515726.89383689686656 ], [ 4184885.974821436684579, 7515725.067639865912497 ], [ 4184876.306219609919935, 7515724.476282845251262 ], [ 4184850.162491430528462, 7515723.106148109771311 ], [ 4184840.485041575040668, 7515722.68362152390182 ], [ 4184814.321383025497198, 7515721.769966433756053 ], [ 4184804.638032987248152, 7515721.51639898866415 ], [ 4184778.462413640227169, 7515721.059501852840185 ], [ 4184768.776113060768694, 7515720.974970788694918 ], [ 4184742.596506687346846, 7515720.974970788694918 ], [ 4184732.910206107888371, 7515721.059501852840185 ], [ 4184706.734586760867387, 7515721.51639898866415 ], [ 4184697.051236722618341, 7515721.769966433756053 ], [ 4184670.887578173074871, 7515722.68362152390182 ], [ 4184661.210128317587078, 7515723.106148109771311 ], [ 4184635.066400138195604, 7515724.476282845251262 ], [ 4184625.397798311430961, 7515725.067639865912497 ], [ 4184599.281964044552296, 7515726.89383689686656 ], [ 4184589.625155395362526, 7515727.653844219632447 ], [ 4184563.545170044526458, 7515729.935547282919288 ], [ 4184553.903096131049097, 7515730.863973403349519 ], [ 4184527.866904341150075, 7515733.600487431511283 ], [ 4184518.242502232082188, 7515734.69704954046756 ], [ 4184492.258034644182771, 7515737.88754098303616 ], [ 4184482.654236025642604, 7515739.151905057020485 ], [ 4184456.729407562408596, 7515742.795402089133859 ], [ 4184447.149137844797224, 7515744.227182991802692 ], [ 4184421.291845836210996, 7515748.322575714439154 ], [ 4184411.738023262470961, 7515749.921337310224771 ], [ 4184385.956143714953214, 7515754.467378287576139 ], [ 4184376.431678471621126, 7515756.232633579522371 ], [ 4184350.733065141364932, 7515761.227937983348966 ], [ 4184341.240858472883701, 7515763.159149256534874 ], [ 4184315.633339174091816, 7515768.602195511572063 ], [ 4184306.176282498985529, 7515770.698774500750005 ], [ 4184280.667657654266804, 7515776.587904576212168 ], [ 4184271.248631683643907, 7515778.849212642759085 ], [ 4184245.846671315841377, 7515785.182632689364254 ], [ 4184236.468545175623149, 7515787.607981017790735 ], [ 4184211.180987216997892, 7515794.383761751465499 ], [ 4184201.846617575269192, 7515796.972411556169391 ], [ 4184176.681164521723986, 7515804.188489099964499 ], [ 4184167.39339471841231, 7515806.939651854336262 ], [ 4184142.357712566386908, 7515814.593828020617366 ], [ 4184133.119371746201068, 7515817.506665692664683 ], [ 4184108.221086430829018, 7515825.596608994528651 ], [ 4184099.034988681785762, 7515828.670234305784106 ], [ 4184074.281684475950897, 7515837.193480462767184 ], [ 4184065.150627971626818, 7515840.426957157440484 ], [ 4184040.549844893161207, 7515849.380909937433898 ], [ 4184031.476611042860895, 7515852.773253067396581 ], [ 4184007.035842815414071, 7515862.155184978619218 ], [ 4183998.0231954138726, 7515865.705361203290522 ], [ 4183973.749886973761022, 7515875.512414401397109 ], [ 4183964.800571360159665, 7515879.219342302531004 ], [ 4183940.702116551809013, 7515889.448529478162527 ], [ 4183931.818858774378896, 7515893.311079889535904 ], [ 4183907.902598088141531, 7515903.959285192191601 ], [ 4183899.088104073889554, 7515907.976281544193625 ], [ 4183875.361322918906808, 7515919.040261301212013 ], [ 4183866.618277647998184, 7515923.210479976609349 ], [ 4183843.08820325601846, 7515934.686864067800343 ], [ 4183834.419269944075495, 7515939.009034777991474 ], [ 4183811.093069691210985, 7515950.894327445887029 ], [ 4183802.500888979993761, 7515955.3671336164698 ], [ 4183779.385668343864381, 7515967.657714444212615 ], [ 4183770.872857494745404, 7515972.279793615452945 ], [ 4183747.97565783187747, 7515984.971918642520905 ], [ 4183739.544809929095209, 7515989.741862882860005 ], [ 4183716.872605617158115, 7516002.831666145473719 ], [ 4183708.526288778986782, 7516007.748022484593093 ], [ 4183686.085986187681556, 7516021.231516591273248 ], [ 4183677.82674278318882, 7516026.292787458747625 ], [ 4183655.62517733220011, 7516040.165865272283554 ], [ 4183647.455523206386715, 7516045.370508956722915 ], [ 4183625.499457712285221, 7516059.628944605588913 ], [ 4183617.421881421469152, 7516064.975375722162426 ], [ 4183595.718004099093378, 7516079.614825824275613 ], [ 4183587.73496615095064, 7516085.101415797136724 ], [ 4183566.289887853432447, 7516100.117421277798712 ], [ 4183558.403819959145039, 7516105.742498840205371 ], [ 4183537.224073497578502, 7516121.130485376343131 ], [ 4183529.437377829104662, 7516126.89233707357198 ], [ 4183508.529414344578981, 7516142.647617637179792 ], [ 4183500.844462805893272, 7516148.544488354586065 ], [ 4183480.214651416987181, 7516164.662263470701873 ], [ 4183472.633784917648882, 7516170.692356963641942 ], [ 4183452.28840944217518, 7516187.167717172764242 ], [ 4183444.813937187660486, 7516193.329196617007256 ], [ 4183424.759195061400533, 7516210.157123340293765 ], [ 4183417.393393849488348, 7516216.448111888952553 ], [ 4183397.635394143871963, 7516233.623478998430073 ], [ 4183390.380507667548954, 7516240.042060354724526 ], [ 4183370.92526842886582, 7516257.559636447578669 ], [ 4183363.783506597857922, 7516264.103855451568961 ], [ 4183344.636954545974731, 7516281.958304088562727 ], [ 4183337.610492809675634, 7516288.626167305745184 ], [ 4183318.778459931723773, 7516306.812050062231719 ], [ 4183311.869438618421555, 7516313.601526397280395 ], [ 4183293.357661319896579, 7516332.113303695805371 ], [ 4183286.568184984382242, 7516339.02232500910759 ], [ 4183268.382302192039788, 7516357.854357923381031 ], [ 4183261.71443897485733, 7516364.880819659680128 ], [ 4183243.859990265686065, 7516384.027371789328754 ], [ 4183237.315771262627095, 7516391.169133620336652 ], [ 4183219.798195276875049, 7516410.624372740276158 ], [ 4183213.379613920114934, 7516417.879259216599166 ], [ 4183196.204246744513512, 7516437.637258998118341 ], [ 4183189.913258195854723, 7516445.003060210496187 ], [ 4183173.085331526584923, 7516465.057802273891866 ], [ 4183166.923852082807571, 7516472.532274527475238 ], [ 4183150.448491822462529, 7516492.877650066278875 ], [ 4183144.418398329522461, 7516500.458516566082835 ], [ 4183128.300623214337975, 7516521.088327954523265 ], [ 4183122.403752496931702, 7516528.773279493674636 ], [ 4183106.648471995256841, 7516549.681242897175252 ], [ 4183100.886620297562331, 7516557.467938565649092 ], [ 4183085.498633692506701, 7516578.647685120813549 ], [ 4183079.873556130565703, 7516586.533753015100956 ], [ 4183064.857550740242004, 7516607.978831182233989 ], [ 4183059.370960766915232, 7516615.961869129911065 ], [ 4183044.731510608457029, 7516637.665746535174549 ], [ 4183039.385079491883516, 7516645.743322825990617 ], [ 4183025.126643863972276, 7516667.69938828703016 ], [ 4183019.922000179532915, 7516675.869042412377894 ], [ 4183006.048922337125987, 7516698.070607908070087 ], [ 4183000.987651469185948, 7516706.329851313494146 ], [ 4182987.504157389048487, 7516728.770153861492872 ], [ 4182982.587801049929112, 7516737.116470699198544 ], [ 4182969.497997768688947, 7516759.788675042800605 ], [ 4182964.728053528349847, 7516768.219522945582867 ], [ 4182952.035928424913436, 7516791.11672274954617 ], [ 4182947.413849254604429, 7516799.629533599130809 ], [ 4182935.123268503230065, 7516822.74475409463048 ], [ 4182930.650462332647294, 7516831.336934805847704 ], [ 4182918.765169707592577, 7516854.663134971633554 ], [ 4182914.442998996935785, 7516863.332068283110857 ], [ 4182902.966614877339453, 7516886.862142731435597 ], [ 4182898.796396201476455, 7516895.605188002809882 ], [ 4182887.732416415121406, 7516919.331969221122563 ], [ 4182883.715420063585043, 7516928.146463234908879 ], [ 4182873.067214775830507, 7516952.062723888084292 ], [ 4182869.20466436445713, 7516960.94598166551441 ], [ 4182858.975477199535817, 7516985.044436448253691 ], [ 4182855.268549298401922, 7516993.993752061389387 ], [ 4182845.461496070493013, 7517018.26706057600677 ], [ 4182841.911319845821708, 7517027.279707978479564 ], [ 4182832.529387953691185, 7517051.720476157031953 ], [ 4182829.137044823728502, 7517060.793710007332265 ], [ 4182820.183092060033232, 7517085.394493040628731 ], [ 4182816.949615365359932, 7517094.525549544021487 ], [ 4182808.426369206048548, 7517119.278853751718998 ], [ 4182805.352743894327432, 7517128.464951501227915 ], [ 4182797.262800557538867, 7517153.363236925564706 ], [ 4182794.349962885957211, 7517162.601577745750546 ], [ 4182786.695786715485156, 7517187.637259918265045 ], [ 4182783.944623961579055, 7517196.925029722042382 ], [ 4182776.728546471800655, 7517222.090482585132122 ], [ 4182774.139896666631103, 7517231.424852225929499 ], [ 4182767.364115882199258, 7517256.712410373613238 ], [ 4182764.938767554238439, 7517266.090536514297128 ], [ 4182758.605347545817494, 7517291.492496728897095 ], [ 4182756.344039478804916, 7517300.911522699519992 ], [ 4182750.454909386578947, 7517326.420147612690926 ], [ 4182748.358330397401005, 7517335.877204287797213 ], [ 4182742.915284142363816, 7517361.484723586589098 ], [ 4182740.984072869177908, 7517370.976930255070329 ], [ 4182735.988768452778459, 7517396.675543654710054 ], [ 4182734.223513161297888, 7517406.200008898042142 ], [ 4182729.677472206298262, 7517431.981888317503035 ], [ 4182728.078710610046983, 7517441.535710891708732 ], [ 4182723.983317877631634, 7517467.393002958968282 ], [ 4182722.551536974962801, 7517476.973272676579654 ], [ 4182718.908039953093976, 7517502.898101069033146 ], [ 4182717.64367587864399, 7517512.501899687573314 ], [ 4182714.453184427693486, 7517538.486367338337004 ], [ 4182713.356622318737209, 7517548.11076944693923 ], [ 4182710.620108275674284, 7517574.14696138817817 ], [ 4182709.691682156175375, 7517583.789035301655531 ], [ 4182707.409979111980647, 7517609.869020437821746 ], [ 4182706.649971788749099, 7517619.525829087011516 ], [ 4182704.823774756863713, 7517645.641663352958858 ], [ 4182704.232417735736817, 7517655.310265179723501 ], [ 4182702.862282992340624, 7517681.453993500210345 ], [ 4182702.439756406936795, 7517691.131443355232477 ], [ 4182701.52610131772235, 7517717.295101909898221 ], [ 4182701.272533873096108, 7517726.978451948612928 ], [ 4182700.815636740531772, 7517753.154071149416268 ], [ 4182700.731105675920844, 7517762.840371728874743 ], [ 4182700.731105675920844, 7517789.01997824665159 ], [ 4182700.815636740531772, 7517798.706278826110065 ], [ 4182701.272533873096108, 7517824.881898026913404 ], [ 4182701.52610131772235, 7517834.565248065628111 ], [ 4182702.439756406936795, 7517860.728906620293856 ], [ 4182702.862282992340624, 7517870.406356475315988 ], [ 4182704.232417735736817, 7517896.550084795802832 ], [ 4182704.823774756863713, 7517906.218686622567475 ], [ 4182706.649971788749099, 7517932.334520888514817 ], [ 4182707.409979111980647, 7517941.991329537704587 ], [ 4182709.691682156175375, 7517968.071314673870802 ], [ 4182710.620108275674284, 7517977.713388587348163 ], [ 4182713.356622318737209, 7518003.749580528587103 ], [ 4182714.453184427693486, 7518013.373982637189329 ], [ 4182717.64367587864399, 7518039.358450287953019 ], [ 4182718.908039953093976, 7518048.962248906493187 ], [ 4182722.551536974962801, 7518074.887077298946679 ], [ 4182723.983317877631634, 7518084.467347016558051 ], [ 4182728.078710610046983, 7518110.324639083817601 ], [ 4182729.677472206298262, 7518119.878461658023298 ], [ 4182734.223513161297888, 7518145.66034107748419 ], [ 4182735.988768452778459, 7518155.184806320816278 ], [ 4182740.984072869177908, 7518180.883419720456004 ], [ 4182742.915284142363816, 7518190.375626388937235 ], [ 4182748.358330397401005, 7518215.98314568772912 ], [ 4182750.454909386578947, 7518225.440202362835407 ], [ 4182756.344039478804916, 7518250.948827276006341 ], [ 4182758.605347545817494, 7518260.367853246629238 ], [ 4182764.938767554238439, 7518285.769813461229205 ], [ 4182767.364115882199258, 7518295.147939601913095 ], [ 4182774.139896666631103, 7518320.435497749596834 ], [ 4182776.728546471800655, 7518329.769867390394211 ], [ 4182783.944623961579055, 7518354.935320253483951 ], [ 4182786.695786715485156, 7518364.223090057261288 ], [ 4182794.349962885957211, 7518389.258772229775786 ], [ 4182797.262800557538867, 7518398.497113049961627 ], [ 4182805.352743894327432, 7518423.395398474298418 ], [ 4182808.426369206048548, 7518432.581496223807335 ], [ 4182816.949615365359932, 7518457.334800431504846 ], [ 4182820.183092060033232, 7518466.465856934897602 ], [ 4182829.137044823728502, 7518491.066639968194067 ], [ 4182832.529387953691185, 7518500.13987381849438 ], [ 4182841.911319845821708, 7518524.580641997046769 ], [ 4182845.461496070493013, 7518533.593289399519563 ], [ 4182855.268549298401922, 7518557.866597914136946 ], [ 4182858.975477199535817, 7518566.815913527272642 ], [ 4182869.20466436445713, 7518590.914368310011923 ], [ 4182873.067214775830507, 7518599.79762608744204 ], [ 4182883.715420063585043, 7518623.713886740617454 ], [ 4182887.732416415121406, 7518632.52838075440377 ], [ 4182898.796396201476455, 7518656.255161972716451 ], [ 4182902.966614877339453, 7518664.998207244090736 ], [ 4182914.442998996935785, 7518688.528281692415476 ], [ 4182918.765169707592577, 7518697.197215003892779 ], [ 4182930.650462332647294, 7518720.523415169678628 ], [ 4182935.123268503230065, 7518729.115595880895853 ], [ 4182947.413849254604429, 7518752.230816376395524 ], [ 4182952.035928424913436, 7518760.743627225980163 ], [ 4182964.728053528349847, 7518783.640827029943466 ], [ 4182969.497997768688947, 7518792.071674932725728 ], [ 4182982.587801012676209, 7518814.743879212997854 ], [ 4182987.504157351795584, 7518823.090196051634848 ], [ 4183000.987651508767158, 7518845.530498727224767 ], [ 4183006.048922376707196, 7518853.789742131717503 ], [ 4183019.922000179532915, 7518875.991307563148439 ], [ 4183025.126643863972276, 7518884.160961688496172 ], [ 4183039.385079491883516, 7518906.117027149535716 ], [ 4183044.731510608457029, 7518914.194603440351784 ], [ 4183059.370960766915232, 7518935.898480845615268 ], [ 4183064.857550740242004, 7518943.881518793292344 ], [ 4183079.873556130565703, 7518965.326596960425377 ], [ 4183085.498633692506701, 7518973.212664854712784 ], [ 4183100.886620297562331, 7518994.392411409877241 ], [ 4183106.648471995256841, 7519002.17910707835108 ], [ 4183122.403752496931702, 7519023.087070481851697 ], [ 4183128.300623214337975, 7519030.772022021003067 ], [ 4183144.418398329522461, 7519051.401833409443498 ], [ 4183150.448491822462529, 7519058.982699909247458 ], [ 4183166.923852082807571, 7519079.328075448051095 ], [ 4183173.085331526584923, 7519086.802547701634467 ], [ 4183189.913258195854723, 7519106.857289765030146 ], [ 4183196.204246744513512, 7519114.223090977407992 ], [ 4183213.379613920114934, 7519133.981090758927166 ], [ 4183219.798195276875049, 7519141.235977235250175 ], [ 4183237.315771262627095, 7519160.691216355189681 ], [ 4183243.859990265686065, 7519167.832978186197579 ], [ 4183261.71443897485733, 7519186.979530315846205 ], [ 4183268.382302192039788, 7519194.005992052145302 ], [ 4183286.568184984382242, 7519212.838024966418743 ], [ 4183293.357661319896579, 7519219.747046279720962 ], [ 4183311.869438618421555, 7519238.258823578245938 ], [ 4183318.778459931723773, 7519245.048299913294613 ], [ 4183337.610492809675634, 7519263.234182669781148 ], [ 4183344.636954545974731, 7519269.902045886963606 ], [ 4183363.783506597857922, 7519287.756494523957372 ], [ 4183370.92526842886582, 7519294.300713527947664 ], [ 4183390.380507667548954, 7519311.818289620801806 ], [ 4183397.635394143871963, 7519318.23687097709626 ], [ 4183417.393393849488348, 7519335.41223808657378 ], [ 4183424.759195061400533, 7519341.703226635232568 ], [ 4183444.813937187660486, 7519358.531153358519077 ], [ 4183452.28840944217518, 7519364.692632802762091 ], [ 4183472.633784917648882, 7519381.167993011884391 ], [ 4183480.214651416987181, 7519387.19808650482446 ], [ 4183500.844462840817869, 7519403.315861647948623 ], [ 4183508.529414379969239, 7519409.212732365354896 ], [ 4183529.437377795111388, 7519424.968012875877321 ], [ 4183537.224073463119566, 7519430.72986457310617 ], [ 4183558.403819959145039, 7519446.117851135320961 ], [ 4183566.289887853432447, 7519451.742928697727621 ], [ 4183587.73496615095064, 7519466.758934178389609 ], [ 4183595.718004099093378, 7519472.24552415125072 ], [ 4183617.421881421469152, 7519486.884974253363907 ], [ 4183625.499457712285221, 7519492.23140536993742 ], [ 4183647.455523206386715, 7519506.489841018803418 ], [ 4183655.62517733220011, 7519511.694484703242779 ], [ 4183677.82674278318882, 7519525.567562516778708 ], [ 4183686.085986187681556, 7519530.628833384253085 ], [ 4183708.526288778986782, 7519544.112327490933239 ], [ 4183716.872605617158115, 7519549.028683830052614 ], [ 4183739.544809929095209, 7519562.118487092666328 ], [ 4183747.97565783187747, 7519566.888431333005428 ], [ 4183770.872857494745404, 7519579.580556360073388 ], [ 4183779.385668343864381, 7519584.202635531313717 ], [ 4183802.500888979993761, 7519596.493216359056532 ], [ 4183811.093069691210985, 7519600.966022529639304 ], [ 4183834.419269944075495, 7519612.851315197534859 ], [ 4183843.08820325601846, 7519617.17348590772599 ], [ 4183866.618277647998184, 7519628.649869998916984 ], [ 4183875.361322918906808, 7519632.82008867431432 ], [ 4183899.088104073889554, 7519643.884068431332707 ], [ 4183907.902598088141531, 7519647.901064783334732 ], [ 4183931.818858774378896, 7519658.549270085990429 ], [ 4183940.702116551809013, 7519662.411820497363806 ], [ 4183964.800571360159665, 7519672.641007672995329 ], [ 4183973.749886973761022, 7519676.347935574129224 ], [ 4183998.0231954138726, 7519686.154988772235811 ], [ 4184007.035842815414071, 7519689.705164996907115 ], [ 4184031.476611042860895, 7519699.087096908129752 ], [ 4184040.549844893161207, 7519702.479440038092434 ], [ 4184065.150627971626818, 7519711.433392818085849 ], [ 4184074.281684475950897, 7519714.666869512759149 ], [ 4184099.034988681785762, 7519723.190115669742227 ], [ 4184108.221086430829018, 7519726.263740980997682 ], [ 4184133.119371746201068, 7519734.35368428286165 ], [ 4184142.357712566386908, 7519737.266521954908967 ], [ 4184167.39339471841231, 7519744.920698121190071 ], [ 4184176.681164521723986, 7519747.671860875561833 ], [ 4184201.846617575269192, 7519754.887938419356942 ], [ 4184211.180987216997892, 7519757.476588224060833 ], [ 4184236.468545175623149, 7519764.252368957735598 ], [ 4184245.846671315841377, 7519766.677717286162078 ], [ 4184271.248631683643907, 7519773.011137332767248 ], [ 4184280.667657654266804, 7519775.272445399314165 ], [ 4184306.176282514352351, 7519781.161575478501618 ], [ 4184315.6333391899243, 7519783.25815446767956 ], [ 4184341.240858459379524, 7519788.701200716197491 ], [ 4184350.733065127395093, 7519790.632411989383399 ], [ 4184376.431678471621126, 7519795.627716396003962 ], [ 4184385.956143714953214, 7519797.392971687950194 ], [ 4184411.738023262470961, 7519801.939012665301561 ], [ 4184421.291845836210996, 7519803.537774261087179 ], [ 4184447.149137844797224, 7519807.63316698372364 ], [ 4184456.729407562408596, 7519809.064947886392474 ], [ 4184482.654236025642604, 7519812.708444918505847 ], [ 4184492.258034644182771, 7519813.972808992490172 ], [ 4184518.242502232082188, 7519817.163300435058773 ], [ 4184527.866904341150075, 7519818.25986254401505 ], [ 4184553.903096131049097, 7519820.996376572176814 ], [ 4184563.545170044526458, 7519821.924802692607045 ], [ 4184589.625155395362526, 7519824.206505755893886 ], [ 4184599.281964044552296, 7519824.966513078659773 ], [ 4184625.397798311430961, 7519826.792710109613836 ], [ 4184635.066400138195604, 7519827.384067130275071 ], [ 4184661.210128317587078, 7519828.754201865755022 ], [ 4184670.887578173074871, 7519829.176728451624513 ], [ 4184697.051236722618341, 7519830.090383541770279 ], [ 4184706.734586760867387, 7519830.343950986862183 ], [ 4184732.910206107888371, 7519830.800848122686148 ], [ 4184742.596506687346846, 7519830.885379186831415 ] ] ] ] } },
{ "type": "Feature", "properties": { "id": null }, "geometry": { "type": "MultiPolygon", "coordinates": [ [ [ [ 4185674.478475517127663, 7522733.985583826899529 ], [ 4185700.658082058187574, 7522733.985583826899529 ], [ 4185712.286865421570837, 7522733.884100971743464 ], [ 4185738.46248458744958, 7522733.42720383964479 ], [ 4185750.087725710589439, 7522733.122786187566817 ], [ 4185776.251384313218296, 7522732.209131096489727 ], [ 4185787.869542035274208, 7522731.70187137555331 ], [ 4185814.0132702505216, 7522730.331736638210714 ], [ 4185825.620805568061769, 7522729.621789365075529 ], [ 4185851.736639934591949, 7522727.795592326670885 ], [ 4185863.330017080064863, 7522726.883173757232726 ], [ 4185889.410002317745239, 7522724.60147070325911 ], [ 4185900.985689835622907, 7522723.486858769319952 ], [ 4185927.021881574764848, 7522720.750344746746123 ], [ 4185938.576353399083018, 7522719.433878971263766 ], [ 4185964.560821098275483, 7522716.24338751565665 ], [ 4185976.090557625051588, 7522714.725468905642629 ], [ 4186002.015386011451483, 7522711.081971885636449 ], [ 4186013.516875170636922, 7522709.363062813878059 ], [ 4186039.374167308211327, 7522705.267670069821179 ], [ 4186050.84390563564375, 7522703.348294132389128 ], [ 4186076.625785085838288, 7522698.802253170870245 ], [ 4186088.060278786811978, 7522696.682995028793812 ], [ 4186113.758892183192074, 7522691.687690611928701 ], [ 4186125.154658201616257, 7522689.369195811450481 ], [ 4186150.76217741612345, 7522683.926149574108422 ], [ 4186162.115744490176439, 7522681.409124352037907 ], [ 4186187.624369383323938, 7522675.519994265399873 ], [ 4186198.932279107160866, 7522672.80520533118397 ], [ 4186224.334239407908171, 7522666.471785301342607 ], [ 4186235.593047282658517, 7522663.560059606097639 ], [ 4186260.880605266429484, 7522656.784278865903616 ], [ 4186272.086881749797612, 7522653.676503350026906 ], [ 4186297.252334730699658, 7522646.460425828583539 ], [ 4186308.402666282374412, 7522643.157547149807215 ], [ 4186333.43834859598428, 7522635.503370934166014 ], [ 4186344.529338716994971, 7522632.00639518070966 ], [ 4186369.427623896393925, 7522623.916451923549175 ], [ 4186380.455894163809717, 7522620.226444310508668 ], [ 4186405.209198545198888, 7522611.703198092058301 ], [ 4186416.171389640774578, 7522607.821282628923655 ], [ 4186440.772172634489834, 7522598.867329878732562 ], [ 4186451.664945369120687, 7522594.794689035974443 ], [ 4186476.105713474564254, 7522585.412757172249258 ], [ 4186486.925749803893268, 7522581.150631516240537 ], [ 4186511.199058359488845, 7522571.343578272499144 ], [ 4186521.943062395323068, 7522566.89326608646661 ], [ 4186546.041517222765833, 7522556.664078901521862 ], [ 4186556.706216237973422, 7522552.026935794390738 ], [ 4186580.622476778924465, 7522541.378730556927621 ], [ 4186591.204622202552855, 7522536.556169047951698 ], [ 4186614.931403526570648, 7522525.492189213633537 ], [ 4186625.427771934773773, 7522520.485678300261497 ], [ 4186648.957846325356513, 7522509.009294208139181 ], [ 4186659.365240422543138, 7522503.820358923636377 ], [ 4186682.691440582741052, 7522491.93506630230695 ], [ 4186693.006690175738186, 7522486.565287246368825 ], [ 4186716.121910802554339, 7522474.274706424213946 ], [ 4186726.341873766388744, 7522468.725719282403588 ], [ 4186749.239073437638581, 7522456.033594251610339 ], [ 4186759.36063667293638, 7522450.307089300826192 ], [ 4186782.032841010484844, 7522437.217286023311317 ], [ 4186792.05292139062658, 7522431.315007611177862 ], [ 4186814.493224051780999, 7522417.831513462588191 ], [ 4186824.408769363537431, 7522411.755259480327368 ], [ 4186846.610334718599916, 7522397.882181726396084 ], [ 4186856.418324590660632, 7522391.633803061209619 ], [ 4186878.374390097800642, 7522377.375367403961718 ], [ 4186888.071836921386421, 7522370.956767370924354 ], [ 4186909.775714353658259, 7522356.31731719430536 ], [ 4186919.359664192423224, 7522349.730450961738825 ], [ 4186940.804742419626564, 7522334.714445528574288 ], [ 4186950.272275909781456, 7522327.961319519206882 ], [ 4186971.452022392768413, 7522312.573332966305315 ], [ 4186980.800255632027984, 7522305.656004249118268 ], [ 4187001.708219002000988, 7522289.900723773054779 ], [ 4187010.934304427821189, 7522282.821299432776868 ], [ 4187031.564115890301764, 7522266.703524259850383 ], [ 4187040.665243147872388, 7522259.464160757139325 ], [ 4187061.01061865221709, 7522242.988800524733961 ], [ 4187069.984015449881554, 7522235.591703039593995 ], [ 4187090.038757519330829, 7522218.763776364736259 ], [ 4187098.881690472830087, 7522211.211198125965893 ], [ 4187118.639690230134875, 7522194.035830970853567 ], [ 4187127.349465697538108, 7522186.330072566866875 ], [ 4187146.804704822134227, 7522168.812496577389538 ], [ 4187155.378669721074402, 7522160.95590525586158 ], [ 4187174.525221896357834, 7522143.10145650524646 ], [ 4187182.960764513816684, 7522135.096425459720194 ], [ 4187201.792797364294529, 7522116.910542728379369 ], [ 4187210.087348151952028, 7522108.759510370902717 ], [ 4187228.599125475157052, 7522090.247733048163354 ], [ 4187236.750157833565027, 7522081.953182259574533 ], [ 4187254.936040567234159, 7522063.121149405837059 ], [ 4187262.941071612294763, 7522054.68560678884387 ], [ 4187280.795520334504545, 7522035.539054645225406 ], [ 4187288.652111656032503, 7522026.965089746750891 ], [ 4187306.169687643181533, 7522007.509850625880063 ], [ 4187313.875446047633886, 7521998.80007515847683 ], [ 4187331.050813282374293, 7521979.042075308039784 ], [ 4187338.603391521144658, 7521970.199142353609204 ], [ 4187355.431318126153201, 7521950.144400366581976 ], [ 4187362.828415610827506, 7521941.171003569848835 ], [ 4187379.303775863256305, 7521920.825628042221069 ], [ 4187386.543139365967363, 7521911.724500784650445 ], [ 4187402.660914560314268, 7521891.094689293764532 ], [ 4187409.740338900592178, 7521881.868603867478669 ], [ 4187425.49561930494383, 7521860.960640594363213 ], [ 4187432.412948022596538, 7521851.612407355569303 ], [ 4187447.800934702623636, 7521830.432660696096718 ], [ 4187454.554060711059719, 7521820.965127205476165 ], [ 4187469.570066067390144, 7521799.520049086771905 ], [ 4187476.156932299956679, 7521789.93609924800694 ], [ 4187490.796382494736463, 7521768.232221787795424 ], [ 4187497.214982527773827, 7521758.534774963743985 ], [ 4187511.473418138921261, 7521736.578709527850151 ], [ 4187517.721796804573387, 7521726.770719655789435 ], [ 4187531.594874580390751, 7521704.569154267199337 ], [ 4187537.671128562185913, 7521694.653608956374228 ], [ 4187551.154622716829181, 7521672.213306285440922 ], [ 4187557.056901128962636, 7521662.193225905299187 ], [ 4187570.146704379934818, 7521639.521021612919867 ], [ 4187575.873209331184626, 7521629.399458377622068 ], [ 4187588.565334413200617, 7521606.502258614636958 ], [ 4187594.114321554545313, 7521596.282295650802553 ], [ 4187606.404902326874435, 7521573.167075118049979 ], [ 4187611.774681383278221, 7521562.851825525052845 ], [ 4187623.659974029287696, 7521539.525625317357481 ], [ 4187628.8489093137905, 7521529.118231220170856 ], [ 4187640.32529342873022, 7521505.588156781159341 ], [ 4187645.331804341636598, 7521495.091788372956216 ], [ 4187656.395784130785614, 7521471.365007147192955 ], [ 4187661.218345640227199, 7521460.782861723564565 ], [ 4187671.866550900507718, 7521436.866601132787764 ], [ 4187676.503694007638842, 7521426.201902117580175 ], [ 4187686.732881200499833, 7521402.103447268716991 ], [ 4187691.183193386532366, 7521391.359443232417107 ], [ 4187700.990246600937098, 7521367.086134750396013 ], [ 4187705.25237225741148, 7521356.266098421066999 ], [ 4187714.634304154198617, 7521331.825330230407417 ], [ 4187718.706944996491075, 7521320.932557496242225 ], [ 4187727.660897766705602, 7521296.331774444319308 ], [ 4187731.542813229374588, 7521285.369583347812295 ], [ 4187740.066059373319149, 7521260.616279183886945 ], [ 4187743.756066987290978, 7521249.588008916936815 ], [ 4187751.846010326873511, 7521224.689723485149443 ], [ 4187755.342986079398543, 7521213.598733363673091 ], [ 4187762.997162249870598, 7521188.563051192089915 ], [ 4187766.300040928646922, 7521177.412719640880823 ], [ 4187773.516118444502354, 7521152.247266684658825 ], [ 4187776.623893960844725, 7521141.040990200825036 ], [ 4187783.399674708023667, 7521115.753432190977037 ], [ 4187786.311400403268635, 7521104.494624316692352 ], [ 4187792.64482043357566, 7521079.092664015479386 ], [ 4187795.359609367791563, 7521067.784754292108119 ], [ 4187801.248739450704306, 7521042.27612941712141 ], [ 4187803.765764673240483, 7521030.922562342137098 ], [ 4187809.208810927346349, 7521005.315043049864471 ], [ 4187811.527305727358907, 7520993.919277031905949 ], [ 4187816.522610134910792, 7520968.220663680694997 ], [ 4187818.641868276987225, 7520956.786169979721308 ], [ 4187823.187909245956689, 7520931.004290481097996 ], [ 4187825.107285182923079, 7520919.534552154131234 ], [ 4187829.20267791999504, 7520893.677260057069361 ], [ 4187830.921586991753429, 7520882.175770897418261 ], [ 4187834.565084001980722, 7520856.250942585989833 ], [ 4187836.083002612460405, 7520844.721206059679389 ], [ 4187839.273494070395827, 7520818.736738353036344 ], [ 4187840.589959846343845, 7520807.182266528718174 ], [ 4187843.32647388195619, 7520781.146074664779007 ], [ 4187844.441085815429688, 7520769.570387146435678 ], [ 4187846.722788868006319, 7520743.490401910617948 ], [ 4187847.635207436978817, 7520731.897024764679372 ], [ 4187849.461404467001557, 7520705.781190522015095 ], [ 4187850.171351740602404, 7520694.173655204474926 ], [ 4187851.54148648167029, 7520668.029926929622889 ], [ 4187852.048746202606708, 7520656.411769207566977 ], [ 4187852.962401293218136, 7520630.248110604472458 ], [ 4187853.266818945296109, 7520618.6228694813326 ], [ 4187853.723716077394783, 7520592.447250315919518 ], [ 4187853.825198932550848, 7520580.818466953001916 ], [ 4187853.825198932550848, 7520554.638860411010683 ], [ 4187853.723716077394783, 7520543.010077048093081 ], [ 4187853.266818945296109, 7520516.834457882679999 ], [ 4187852.962401293218136, 7520505.209216759540141 ], [ 4187852.048746202606708, 7520479.045558156445622 ], [ 4187851.54148648167029, 7520467.42740043438971 ], [ 4187850.171351740602404, 7520441.283672159537673 ], [ 4187849.461404467001557, 7520429.676136841997504 ], [ 4187847.635207436978817, 7520403.560302599333227 ], [ 4187846.722788868006319, 7520391.966925453394651 ], [ 4187844.441085815429688, 7520365.886940217576921 ], [ 4187843.32647388195619, 7520354.311252699233592 ], [ 4187840.589959846343845, 7520328.275060835294425 ], [ 4187839.273494070395827, 7520316.720589010976255 ], [ 4187836.083002612460405, 7520290.73612130433321 ], [ 4187834.565084001980722, 7520279.206384778022766 ], [ 4187830.921586991753429, 7520253.281556466594338 ], [ 4187829.20267791999504, 7520241.780067306943238 ], [ 4187825.107285182923079, 7520215.922775209881365 ], [ 4187823.187909245956689, 7520204.453036882914603 ], [ 4187818.641868276987225, 7520178.671157384291291 ], [ 4187816.522610134910792, 7520167.236663683317602 ], [ 4187811.527305727358907, 7520141.53805033210665 ], [ 4187809.208810927346349, 7520130.142284314148128 ], [ 4187803.765764673240483, 7520104.534765021875501 ], [ 4187801.248739450704306, 7520093.181197946891189 ], [ 4187795.359609367791563, 7520067.67257307190448 ], [ 4187792.64482043357566, 7520056.364663348533213 ], [ 4187786.311400403268635, 7520030.962703047320247 ], [ 4187783.399674708023667, 7520019.703895173035562 ], [ 4187776.623893960844725, 7519994.416337163187563 ], [ 4187773.516118444502354, 7519983.210060679353774 ], [ 4187766.300040928646922, 7519958.044607723131776 ], [ 4187762.997162249870598, 7519946.894276171922684 ], [ 4187755.342986079398543, 7519921.858594000339508 ], [ 4187751.846010326873511, 7519910.767603878863156 ], [ 4187743.756066987290978, 7519885.869318447075784 ], [ 4187740.066059373319149, 7519874.841048180125654 ], [ 4187731.542813229374588, 7519850.087744016200304 ], [ 4187727.660897766705602, 7519839.125552919693291 ], [ 4187718.706944996491075, 7519814.524769867770374 ], [ 4187714.634304154198617, 7519803.631997133605182 ], [ 4187705.25237225741148, 7519779.1912289429456 ], [ 4187700.990246600937098, 7519768.371192613616586 ], [ 4187691.183193386532366, 7519744.097884131595492 ], [ 4187686.732881200499833, 7519733.353880095295608 ], [ 4187676.503694007638842, 7519709.255425246432424 ], [ 4187671.866550900507718, 7519698.590726231224835 ], [ 4187661.218345640227199, 7519674.674465640448034 ], [ 4187656.395784130785614, 7519664.092320216819644 ], [ 4187645.331804341636598, 7519640.365538991056383 ], [ 4187640.32529342873022, 7519629.869170582853258 ], [ 4187628.8489093137905, 7519606.339096143841743 ], [ 4187623.659974029287696, 7519595.931702046655118 ], [ 4187611.77468135766685, 7519572.60550179053098 ], [ 4187606.404902301263064, 7519562.290252198465168 ], [ 4187594.114321582019329, 7519539.175031764432788 ], [ 4187588.565334440674633, 7519528.95506879966706 ], [ 4187575.873209302313626, 7519506.057868934236467 ], [ 4187570.146704351063818, 7519495.93630569986999 ], [ 4187557.056901159696281, 7519473.264101511798799 ], [ 4187551.154622747562826, 7519463.244021130725741 ], [ 4187537.671128562185913, 7519440.803718407638371 ], [ 4187531.594874580390751, 7519430.888173096813262 ], [ 4187517.721796804573387, 7519408.686607708223164 ], [ 4187511.473418138921261, 7519398.878617836162448 ], [ 4187497.214982527773827, 7519376.922552400268614 ], [ 4187490.796382494736463, 7519367.225105576217175 ], [ 4187476.156932299956679, 7519345.521228116005659 ], [ 4187469.570066067390144, 7519335.937278277240694 ], [ 4187454.554060711059719, 7519314.492200158536434 ], [ 4187447.800934702623636, 7519305.024666667915881 ], [ 4187432.412948022596538, 7519283.844920008443296 ], [ 4187425.49561930494383, 7519274.496686769649386 ], [ 4187409.740338900592178, 7519253.58872349653393 ], [ 4187402.660914560314268, 7519244.362638070248067 ], [ 4187386.543139365967363, 7519223.732826579362154 ], [ 4187379.303775863256305, 7519214.63169932179153 ], [ 4187362.828415610827506, 7519194.286323794163764 ], [ 4187355.431318126153201, 7519185.312926997430623 ], [ 4187338.603391521144658, 7519165.258185010403395 ], [ 4187331.050813282374293, 7519156.415252055972815 ], [ 4187313.875446047633886, 7519136.657252205535769 ], [ 4187306.169687643181533, 7519127.947476738132536 ], [ 4187288.652111656032503, 7519108.492237617261708 ], [ 4187280.795520334504545, 7519099.918272718787193 ], [ 4187262.941071612294763, 7519080.771720575168729 ], [ 4187254.936040567234159, 7519072.33617795817554 ], [ 4187236.750157833565027, 7519053.504145104438066 ], [ 4187228.599125475157052, 7519045.209594315849245 ], [ 4187210.087348151952028, 7519026.697816993109882 ], [ 4187201.792797364294529, 7519018.54678463563323 ], [ 4187182.960764513816684, 7519000.360901904292405 ], [ 4187174.525221896357834, 7518992.355870858766139 ], [ 4187155.378669721074402, 7518974.501422108151019 ], [ 4187146.804704822134227, 7518966.644830786623061 ], [ 4187127.349465697538108, 7518949.127254797145724 ], [ 4187118.639690230134875, 7518941.421496393159032 ], [ 4187098.881690472830087, 7518924.246129238046706 ], [ 4187090.038757519330829, 7518916.69355099927634 ], [ 4187069.984015449881554, 7518899.865624324418604 ], [ 4187061.01061865221709, 7518892.468526839278638 ], [ 4187040.665243147872388, 7518875.993166606873274 ], [ 4187031.564115890301764, 7518868.753803104162216 ], [ 4187010.934304427821189, 7518852.636027931235731 ], [ 4187001.708219002000988, 7518845.55660359095782 ], [ 4186980.800255632027984, 7518829.801323114894331 ], [ 4186971.452022392768413, 7518822.883994397707283 ], [ 4186950.272275909781456, 7518807.496007844805717 ], [ 4186940.804742419626564, 7518800.742881835438311 ], [ 4186919.359664192423224, 7518785.726876402273774 ], [ 4186909.775714353658259, 7518779.140010169707239 ], [ 4186888.071836921386421, 7518764.500559993088245 ], [ 4186878.374390097800642, 7518758.081959960050881 ], [ 4186856.418324590660632, 7518743.82352430280298 ], [ 4186846.610334718599916, 7518737.575145637616515 ], [ 4186824.408769363537431, 7518723.702067883685231 ], [ 4186814.493224051780999, 7518717.625813901424408 ], [ 4186792.05292139062658, 7518704.142319752834737 ], [ 4186782.032841010484844, 7518698.240041340701282 ], [ 4186759.36063667293638, 7518685.150238063186407 ], [ 4186749.239073437638581, 7518679.42373311240226 ], [ 4186726.341873766388744, 7518666.731608081609011 ], [ 4186716.121910802554339, 7518661.182620939798653 ], [ 4186693.006690175738186, 7518648.892040117643774 ], [ 4186682.691440582741052, 7518643.522261061705649 ], [ 4186659.365240422543138, 7518631.636968440376222 ], [ 4186648.957846325356513, 7518626.448033155873418 ], [ 4186625.427771934773773, 7518614.971649063751101 ], [ 4186614.931403526570648, 7518609.965138150379062 ], [ 4186591.204622202552855, 7518598.901158316060901 ], [ 4186580.622476778924465, 7518594.078596807084978 ], [ 4186556.706216237973422, 7518583.430391569621861 ], [ 4186546.041517222765833, 7518578.793248462490737 ], [ 4186521.943062395323068, 7518568.564061277545989 ], [ 4186511.199058359488845, 7518564.113749091513455 ], [ 4186486.925749803893268, 7518554.306695847772062 ], [ 4186476.105713474564254, 7518550.044570191763341 ], [ 4186451.664945369120687, 7518540.662638328038156 ], [ 4186440.772172634489834, 7518536.589997485280037 ], [ 4186416.171389640774578, 7518527.636044735088944 ], [ 4186405.209198545198888, 7518523.754129271954298 ], [ 4186380.455894163809717, 7518515.230883053503931 ], [ 4186369.427623896393925, 7518511.540875440463424 ], [ 4186344.529338716994971, 7518503.450932183302939 ], [ 4186333.43834859598428, 7518499.953956429846585 ], [ 4186308.402666282374412, 7518492.299780214205384 ], [ 4186297.252334730699658, 7518488.99690153542906 ], [ 4186272.086881749797612, 7518481.780824013985693 ], [ 4186260.880605266429484, 7518478.673048498108983 ], [ 4186235.593047282658517, 7518471.89726775791496 ], [ 4186224.334239407908171, 7518468.985542062669992 ], [ 4186198.932279107160866, 7518462.652122032828629 ], [ 4186187.624369383323938, 7518459.937333098612726 ], [ 4186162.115744490176439, 7518454.048203011974692 ], [ 4186150.76217741612345, 7518451.531177789904177 ], [ 4186125.154658201616257, 7518446.088131552562118 ], [ 4186113.758892183192074, 7518443.769636752083898 ], [ 4186088.060278786811978, 7518438.774332335218787 ], [ 4186076.625785085838288, 7518436.655074193142354 ], [ 4186050.84390563564375, 7518432.109033231623471 ], [ 4186039.374167308211327, 7518430.18965729419142 ], [ 4186013.516875170636922, 7518426.09426455013454 ], [ 4186002.015386011451483, 7518424.37535547837615 ], [ 4185976.090557625051588, 7518420.73185845836997 ], [ 4185964.560821098275483, 7518419.213939848355949 ], [ 4185938.576353399083018, 7518416.023448392748833 ], [ 4185927.021881574764848, 7518414.706982617266476 ], [ 4185900.985689835622907, 7518411.970468594692647 ], [ 4185889.410002317745239, 7518410.855856660753489 ], [ 4185863.330017080064863, 7518408.574153606779873 ], [ 4185851.736639934591949, 7518407.661735037341714 ], [ 4185825.620805568061769, 7518405.83553799893707 ], [ 4185814.0132702505216, 7518405.125590725801885 ], [ 4185787.869542035274208, 7518403.755455988459289 ], [ 4185776.251384313218296, 7518403.248196267522871 ], [ 4185750.087725710589439, 7518402.334541176445782 ], [ 4185738.46248458744958, 7518402.030123524367809 ], [ 4185712.286865421570837, 7518401.573226392269135 ], [ 4185700.658082058187574, 7518401.47174353711307 ], [ 4185674.478475517127663, 7518401.47174353711307 ], [ 4185662.8496921537444, 7518401.573226392269135 ], [ 4185636.674072987865657, 7518402.030123524367809 ], [ 4185625.048831864725798, 7518402.334541176445782 ], [ 4185598.885173262096941, 7518403.248196267522871 ], [ 4185587.267015540041029, 7518403.755455988459289 ], [ 4185561.123287205118686, 7518405.125590733252466 ], [ 4185549.515751887578517, 7518405.835538007318974 ], [ 4185523.399917759932578, 7518407.661735028959811 ], [ 4185511.806540614459664, 7518408.574153597466648 ], [ 4185485.726555257569999, 7518410.855856660753489 ], [ 4185474.15086773969233, 7518411.970468594692647 ], [ 4185448.114676000550389, 7518414.706982617266476 ], [ 4185436.560204176232219, 7518416.023448392748833 ], [ 4185410.575736477039754, 7518419.213939848355949 ], [ 4185399.045999950263649, 7518420.73185845836997 ], [ 4185373.121171563863754, 7518424.37535547837615 ], [ 4185361.619682404678315, 7518426.09426455013454 ], [ 4185335.76239026710391, 7518430.18965729419142 ], [ 4185324.292651939671487, 7518432.109033231623471 ], [ 4185298.510772489476949, 7518436.655074193142354 ], [ 4185287.076278788503259, 7518438.774332335218787 ], [ 4185261.377665392123163, 7518443.769636752083898 ], [ 4185249.98189937369898, 7518446.088131552562118 ], [ 4185224.374380159191787, 7518451.531177789904177 ], [ 4185213.020813085138798, 7518454.048203011974692 ], [ 4185187.512188191991299, 7518459.937333098612726 ], [ 4185176.204278468154371, 7518462.652122032828629 ], [ 4185150.802318167407066, 7518468.985542062669992 ], [ 4185139.54351029265672, 7518471.89726775791496 ], [ 4185114.255952308885753, 7518478.673048498108983 ], [ 4185103.049675825517625, 7518481.780824013985693 ], [ 4185077.884222844615579, 7518488.99690153542906 ], [ 4185066.733891292940825, 7518492.299780214205384 ], [ 4185041.698208979330957, 7518499.953956429846585 ], [ 4185030.607218858320266, 7518503.450932183302939 ], [ 4185005.708933678921312, 7518511.540875440463424 ], [ 4184994.68066341150552, 7518515.230883053503931 ], [ 4184969.927359030116349, 7518523.754129271954298 ], [ 4184958.965167934540659, 7518527.636044735088944 ], [ 4184934.364384940825403, 7518536.589997485280037 ], [ 4184923.47161220619455, 7518540.662638328038156 ], [ 4184899.030844100750983, 7518550.044570191763341 ], [ 4184888.210807771421969, 7518554.306695847772062 ], [ 4184863.937499215826392, 7518564.113749091513455 ], [ 4184853.193495179992169, 7518568.564061277545989 ], [ 4184829.095040352549404, 7518578.793248462490737 ], [ 4184818.430341337341815, 7518583.430391569621861 ], [ 4184794.514080697204918, 7518594.078596851788461 ], [ 4184783.931935273576528, 7518598.901158361695707 ], [ 4184760.205154146533459, 7518609.965138104744256 ], [ 4184749.708785738330334, 7518614.971649017184973 ], [ 4184726.178711249958724, 7518626.448033155873418 ], [ 4184715.771317152772099, 7518631.636968440376222 ], [ 4184692.445116992574185, 7518643.522261061705649 ], [ 4184682.129867399577051, 7518648.892040117643774 ], [ 4184659.014646772760898, 7518661.182620939798653 ], [ 4184648.794683808926493, 7518666.731608081609011 ], [ 4184625.897484137676656, 7518679.42373311240226 ], [ 4184615.775920902378857, 7518685.150238063186407 ], [ 4184593.103716564830393, 7518698.240041340701282 ], [ 4184583.083636184688658, 7518704.142319752834737 ], [ 4184560.643333523534238, 7518717.625813901424408 ], [ 4184550.727788211777806, 7518723.702067883685231 ], [ 4184528.526222856715322, 7518737.575145637616515 ], [ 4184518.718232984654605, 7518743.82352430280298 ], [ 4184496.762167477514595, 7518758.081959960050881 ], [ 4184487.064720653928816, 7518764.500559993088245 ], [ 4184465.360843221656978, 7518779.140010169707239 ], [ 4184455.776893382892013, 7518785.726876402273774 ], [ 4184434.331815155688673, 7518800.742881835438311 ], [ 4184424.864281665533781, 7518807.496007844805717 ], [ 4184403.684535182546824, 7518822.883994397707283 ], [ 4184394.336301943287253, 7518829.801323114894331 ], [ 4184373.428338602185249, 7518845.556603568606079 ], [ 4184364.202253175899386, 7518852.636027908883989 ], [ 4184343.572441655211151, 7518868.753803127445281 ], [ 4184334.471314398106188, 7518875.993166630156338 ], [ 4184314.125938923098147, 7518892.468526839278638 ], [ 4184305.152542125433683, 7518899.865624324418604 ], [ 4184285.097800055984408, 7518916.69355099927634 ], [ 4184276.25486710248515, 7518924.246129238046706 ], [ 4184256.496867345180362, 7518941.421496393159032 ], [ 4184247.787091877777129, 7518949.127254797145724 ], [ 4184228.33185275318101, 7518966.644830786623061 ], [ 4184219.757887854240835, 7518974.501422108151019 ], [ 4184200.611335678957403, 7518992.355870858766139 ], [ 4184192.175793061498553, 7519000.360901904292405 ], [ 4184173.343760211020708, 7519018.54678463563323 ], [ 4184165.049209423363209, 7519026.697816993109882 ], [ 4184146.537432100158185, 7519045.209594315849245 ], [ 4184138.386399741750211, 7519053.504145104438066 ], [ 4184120.200517008081079, 7519072.33617795817554 ], [ 4184112.195485963020474, 7519080.771720575168729 ], [ 4184094.341037240810692, 7519099.918272718787193 ], [ 4184086.484445919282734, 7519108.492237617261708 ], [ 4184068.966869932133704, 7519127.947476738132536 ], [ 4184061.261111527681351, 7519136.657252205535769 ], [ 4184044.085744292940944, 7519156.415252055972815 ], [ 4184036.533166054170579, 7519165.258185010403395 ], [ 4184019.705239449162036, 7519185.312926997430623 ], [ 4184012.308141964487731, 7519194.286323794163764 ], [ 4183995.832781712058932, 7519214.63169932179153 ], [ 4183988.593418209347874, 7519223.732826579362154 ], [ 4183972.475643015000969, 7519244.362638070248067 ], [ 4183965.396218674723059, 7519253.58872349653393 ], [ 4183949.640938270371407, 7519274.496686769649386 ], [ 4183942.723609552718699, 7519283.844920008443296 ], [ 4183927.335622872691602, 7519305.024666667915881 ], [ 4183920.582496864255518, 7519314.492200158536434 ], [ 4183905.566491507925093, 7519335.937278277240694 ], [ 4183898.979625275358558, 7519345.521228116005659 ], [ 4183884.340175080578774, 7519367.225105576217175 ], [ 4183877.92157504754141, 7519376.922552400268614 ], [ 4183863.663139436393976, 7519398.878617836162448 ], [ 4183857.41476077074185, 7519408.686607708223164 ], [ 4183843.541682994924486, 7519430.888173096813262 ], [ 4183837.465429013129324, 7519440.803718407638371 ], [ 4183823.981934827752411, 7519463.244021130725741 ], [ 4183818.079656415618956, 7519473.264101511798799 ], [ 4183804.989853224251419, 7519495.93630569986999 ], [ 4183799.263348273001611, 7519506.057868934236467 ], [ 4183786.571223134640604, 7519528.95506879966706 ], [ 4183781.022235993295908, 7519539.175031764432788 ], [ 4183768.731655248440802, 7519562.290252246893942 ], [ 4183763.361876192037016, 7519572.605501839891076 ], [ 4183751.476583570241928, 7519595.931702 ], [ 4183746.287648285739124, 7519606.339096096344292 ], [ 4183734.811264146585017, 7519629.869170582853258 ], [ 4183729.804753233678639, 7519640.365538991056383 ], [ 4183718.740773444529623, 7519664.092320216819644 ], [ 4183713.918211935088038, 7519674.674465640448034 ], [ 4183703.270006674807519, 7519698.590726231224835 ], [ 4183698.632863567676395, 7519709.255425246432424 ], [ 4183688.403676374815404, 7519733.353880095295608 ], [ 4183683.953364188782871, 7519744.097884131595492 ], [ 4183674.146310974378139, 7519768.371192613616586 ], [ 4183669.884185317903757, 7519779.1912289429456 ], [ 4183660.50225342111662, 7519803.631997133605182 ], [ 4183656.429612578824162, 7519814.524769867770374 ], [ 4183647.475659808609635, 7519839.125552919693291 ], [ 4183643.59374434594065, 7519850.087744016200304 ], [ 4183635.070498201996088, 7519874.841048180125654 ], [ 4183631.380490588024259, 7519885.869318447075784 ], [ 4183623.290547248441726, 7519910.767603878863156 ], [ 4183619.793571495916694, 7519921.858594000339508 ], [ 4183612.139395325444639, 7519946.894276171922684 ], [ 4183608.836516646668315, 7519958.044607723131776 ], [ 4183601.620439130812883, 7519983.210060679353774 ], [ 4183598.512663614470512, 7519994.416337163187563 ], [ 4183591.73688286729157, 7520019.703895173035562 ], [ 4183588.825157172046602, 7520030.962703047320247 ], [ 4183582.491737141739577, 7520056.364663348533213 ], [ 4183579.776948207523674, 7520067.67257307190448 ], [ 4183573.887818124610931, 7520093.181197946891189 ], [ 4183571.370792902074754, 7520104.534765021875501 ], [ 4183565.927746647968888, 7520130.142284314148128 ], [ 4183563.60925184795633, 7520141.53805033210665 ], [ 4183558.613947440404445, 7520167.236663683317602 ], [ 4183556.494689298328012, 7520178.671157384291291 ], [ 4183551.948648329358548, 7520204.453036882914603 ], [ 4183550.029272392392159, 7520215.922775209881365 ], [ 4183545.933879655320197, 7520241.780067306943238 ], [ 4183544.214970583561808, 7520253.281556466594338 ], [ 4183540.571473573334515, 7520279.206384778022766 ], [ 4183539.053554962854832, 7520290.73612130433321 ], [ 4183535.86306350491941, 7520316.720589010976255 ], [ 4183534.546597728971392, 7520328.275060835294425 ], [ 4183531.810083693359047, 7520354.311252699233592 ], [ 4183530.69547175988555, 7520365.886940217576921 ], [ 4183528.413768707308918, 7520391.966925453394651 ], [ 4183527.50135013833642, 7520403.560302599333227 ], [ 4183525.67515310831368, 7520429.676136841997504 ], [ 4183524.965205834712833, 7520441.283672159537673 ], [ 4183523.595071093644947, 7520467.42740043438971 ], [ 4183523.087811372708529, 7520479.045558156445622 ], [ 4183522.174156282097101, 7520505.209216759540141 ], [ 4183521.869738630019128, 7520516.834457882679999 ], [ 4183521.412841497920454, 7520543.010077048093081 ], [ 4183521.31135864276439, 7520554.638860411010683 ], [ 4183521.31135864276439, 7520580.818466953001916 ], [ 4183521.412841497920454, 7520592.447250315919518 ], [ 4183521.869738630019128, 7520618.6228694813326 ], [ 4183522.174156282097101, 7520630.248110604472458 ], [ 4183523.087811372708529, 7520656.411769207566977 ], [ 4183523.595071093644947, 7520668.029926929622889 ], [ 4183524.965205834712833, 7520694.173655204474926 ], [ 4183525.67515310831368, 7520705.781190522015095 ], [ 4183527.50135013833642, 7520731.897024764679372 ], [ 4183528.413768707308918, 7520743.490401910617948 ], [ 4183530.69547175988555, 7520769.570387146435678 ], [ 4183531.810083693359047, 7520781.146074664779007 ], [ 4183534.546597728971392, 7520807.182266528718174 ], [ 4183535.86306350491941, 7520818.736738353036344 ], [ 4183539.053554962854832, 7520844.721206059679389 ], [ 4183540.571473573334515, 7520856.250942585989833 ], [ 4183544.214970583561808, 7520882.175770897418261 ], [ 4183545.933879655320197, 7520893.677260057069361 ], [ 4183550.029272392392159, 7520919.534552154131234 ], [ 4183551.948648329358548, 7520931.004290481097996 ], [ 4183556.494689298328012, 7520956.786169979721308 ], [ 4183558.613947440404445, 7520968.220663680694997 ], [ 4183563.60925184795633, 7520993.919277031905949 ], [ 4183565.927746647968888, 7521005.315043049864471 ], [ 4183571.370792902074754, 7521030.922562342137098 ], [ 4183573.887818124610931, 7521042.27612941712141 ], [ 4183579.776948207523674, 7521067.784754292108119 ], [ 4183582.491737141739577, 7521079.092664015479386 ], [ 4183588.825157172046602, 7521104.494624316692352 ], [ 4183591.73688286729157, 7521115.753432190977037 ], [ 4183598.512663614470512, 7521141.040990200825036 ], [ 4183601.620439130812883, 7521152.247266684658825 ], [ 4183608.836516646668315, 7521177.412719640880823 ], [ 4183612.139395325444639, 7521188.563051192089915 ], [ 4183619.793571495916694, 7521213.598733363673091 ], [ 4183623.290547248441726, 7521224.689723485149443 ], [ 4183631.380490588024259, 7521249.588008916936815 ], [ 4183635.070498201996088, 7521260.616279183886945 ], [ 4183643.59374434594065, 7521285.369583347812295 ], [ 4183647.475659808609635, 7521296.331774444319308 ], [ 4183656.429612578824162, 7521320.932557496242225 ], [ 4183660.50225342111662, 7521331.825330230407417 ], [ 4183669.884185317903757, 7521356.266098421066999 ], [ 4183674.146310974378139, 7521367.086134750396013 ], [ 4183683.953364188782871, 7521391.359443232417107 ], [ 4183688.403676374815404, 7521402.103447268716991 ], [ 4183698.632863567676395, 7521426.201902117580175 ], [ 4183703.270006674807519, 7521436.866601132787764 ], [ 4183713.918211935088038, 7521460.782861723564565 ], [ 4183718.740773444529623, 7521471.365007147192955 ], [ 4183729.804753233678639, 7521495.091788372956216 ], [ 4183734.811264146585017, 7521505.588156781159341 ], [ 4183746.287648261524737, 7521529.118231220170856 ], [ 4183751.476583546027541, 7521539.525625317357481 ], [ 4183763.361876192037016, 7521562.851825525052845 ], [ 4183768.731655248440802, 7521573.167075118049979 ], [ 4183781.022236020769924, 7521596.282295650802553 ], [ 4183786.57122316211462, 7521606.502258614636958 ], [ 4183799.263348244130611, 7521629.399458377622068 ], [ 4183804.989853195380419, 7521639.521021612919867 ], [ 4183818.079656446352601, 7521662.193225905299187 ], [ 4183823.981934858486056, 7521672.213306285440922 ], [ 4183837.465429013129324, 7521694.653608956374228 ], [ 4183843.541682994924486, 7521704.569154267199337 ], [ 4183857.41476077074185, 7521726.770719655789435 ], [ 4183863.663139436393976, 7521736.578709527850151 ], [ 4183877.92157504754141, 7521758.534774963743985 ], [ 4183884.340175080578774, 7521768.232221787795424 ], [ 4183898.979625275358558, 7521789.93609924800694 ], [ 4183905.566491507925093, 7521799.520049086771905 ], [ 4183920.582496864255518, 7521820.965127205476165 ], [ 4183927.335622872691602, 7521830.432660696096718 ], [ 4183942.723609552718699, 7521851.612407355569303 ], [ 4183949.640938270371407, 7521860.960640594363213 ], [ 4183965.396218674723059, 7521881.868603867478669 ], [ 4183972.475643015000969, 7521891.094689293764532 ], [ 4183988.593418209347874, 7521911.724500784650445 ], [ 4183995.832781712058932, 7521920.825628042221069 ], [ 4184012.308141964487731, 7521941.171003569848835 ], [ 4184019.705239449162036, 7521950.144400366581976 ], [ 4184036.533166054170579, 7521970.199142353609204 ], [ 4184044.085744292940944, 7521979.042075308039784 ], [ 4184061.261111527681351, 7521998.80007515847683 ], [ 4184068.966869932133704, 7522007.509850625880063 ], [ 4184086.484445919282734, 7522026.965089746750891 ], [ 4184094.341037240810692, 7522035.539054645225406 ], [ 4184112.195485963020474, 7522054.68560678884387 ], [ 4184120.200517008081079, 7522063.121149405837059 ], [ 4184138.386399741750211, 7522081.953182259574533 ], [ 4184146.537432100158185, 7522090.247733048163354 ], [ 4184165.049209423363209, 7522108.759510370902717 ], [ 4184173.343760211020708, 7522116.910542728379369 ], [ 4184192.175793061498553, 7522135.096425459720194 ], [ 4184200.611335678957403, 7522143.10145650524646 ], [ 4184219.757887854240835, 7522160.95590525586158 ], [ 4184228.33185275318101, 7522168.812496577389538 ], [ 4184247.787091877777129, 7522186.330072566866875 ], [ 4184256.496867345180362, 7522194.035830970853567 ], [ 4184276.25486710248515, 7522211.211198125965893 ], [ 4184285.097800055984408, 7522218.763776364736259 ], [ 4184305.152542125433683, 7522235.591703039593995 ], [ 4184314.125938923098147, 7522242.988800524733961 ], [ 4184334.471314427442849, 7522259.464160757139325 ], [ 4184343.572441685013473, 7522266.703524259850383 ], [ 4184364.202253147494048, 7522282.821299432776868 ], [ 4184373.42833857331425, 7522289.900723773054779 ], [ 4184394.336301943287253, 7522305.656004249118268 ], [ 4184403.684535182546824, 7522312.573332966305315 ], [ 4184424.864281665533781, 7522327.961319519206882 ], [ 4184434.331815155688673, 7522334.714445528574288 ], [ 4184455.776893382892013, 7522349.730450961738825 ], [ 4184465.360843221656978, 7522356.31731719430536 ], [ 4184487.064720653928816, 7522370.956767370924354 ], [ 4184496.762167477514595, 7522377.375367403961718 ], [ 4184518.718232984654605, 7522391.633803061209619 ], [ 4184528.526222856715322, 7522397.882181726396084 ], [ 4184550.727788211777806, 7522411.755259480327368 ], [ 4184560.643333523534238, 7522417.831513462588191 ], [ 4184583.083636184688658, 7522431.315007611177862 ], [ 4184593.103716564830393, 7522437.217286023311317 ], [ 4184615.775920902378857, 7522450.307089300826192 ], [ 4184625.897484137676656, 7522456.033594251610339 ], [ 4184648.794683808926493, 7522468.725719282403588 ], [ 4184659.014646772760898, 7522474.274706424213946 ], [ 4184682.129867399577051, 7522486.565287246368825 ], [ 4184692.445116992574185, 7522491.93506630230695 ], [ 4184715.771317152772099, 7522503.820358923636377 ], [ 4184726.178711249958724, 7522509.009294208139181 ], [ 4184749.708785640541464, 7522520.485678300261497 ], [ 4184760.205154048744589, 7522525.492189213633537 ], [ 4184783.931935372762382, 7522536.556169047951698 ], [ 4184794.514080796390772, 7522541.378730556927621 ], [ 4184818.430341337341815, 7522552.026935794390738 ], [ 4184829.095040352549404, 7522556.664078901521862 ], [ 4184853.193495179992169, 7522566.89326608646661 ], [ 4184863.937499215826392, 7522571.343578272499144 ], [ 4184888.210807771421969, 7522581.150631516240537 ], [ 4184899.030844100750983, 7522585.412757172249258 ], [ 4184923.47161220619455, 7522594.794689035974443 ], [ 4184934.364384940825403, 7522598.867329878732562 ], [ 4184958.965167934540659, 7522607.821282628923655 ], [ 4184969.927359030116349, 7522611.703198092058301 ], [ 4184994.68066341150552, 7522620.226444310508668 ], [ 4185005.708933678921312, 7522623.916451923549175 ], [ 4185030.607218858320266, 7522632.00639518070966 ], [ 4185041.698208979330957, 7522635.503370934166014 ], [ 4185066.733891292940825, 7522643.157547149807215 ], [ 4185077.884222844615579, 7522646.460425828583539 ], [ 4185103.049675825517625, 7522653.676503350026906 ], [ 4185114.255952308885753, 7522656.784278865903616 ], [ 4185139.54351029265672, 7522663.560059606097639 ], [ 4185150.802318167407066, 7522666.471785301342607 ], [ 4185176.204278468154371, 7522672.80520533118397 ], [ 4185187.512188191991299, 7522675.519994265399873 ], [ 4185213.020813085138798, 7522681.409124352037907 ], [ 4185224.374380159191787, 7522683.926149574108422 ], [ 4185249.98189937369898, 7522689.369195811450481 ], [ 4185261.377665392123163, 7522691.687690611928701 ], [ 4185287.076278788503259, 7522696.682995028793812 ], [ 4185298.510772489476949, 7522698.802253170870245 ], [ 4185324.292651939671487, 7522703.348294132389128 ], [ 4185335.76239026710391, 7522705.267670069821179 ], [ 4185361.619682404678315, 7522709.363062813878059 ], [ 4185373.121171563863754, 7522711.081971885636449 ], [ 4185399.045999950263649, 7522714.725468905642629 ], [ 4185410.575736477039754, 7522716.24338751565665 ], [ 4185436.560204176232219, 7522719.433878971263766 ], [ 4185448.114676000550389, 7522720.750344746746123 ], [ 4185474.15086773969233, 7522723.486858769319952 ], [ 4185485.726555257569999, 7522724.60147070325911 ], [ 4185511.806540495250374, 7522726.883173757232726 ], [ 4185523.399917640723288, 7522727.795592326670885 ], [ 4185549.515752007253468, 7522729.621789365075529 ], [ 4185561.123287324793637, 7522730.331736638210714 ], [ 4185587.267015540041029, 7522731.70187137555331 ], [ 4185598.885173262096941, 7522732.209131096489727 ], [ 4185625.048831864725798, 7522733.122786187566817 ], [ 4185636.674072987865657, 7522733.42720383964479 ], [ 4185662.8496921537444, 7522733.884100971743464 ], [ 4185674.478475517127663, 7522733.985583826899529 ] ] ] ] } },
{ "type": "Feature", "properties": { "id": null }, "geometry": { "type": "MultiPolygon", "coordinates": [ [ [ [ 4184511.296154590789229, 7525174.48132882360369 ], [ 4184537.475760913919657, 7525174.48132882360369 ], [ 4184543.484948537312448, 7525174.428887438029051 ], [ 4184569.660567842423916, 7525173.971990304067731 ], [ 4184575.667925008572638, 7525173.814682120457292 ], [ 4184601.831583711318672, 7525172.901027024723589 ], [ 4184607.835280521772802, 7525172.638899960555136 ], [ 4184633.97900854004547, 7525171.268765233457088 ], [ 4184639.977216210216284, 7525170.901899136602879 ], [ 4184666.093050651717931, 7525169.075702093541622 ], [ 4184672.083942069672048, 7525168.604208713397384 ], [ 4184698.163927253801376, 7525166.322505664080381 ], [ 4184704.145677536260337, 7525165.746528622694314 ], [ 4184730.18186943884939, 7525163.010014582425356 ], [ 4184736.152656485792249, 7525162.329729327932 ], [ 4184762.137124033644795, 7525159.139237890020013 ], [ 4184768.095129086170346, 7525158.354851644486189 ], [ 4184794.019957523327321, 7525154.711354617029428 ], [ 4184799.963365715462714, 7525153.823106311261654 ], [ 4184825.820657727308571, 7525149.72771358769387 ], [ 4184831.747658639214933, 7525148.735873791389167 ], [ 4184857.529538289643824, 7525144.189832795411348 ], [ 4184863.438326498959213, 7525143.094703631475568 ], [ 4184889.136939674150199, 7525138.099399257451296 ], [ 4184895.025715307332575, 7525136.901314314454794 ], [ 4184920.633234671317041, 7525131.458268046379089 ], [ 4184926.500203949864954, 7525130.157592271454632 ], [ 4184952.008828830439597, 7525124.268462187610567 ], [ 4184957.852204619441181, 7525122.865591779351234 ], [ 4184983.254164938814938, 7525116.532171744853258 ], [ 4184989.072167288511992, 7525115.027534031309187 ], [ 4185014.359725365415215, 7525108.251753265038133 ], [ 4185020.150582056026906, 7525106.645806573331356 ], [ 4185045.31603488791734, 7525099.429729092866182 ], [ 4185051.077981968875974, 7525097.722962610423565 ], [ 4185076.11366426711902, 7525090.0687864003703 ], [ 4185081.844946593046188, 7525088.261720024049282 ], [ 4185106.743231826461852, 7525080.171776749193668 ], [ 4185112.442103593610227, 7525078.264960929751396 ], [ 4185137.195407981984317, 7525069.741714709438384 ], [ 4185142.860133259091526, 7525067.735730280168355 ], [ 4185167.460916243493557, 7525058.78177753277123 ], [ 4185173.089769499376416, 7525056.677235537208617 ], [ 4185197.530537613201886, 7525047.295303669758141 ], [ 4185203.121804245281965, 7525045.092845171689987 ], [ 4185227.39511278225109, 7525035.285791935399175 ], [ 4185232.947089636698365, 7525032.986087824217975 ], [ 4185257.045544427353889, 7525022.756900656037033 ], [ 4185262.556540317833424, 7525020.360651444643736 ], [ 4185286.472800917457789, 7525009.712446181103587 ], [ 4185291.941137141548097, 7525007.220381789840758 ], [ 4185315.667918344959617, 7524996.156402012333274 ], [ 4185321.091929194517434, 7524993.569281548261642 ], [ 4185344.622003688011318, 7524982.09289740677923 ], [ 4185350.000036956276745, 7524979.411508931778371 ], [ 4185373.326237238012254, 7524967.526216247119009 ], [ 4185378.656654724385589, 7524964.75137653760612 ], [ 4185401.771875171922147, 7524952.460795810446143 ], [ 4185407.053053179290146, 7524949.593350110575557 ], [ 4185429.950252946466208, 7524936.90122502669692 ], [ 4185435.180582777131349, 7524933.942046787589788 ], [ 4185457.85278705554083, 7524920.852243544533849 ], [ 4185463.030675500165671, 7524917.802234160713851 ], [ 4185485.4709780854173, 7524904.318740059621632 ], [ 4185490.594847909640521, 7524901.178828593343496 ], [ 4185512.796413496602327, 7524887.305750693194568 ], [ 4185517.86470391927287, 7524884.076893591322005 ], [ 4185539.820769202895463, 7524869.818458079360425 ], [ 4185544.831936373841017, 7524866.501638884656131 ], [ 4185566.535813957918435, 7524851.862188605591655 ], [ 4185571.488331427332014, 7524848.458417651243508 ], [ 4185592.933409455697984, 7524833.442412357777357 ], [ 4185597.825768638402224, 7524829.952726467512548 ], [ 4185619.005515375174582, 7524814.564739731140435 ], [ 4185623.836226011160761, 7524810.99020189512521 ], [ 4185644.744189283810556, 7524795.234921489842236 ], [ 4185649.511779892724007, 7524791.576620548032224 ], [ 4185670.141591288149357, 7524775.458845428191125 ], [ 4185674.84460961446166, 7524771.717895735055208 ], [ 4185695.189985142555088, 7524755.24253548309207 ], [ 4185699.826998602133244, 7524751.420076566748321 ], [ 4185719.881740650627762, 7524734.592149910517037 ], [ 4185724.451336763799191, 7524730.689346130006015 ], [ 4185744.209336606319994, 7524713.513978902250528 ], [ 4185748.710123430006206, 7524709.532019088976085 ], [ 4185768.165362502448261, 7524692.014443145133555 ], [ 4185772.595969053916633, 7524687.954540242440999 ], [ 4185791.742521276697516, 7524670.100091447122395 ], [ 4185796.101597949396819, 7524665.963482140563428 ], [ 4185814.933630797546357, 7524647.777599411085248 ], [ 4185819.219849774613976, 7524643.565543753094971 ], [ 4185837.731627027038485, 7524625.053766500204802 ], [ 4185841.943682685494423, 7524620.767547522671521 ], [ 4185860.129565419163555, 7524601.935514670796692 ], [ 4185864.26617472525686, 7524597.576437998563051 ], [ 4185882.120623575989157, 7524578.429885715246201 ], [ 4185886.180526478216052, 7524573.999279163777828 ], [ 4185903.698102356866002, 7524554.544040162116289 ], [ 4185907.680062170606107, 7524550.043253337964416 ], [ 4185924.855429356452078, 7524530.28525354526937 ], [ 4185928.758233136963099, 7524525.715657432563603 ], [ 4185945.58615984255448, 7524505.660915327258408 ], [ 4185949.408618758898228, 7524501.023901867680252 ], [ 4185965.883978953585029, 7524480.678526409901679 ], [ 4185969.624928647186607, 7524475.975508083589375 ], [ 4185985.742703836876899, 7524455.345696600154042 ], [ 4185989.40100477822125, 7524450.578105991706252 ], [ 4186005.156285266857594, 7524429.670142605900764 ], [ 4186008.730823102407157, 7524424.839431969448924 ], [ 4186024.118809727020562, 7524403.659685385413468 ], [ 4186027.608495617751032, 7524398.767326202243567 ], [ 4186042.624500980600715, 7524377.322248072363436 ], [ 4186046.0282719344832, 7524372.369730602949858 ], [ 4186060.667722070589662, 7524350.665853232145309 ], [ 4186063.984541265759617, 7524345.654686061665416 ], [ 4186078.242976918816566, 7524323.698620561510324 ], [ 4186081.471834020223469, 7524318.630330138839781 ], [ 4186095.344911816064268, 7524296.428764718584716 ], [ 4186098.484823282808065, 7524291.304894894361496 ], [ 4186111.968317436054349, 7524268.864592225290835 ], [ 4186115.018326819874346, 7524263.686703780665994 ], [ 4186128.108130091335624, 7524241.014499451965094 ], [ 4186131.067308330442756, 7524235.784169620834291 ], [ 4186143.759433359373361, 7524212.886969951912761 ], [ 4186146.626879059243947, 7524207.605791945010424 ], [ 4186158.917459885589778, 7524184.490571309812367 ], [ 4186161.692299594637007, 7524179.160153822973371 ], [ 4186173.57759216055274, 7524155.833953773602843 ], [ 4186176.25898063601926, 7524150.455920505337417 ], [ 4186187.73536478029564, 7524126.925846009515226 ], [ 4186190.322485244367272, 7524121.501835160888731 ], [ 4186201.386465085204691, 7524097.775053822435439 ], [ 4186203.87852947646752, 7524092.306717597879469 ], [ 4186214.526734701823443, 7524068.390457085333765 ], [ 4186216.92298391321674, 7524062.879461195319891 ], [ 4186227.15217111678794, 7524038.781006320379674 ], [ 4186229.45187522796914, 7524033.229029465466738 ], [ 4186239.258928407449275, 7524008.955721070058644 ], [ 4186241.46138690598309, 7524003.364454437978566 ], [ 4186250.843318813014776, 7523978.923686224035919 ], [ 4186252.947860808577389, 7523973.294832968153059 ], [ 4186261.901813579257578, 7523948.694049917161465 ], [ 4186263.907798008061945, 7523943.029324640519917 ], [ 4186272.431044205557555, 7523918.276020319201052 ], [ 4186274.337860024999827, 7523912.577148552052677 ], [ 4186282.427803310099989, 7523887.678863285109401 ], [ 4186284.234869686421007, 7523881.947580958716571 ], [ 4186291.889045876450837, 7523856.911898725666106 ], [ 4186293.595812358893454, 7523851.149951645173132 ], [ 4186300.811889856588095, 7523825.984498751349747 ], [ 4186302.417836548294872, 7523820.193642060272396 ], [ 4186309.193617306184024, 7523794.906084013171494 ], [ 4186310.698255019728094, 7523789.088081663474441 ], [ 4186317.031675054691732, 7523763.686121344566345 ], [ 4186318.434545462951064, 7523757.842745555564761 ], [ 4186324.323675541672856, 7523732.334120699204504 ], [ 4186325.624351316597313, 7523726.467151421122253 ], [ 4186331.067397594917566, 7523700.859632009640336 ], [ 4186332.265482537914068, 7523694.970856375992298 ], [ 4186337.260786931496114, 7523669.272243090905249 ], [ 4186338.355916094966233, 7523663.363454881124198 ], [ 4186342.901957041118294, 7523637.581575514748693 ], [ 4186343.893796837888658, 7523631.654574603773654 ], [ 4186347.98918958613649, 7523605.797282440587878 ], [ 4186348.877437891904265, 7523599.853874248452485 ], [ 4186352.520934906322509, 7523573.929045910947025 ], [ 4186353.305321152321994, 7523567.971040857955813 ], [ 4186356.495812618173659, 7523541.986573082394898 ], [ 4186357.176097872201353, 7523536.015786034986377 ], [ 4186359.912611895706505, 7523509.97959428280592 ], [ 4186360.488588937092572, 7523503.997844001278281 ], [ 4186362.770291998051107, 7523477.917858670465648 ], [ 4186363.241785377729684, 7523471.92696725204587 ], [ 4186365.067982403561473, 7523445.811133057810366 ], [ 4186365.434848500881344, 7523439.812925388105214 ], [ 4186366.804983241017908, 7523413.669197130948305 ], [ 4186367.0671103047207, 7523407.665500320494175 ], [ 4186367.980765395797789, 7523381.501841727644205 ], [ 4186368.138073579408228, 7523375.49448456056416 ], [ 4186368.594970711972564, 7523349.318865378387272 ], [ 4186368.647412098012865, 7523343.309677755460143 ], [ 4186368.647412098012865, 7523317.130071198567748 ], [ 4186368.594970711972564, 7523311.120883575640619 ], [ 4186368.138073579408228, 7523284.945264393463731 ], [ 4186367.980765395797789, 7523278.937907226383686 ], [ 4186367.0671103047207, 7523252.774248633533716 ], [ 4186366.804983241017908, 7523246.770551823079586 ], [ 4186365.434848500881344, 7523220.626823565922678 ], [ 4186365.067982403561473, 7523214.628615896217525 ], [ 4186363.241785377729684, 7523188.512781701982021 ], [ 4186362.770291998051107, 7523182.521890283562243 ], [ 4186360.488588937092572, 7523156.44190495274961 ], [ 4186359.912611895706505, 7523150.460154671221972 ], [ 4186357.176097872201353, 7523124.423962919041514 ], [ 4186356.495812618173659, 7523118.453175871632993 ], [ 4186353.305321152321994, 7523092.468708096072078 ], [ 4186352.520934906322509, 7523086.510703043080866 ], [ 4186348.877437891904265, 7523060.585874705575407 ], [ 4186347.98918958613649, 7523054.642466513440013 ], [ 4186343.893796837888658, 7523028.785174350254238 ], [ 4186342.901957041118294, 7523022.858173439279199 ], [ 4186338.355916094966233, 7522997.076294072903693 ], [ 4186337.260786931496114, 7522991.167505863122642 ], [ 4186332.265482537914068, 7522965.468892578035593 ], [ 4186331.067397594917566, 7522959.580116944387555 ], [ 4186325.624351316597313, 7522933.972597532905638 ], [ 4186324.323675541672856, 7522928.105628254823387 ], [ 4186318.434545462951064, 7522902.59700339846313 ], [ 4186317.031675054691732, 7522896.753627609461546 ], [ 4186310.698255019728094, 7522871.351667290553451 ], [ 4186309.193617306184024, 7522865.533664940856397 ], [ 4186302.417836548294872, 7522840.246106893755496 ], [ 4186300.811889856588095, 7522834.455250202678144 ], [ 4186293.595812358893454, 7522809.289797308854759 ], [ 4186291.889045876450837, 7522803.527850228361785 ], [ 4186284.234869686421007, 7522778.49216799531132 ], [ 4186282.427803310099989, 7522772.76088566891849 ], [ 4186274.337860024999827, 7522747.862600401975214 ], [ 4186272.431044205557555, 7522742.163728634826839 ], [ 4186263.907798008061945, 7522717.410424313507974 ], [ 4186261.901813579257578, 7522711.745699036866426 ], [ 4186252.947860808577389, 7522687.144915985874832 ], [ 4186250.843318813014776, 7522681.516062729991972 ], [ 4186241.46138690598309, 7522657.075294516049325 ], [ 4186239.258928407449275, 7522651.484027883969247 ], [ 4186229.45187522796914, 7522627.210719488561153 ], [ 4186227.15217111678794, 7522621.658742633648217 ], [ 4186216.92298391321674, 7522597.560287758708 ], [ 4186214.526734701823443, 7522592.049291868694127 ], [ 4186203.87852947646752, 7522568.133031356148422 ], [ 4186201.386465085204691, 7522562.664695131592453 ], [ 4186190.322485244367272, 7522538.93791379313916 ], [ 4186187.73536478029564, 7522533.513902944512665 ], [ 4186176.25898063601926, 7522509.983828448690474 ], [ 4186173.57759216055274, 7522504.605795180425048 ], [ 4186161.692299594637007, 7522481.279595131054521 ], [ 4186158.917459885589778, 7522475.949177644215524 ], [ 4186146.626879059243947, 7522452.833957009017467 ], [ 4186143.759433359373361, 7522447.55277900211513 ], [ 4186131.067308330442756, 7522424.6555793331936 ], [ 4186128.108130091335624, 7522419.425249502062798 ], [ 4186115.018326819874346, 7522396.753045173361897 ], [ 4186111.968317436054349, 7522391.575156728737056 ], [ 4186098.484823282808065, 7522369.134854059666395 ], [ 4186095.344911816064268, 7522364.010984235443175 ], [ 4186081.471834020223469, 7522341.80941881518811 ], [ 4186078.242976918816566, 7522336.741128392517567 ], [ 4186063.984541265759617, 7522314.785062892362475 ], [ 4186060.667722070589662, 7522309.773895721882582 ], [ 4186046.0282719344832, 7522288.070018351078033 ], [ 4186042.624500980600715, 7522283.117500881664455 ], [ 4186027.608495617751032, 7522261.672422751784325 ], [ 4186024.118809727020562, 7522256.780063568614423 ], [ 4186008.730823102407157, 7522235.600316984578967 ], [ 4186005.156285266857594, 7522230.769606348127127 ], [ 4185989.40100477822125, 7522209.861642962321639 ], [ 4185985.742703836876899, 7522205.094052353873849 ], [ 4185969.624928647186607, 7522184.464240870438516 ], [ 4185965.883978953585029, 7522179.761222544126213 ], [ 4185949.408618758898228, 7522159.41584708634764 ], [ 4185945.58615984255448, 7522154.778833626769483 ], [ 4185928.758233136963099, 7522134.724091521464288 ], [ 4185924.855429356452078, 7522130.154495408758521 ], [ 4185907.680062170606107, 7522110.396495616063476 ], [ 4185903.698102356866002, 7522105.895708791911602 ], [ 4185886.180526478216052, 7522086.440469790250063 ], [ 4185882.120623575989157, 7522082.009863238781691 ], [ 4185864.26617472525686, 7522062.86331095546484 ], [ 4185860.129565419163555, 7522058.504234283231199 ], [ 4185841.943682685494423, 7522039.67220143135637 ], [ 4185837.731627027038485, 7522035.38598245382309 ], [ 4185819.219849774613976, 7522016.87420520093292 ], [ 4185814.933630797546357, 7522012.662149542942643 ], [ 4185796.101597949396819, 7521994.476266813464463 ], [ 4185791.742521276697516, 7521990.339657506905496 ], [ 4185772.595969053916633, 7521972.485208711586893 ], [ 4185768.165362502448261, 7521968.425305808894336 ], [ 4185748.710123430006206, 7521950.907729865051806 ], [ 4185744.209336606319994, 7521946.925770051777363 ], [ 4185724.451336763799191, 7521929.750402824021876 ], [ 4185719.881740650627762, 7521925.847599043510854 ], [ 4185699.826998602133244, 7521909.01967238727957 ], [ 4185695.189985142555088, 7521905.197213470935822 ], [ 4185674.84460961446166, 7521888.721853218972683 ], [ 4185670.141591288149357, 7521884.980903525836766 ], [ 4185649.511779892724007, 7521868.863128405995667 ], [ 4185644.744189283810556, 7521865.204827464185655 ], [ 4185623.836226011160761, 7521849.449547058902681 ], [ 4185619.005515375174582, 7521845.875009222887456 ], [ 4185597.825768638402224, 7521830.487022486515343 ], [ 4185592.933409455697984, 7521826.997336596250534 ], [ 4185571.488331427332014, 7521811.981331302784383 ], [ 4185566.535813957918435, 7521808.577560348436236 ], [ 4185544.831936373841017, 7521793.93811006937176 ], [ 4185539.820769202895463, 7521790.621290874667466 ], [ 4185517.86470391927287, 7521776.362855362705886 ], [ 4185512.796413496602327, 7521773.133998260833323 ], [ 4185490.594847909640521, 7521759.260920360684395 ], [ 4185485.4709780854173, 7521756.121008894406259 ], [ 4185463.030675500165671, 7521742.63751479331404 ], [ 4185457.85278705554083, 7521739.587505409494042 ], [ 4185435.180582777131349, 7521726.497702166438103 ], [ 4185429.950252946466208, 7521723.538523927330971 ], [ 4185407.053053179290146, 7521710.846398843452334 ], [ 4185401.771875171922147, 7521707.978953143581748 ], [ 4185378.656654724385589, 7521695.688372416421771 ], [ 4185373.326237238012254, 7521692.913532706908882 ], [ 4185350.000036956276745, 7521681.02824002224952 ], [ 4185344.622003688011318, 7521678.346851547248662 ], [ 4185321.091929194517434, 7521666.870467405766249 ], [ 4185315.667918344959617, 7521664.283346941694617 ], [ 4185291.941137141548097, 7521653.219367164187133 ], [ 4185286.472800917457789, 7521650.727302772924304 ], [ 4185262.556540317833424, 7521640.079097509384155 ], [ 4185257.045544427353889, 7521637.682848297990859 ], [ 4185232.947089636698365, 7521627.453661129809916 ], [ 4185227.39511278225109, 7521625.153957018628716 ], [ 4185203.121804245281965, 7521615.346903782337904 ], [ 4185197.530537613201886, 7521613.14444528426975 ], [ 4185173.089769499376416, 7521603.762513416819274 ], [ 4185167.460916243493557, 7521601.657971421256661 ], [ 4185142.860133259091526, 7521592.704018673859537 ], [ 4185137.195407981984317, 7521590.698034244589508 ], [ 4185112.442103593610227, 7521582.174788024276495 ], [ 4185106.743231826461852, 7521580.267972204834223 ], [ 4185081.844946593046188, 7521572.178028929978609 ], [ 4185076.11366426711902, 7521570.370962553657591 ], [ 4185051.077981968875974, 7521562.716786343604326 ], [ 4185045.31603488791734, 7521561.010019861161709 ], [ 4185020.150582056026906, 7521553.793942380696535 ], [ 4185014.359725365415215, 7521552.187995688989758 ], [ 4184989.072167288511992, 7521545.412214922718704 ], [ 4184983.254164938814938, 7521543.907577209174633 ], [ 4184957.852204619441181, 7521537.574157174676657 ], [ 4184952.008828830439597, 7521536.171286766417325 ], [ 4184926.500203949864954, 7521530.282156682573259 ], [ 4184920.633234671317041, 7521528.981480907648802 ], [ 4184895.025715307332575, 7521523.538434639573097 ], [ 4184889.136939674150199, 7521522.340349696576595 ], [ 4184863.438326498959213, 7521517.345045322552323 ], [ 4184857.529538289643824, 7521516.249916158616543 ], [ 4184831.747658639214933, 7521511.703875162638724 ], [ 4184825.820657727308571, 7521510.712035366334021 ], [ 4184799.963365715462714, 7521506.616642642766237 ], [ 4184794.019957523327321, 7521505.728394336998463 ], [ 4184768.095129086170346, 7521502.084897309541702 ], [ 4184762.137124033644795, 7521501.300511064007878 ], [ 4184736.152656485792249, 7521498.110019626095891 ], [ 4184730.18186943884939, 7521497.429734371602535 ], [ 4184704.145677536260337, 7521494.693220331333578 ], [ 4184698.163927253801376, 7521494.11724328994751 ], [ 4184672.083942069672048, 7521491.835540240630507 ], [ 4184666.093050651717931, 7521491.364046860486269 ], [ 4184639.977216210216284, 7521489.537849817425013 ], [ 4184633.97900854004547, 7521489.170983720570803 ], [ 4184607.835280521772802, 7521487.800848993472755 ], [ 4184601.831583711318672, 7521487.538721929304302 ], [ 4184575.667925008572638, 7521486.6250668335706 ], [ 4184569.660567842423916, 7521486.46775864996016 ], [ 4184543.484948537312448, 7521486.01086151599884 ], [ 4184537.475760913919657, 7521485.958420130424201 ], [ 4184511.296154590789229, 7521485.958420130424201 ], [ 4184505.286966967396438, 7521486.01086151599884 ], [ 4184479.11134766228497, 7521486.46775864996016 ], [ 4184473.103990496136248, 7521486.6250668335706 ], [ 4184446.940331793390214, 7521487.538721929304302 ], [ 4184440.936634982936084, 7521487.800848993472755 ], [ 4184414.792906964663416, 7521489.170983720570803 ], [ 4184408.794699294492602, 7521489.537849817425013 ], [ 4184382.678864852990955, 7521491.364046860486269 ], [ 4184376.687973435036838, 7521491.835540240630507 ], [ 4184350.607988250907511, 7521494.11724328994751 ], [ 4184344.62623796844855, 7521494.693220331333578 ], [ 4184318.590046065859497, 7521497.429734371602535 ], [ 4184312.619259018916637, 7521498.110019626095891 ], [ 4184286.634791471064091, 7521501.300511064007878 ], [ 4184280.676786418538541, 7521502.084897309541702 ], [ 4184254.751957981381565, 7521505.728394336998463 ], [ 4184248.808549789246172, 7521506.616642642766237 ], [ 4184222.951257777400315, 7521510.712035366334021 ], [ 4184217.024256865493953, 7521511.703875162638724 ], [ 4184191.242377215065062, 7521516.249916158616543 ], [ 4184185.333589005749673, 7521517.345045322552323 ], [ 4184159.634975830558687, 7521522.340349696576595 ], [ 4184153.746200197376311, 7521523.538434639573097 ], [ 4184128.138680833391845, 7521528.981480907648802 ], [ 4184122.271711554843932, 7521530.282156682573259 ], [ 4184096.763086674269289, 7521536.171286766417325 ], [ 4184090.919710885267705, 7521537.574157174676657 ], [ 4184065.517750565893948, 7521543.907577209174633 ], [ 4184059.699748216196895, 7521545.412214922718704 ], [ 4184034.412190139293671, 7521552.187995688989758 ], [ 4184028.62133344868198, 7521553.793942380696535 ], [ 4184003.455880616791546, 7521561.010019861161709 ], [ 4183997.693933535832912, 7521562.716786343604326 ], [ 4183972.658251237589866, 7521570.370962553657591 ], [ 4183966.926968911662698, 7521572.178028929978609 ], [ 4183942.028683678247035, 7521580.267972204834223 ], [ 4183936.329811911098659, 7521582.174788024276495 ], [ 4183911.576507522724569, 7521590.698034244589508 ], [ 4183905.91178224561736, 7521592.704018673859537 ], [ 4183881.310999261215329, 7521601.657971421256661 ], [ 4183875.68214600533247, 7521603.762513416819274 ], [ 4183851.241377891507, 7521613.14444528426975 ], [ 4183845.650111259426922, 7521615.346903782337904 ], [ 4183821.376802722457796, 7521625.153957018628716 ], [ 4183815.824825868010521, 7521627.453661129809916 ], [ 4183791.726371077354997, 7521637.682848297990859 ], [ 4183786.215375186875463, 7521640.079097509384155 ], [ 4183762.299114587251097, 7521650.727302772924304 ], [ 4183756.830778363160789, 7521653.219367164187133 ], [ 4183733.103997159749269, 7521664.283346941694617 ], [ 4183727.679986310191453, 7521666.870467405766249 ], [ 4183704.149911816697568, 7521678.346851547248662 ], [ 4183698.771878548432142, 7521681.02824002224952 ], [ 4183675.445678266696632, 7521692.913532706908882 ], [ 4183670.115260780323297, 7521695.688372416421771 ], [ 4183647.000040332786739, 7521707.978953143581748 ], [ 4183641.718862325418741, 7521710.846398843452334 ], [ 4183618.821662558242679, 7521723.538523927330971 ], [ 4183613.591332727577537, 7521726.497702166438103 ], [ 4183590.919128449168056, 7521739.587505409494042 ], [ 4183585.741240004543215, 7521742.63751479331404 ], [ 4183563.300937419291586, 7521756.121008894406259 ], [ 4183558.177067595068365, 7521759.260920360684395 ], [ 4183535.97550200810656, 7521773.133998260833323 ], [ 4183530.907211585436016, 7521776.362855362705886 ], [ 4183508.951146301813424, 7521790.621290874667466 ], [ 4183503.939979130867869, 7521793.93811006937176 ], [ 4183482.236101546790451, 7521808.577560348436236 ], [ 4183477.283584077376872, 7521811.981331302784383 ], [ 4183455.838506049010903, 7521826.997336596250534 ], [ 4183450.946146866306663, 7521830.487022486515343 ], [ 4183429.766400129534304, 7521845.875009222887456 ], [ 4183424.935689493548125, 7521849.449547058902681 ], [ 4183404.02772622089833, 7521865.204827464185655 ], [ 4183399.260135611984879, 7521868.863128405995667 ], [ 4183378.630324216559529, 7521884.980903525836766 ], [ 4183373.927305890247226, 7521888.721853218972683 ], [ 4183353.581930362153798, 7521905.197213470935822 ], [ 4183348.944916902575642, 7521909.01967238727957 ], [ 4183328.890174854081124, 7521925.847599043510854 ], [ 4183324.320578740909696, 7521929.750402824021876 ], [ 4183304.562578898388892, 7521946.925770051777363 ], [ 4183300.06179207470268, 7521950.907729865051806 ], [ 4183280.606553002260625, 7521968.425305808894336 ], [ 4183276.175946450792253, 7521972.485208711586893 ], [ 4183257.02939422801137, 7521990.339657506905496 ], [ 4183252.670317555312067, 7521994.476266813464463 ], [ 4183233.838284707162529, 7522012.662149542942643 ], [ 4183229.55206573009491, 7522016.87420520093292 ], [ 4183211.040288477670401, 7522035.38598245382309 ], [ 4183206.828232819214463, 7522039.67220143135637 ], [ 4183188.642350085545331, 7522058.504234283231199 ], [ 4183184.505740779452026, 7522062.86331095546484 ], [ 4183166.651291928719729, 7522082.009863238781691 ], [ 4183162.591389026492834, 7522086.440469790250063 ], [ 4183145.073813147842884, 7522105.895708791911602 ], [ 4183141.09185333410278, 7522110.396495616063476 ], [ 4183123.916486148256809, 7522130.154495408758521 ], [ 4183120.013682367745787, 7522134.724091521464288 ], [ 4183103.185755662154406, 7522154.778833626769483 ], [ 4183099.363296745810658, 7522159.41584708634764 ], [ 4183082.887936551123857, 7522179.761222544126213 ], [ 4183079.146986857522279, 7522184.464240870438516 ], [ 4183063.029211667831987, 7522205.094052353873849 ], [ 4183059.370910726487637, 7522209.861642962321639 ], [ 4183043.615630237851292, 7522230.769606348127127 ], [ 4183040.041092402301729, 7522235.600316984578967 ], [ 4183024.653105777688324, 7522256.780063568614423 ], [ 4183021.163419886957854, 7522261.672422751784325 ], [ 4183006.147414524108171, 7522283.117500881664455 ], [ 4183002.743643570225686, 7522288.070018351078033 ], [ 4182988.104193434119225, 7522309.773895721882582 ], [ 4182984.787374238949269, 7522314.785062892362475 ], [ 4182970.52893858589232, 7522336.741128392517567 ], [ 4182967.300081484485418, 7522341.80941881518811 ], [ 4182953.427003688644618, 7522364.010984235443175 ], [ 4182950.287092221900821, 7522369.134854059666395 ], [ 4182936.803598068654537, 7522391.575156728737056 ], [ 4182933.75358868483454, 7522396.753045173361897 ], [ 4182920.663785413373262, 7522419.425249502062798 ], [ 4182917.70460717426613, 7522424.6555793331936 ], [ 4182905.012482145335525, 7522447.55277900211513 ], [ 4182902.145036445464939, 7522452.833957009017467 ], [ 4182889.854455619119108, 7522475.949177644215524 ], [ 4182887.07961591007188, 7522481.279595131054521 ], [ 4182875.194323344156146, 7522504.605795180425048 ], [ 4182872.512934868689626, 7522509.983828448690474 ], [ 4182861.036550724413246, 7522533.513902944512665 ], [ 4182858.449430260341614, 7522538.93791379313916 ], [ 4182847.385450419504195, 7522562.664695131592453 ], [ 4182844.893386028241366, 7522568.133031356148422 ], [ 4182834.245180802885443, 7522592.049291868694127 ], [ 4182831.848931591492146, 7522597.560287758708 ], [ 4182821.619744387920946, 7522621.658742633648217 ], [ 4182819.320040276739746, 7522627.210719488561153 ], [ 4182809.512987097259611, 7522651.484027883969247 ], [ 4182807.310528598725796, 7522657.075294516049325 ], [ 4182797.928596691694111, 7522681.516062729991972 ], [ 4182795.824054696131498, 7522687.144915985874832 ], [ 4182786.870101925451308, 7522711.745699036866426 ], [ 4182784.864117496646941, 7522717.410424313507974 ], [ 4182776.340871299151331, 7522742.163728634826839 ], [ 4182774.434055479709059, 7522747.862600401975214 ], [ 4182766.344112194608897, 7522772.76088566891849 ], [ 4182764.537045818287879, 7522778.49216799531132 ], [ 4182756.882869628258049, 7522803.527850228361785 ], [ 4182755.176103145815432, 7522809.289797308854759 ], [ 4182747.960025648120791, 7522834.455250202678144 ], [ 4182746.354078956414014, 7522840.246106893755496 ], [ 4182739.578298198524863, 7522865.533664940856397 ], [ 4182738.073660484980792, 7522871.351667290553451 ], [ 4182731.740240450017154, 7522896.753627609461546 ], [ 4182730.337370041757822, 7522902.59700339846313 ], [ 4182724.44823995186016, 7522928.105628304183483 ], [ 4182723.147564176935703, 7522933.972597583197057 ], [ 4182717.704517919104546, 7522959.580116899684072 ], [ 4182716.506432976108044, 7522965.468892532400787 ], [ 4182711.511128573212773, 7522991.167505863122642 ], [ 4182710.415999409742653, 7522997.076294072903693 ], [ 4182705.869958463590592, 7523022.858173439279199 ], [ 4182704.878118666820228, 7523028.785174350254238 ], [ 4182700.782725918572396, 7523054.642466513440013 ], [ 4182699.894477612804621, 7523060.585874705575407 ], [ 4182696.250980598386377, 7523086.510703043080866 ], [ 4182695.466594352386892, 7523092.468708096072078 ], [ 4182692.276102886535227, 7523118.453175871632993 ], [ 4182691.595817632507533, 7523124.423962919041514 ], [ 4182688.859303609002382, 7523150.460154671221972 ], [ 4182688.283326567616314, 7523156.44190495274961 ], [ 4182686.001623506657779, 7523182.521890283562243 ], [ 4182685.530130126979202, 7523188.512781701982021 ], [ 4182683.703933101147413, 7523214.628615896217525 ], [ 4182683.337067003827542, 7523220.626823565922678 ], [ 4182681.966932263690978, 7523246.770551823079586 ], [ 4182681.704805199988186, 7523252.774248633533716 ], [ 4182680.791150108911097, 7523278.937907226383686 ], [ 4182680.633841925300658, 7523284.945264393463731 ], [ 4182680.176944792736322, 7523311.120883575640619 ], [ 4182680.124503406696022, 7523317.130071198567748 ], [ 4182680.124503406696022, 7523343.309677755460143 ], [ 4182680.176944792736322, 7523349.318865378387272 ], [ 4182680.633841925300658, 7523375.49448456056416 ], [ 4182680.791150108911097, 7523381.501841727644205 ], [ 4182681.704805199988186, 7523407.665500320494175 ], [ 4182681.966932263690978, 7523413.669197130948305 ], [ 4182683.337067003827542, 7523439.812925388105214 ], [ 4182683.703933101147413, 7523445.811133057810366 ], [ 4182685.530130126979202, 7523471.92696725204587 ], [ 4182686.001623506657779, 7523477.917858670465648 ], [ 4182688.283326567616314, 7523503.997844001278281 ], [ 4182688.859303609002382, 7523509.97959428280592 ], [ 4182691.595817632507533, 7523536.015786034986377 ], [ 4182692.276102886535227, 7523541.986573082394898 ], [ 4182695.466594352386892, 7523567.971040857955813 ], [ 4182696.250980598386377, 7523573.929045910947025 ], [ 4182699.894477612804621, 7523599.853874248452485 ], [ 4182700.782725918572396, 7523605.797282440587878 ], [ 4182704.878118666820228, 7523631.654574603773654 ], [ 4182705.869958463590592, 7523637.581575514748693 ], [ 4182710.415999409742653, 7523663.363454881124198 ], [ 4182711.511128573212773, 7523669.272243090905249 ], [ 4182716.506432966794819, 7523694.970856375992298 ], [ 4182717.704517909791321, 7523700.859632009640336 ], [ 4182723.147564188111573, 7523726.467151421122253 ], [ 4182724.448239963036031, 7523732.334120699204504 ], [ 4182730.337370041757822, 7523757.842745555564761 ], [ 4182731.740240450017154, 7523763.686121344566345 ], [ 4182738.073660484980792, 7523789.088081663474441 ], [ 4182739.578298198524863, 7523794.906084013171494 ], [ 4182746.354078956414014, 7523820.193642060272396 ], [ 4182747.960025648120791, 7523825.984498751349747 ], [ 4182755.176103145815432, 7523851.149951645173132 ], [ 4182756.882869628258049, 7523856.911898725666106 ], [ 4182764.537045818287879, 7523881.947580958716571 ], [ 4182766.344112194608897, 7523887.678863285109401 ], [ 4182774.434055479709059, 7523912.577148552052677 ], [ 4182776.340871299151331, 7523918.276020319201052 ], [ 4182784.864117496646941, 7523943.029324640519917 ], [ 4182786.870101925451308, 7523948.694049917161465 ], [ 4182795.824054696131498, 7523973.294832968153059 ], [ 4182797.928596691694111, 7523978.923686224035919 ], [ 4182807.310528598725796, 7524003.364454437978566 ], [ 4182809.512987097259611, 7524008.955721070058644 ], [ 4182819.320040276739746, 7524033.229029465466738 ], [ 4182821.619744387920946, 7524038.781006320379674 ], [ 4182831.848931591492146, 7524062.879461195319891 ], [ 4182834.245180802885443, 7524068.390457085333765 ], [ 4182844.893386028241366, 7524092.306717597879469 ], [ 4182847.385450419504195, 7524097.775053822435439 ], [ 4182858.449430260341614, 7524121.501835160888731 ], [ 4182861.036550724413246, 7524126.925846009515226 ], [ 4182872.512934868689626, 7524150.455920505337417 ], [ 4182875.194323344156146, 7524155.833953773602843 ], [ 4182887.07961591007188, 7524179.160153822973371 ], [ 4182889.854455619119108, 7524184.490571309812367 ], [ 4182902.145036445464939, 7524207.605791945010424 ], [ 4182905.012482145335525, 7524212.886969951912761 ], [ 4182917.70460717426613, 7524235.784169620834291 ], [ 4182920.663785413373262, 7524241.014499451965094 ], [ 4182933.75358868483454, 7524263.686703780665994 ], [ 4182936.803598068654537, 7524268.864592225290835 ], [ 4182950.287092221900821, 7524291.304894894361496 ], [ 4182953.427003688644618, 7524296.428764718584716 ], [ 4182967.300081484485418, 7524318.630330138839781 ], [ 4182970.52893858589232, 7524323.698620561510324 ], [ 4182984.787374238949269, 7524345.654686061665416 ], [ 4182988.104193434119225, 7524350.665853232145309 ], [ 4183002.743643570225686, 7524372.369730602949858 ], [ 4183006.147414524108171, 7524377.322248072363436 ], [ 4183021.163419886957854, 7524398.767326202243567 ], [ 4183024.653105777688324, 7524403.659685385413468 ], [ 4183040.041092402301729, 7524424.839431969448924 ], [ 4183043.615630237851292, 7524429.670142605900764 ], [ 4183059.370910726487637, 7524450.578105991706252 ], [ 4183063.029211667831987, 7524455.345696600154042 ], [ 4183079.146986857522279, 7524475.975508083589375 ], [ 4183082.887936551123857, 7524480.678526409901679 ], [ 4183099.363296745810658, 7524501.023901867680252 ], [ 4183103.185755662154406, 7524505.660915327258408 ], [ 4183120.013682367745787, 7524525.715657432563603 ], [ 4183123.916486148256809, 7524530.28525354526937 ], [ 4183141.09185333410278, 7524550.043253337964416 ], [ 4183145.073813147842884, 7524554.544040162116289 ], [ 4183162.591389026492834, 7524573.999279163777828 ], [ 4183166.651291928719729, 7524578.429885715246201 ], [ 4183184.505740779452026, 7524597.576437998563051 ], [ 4183188.642350085545331, 7524601.935514670796692 ], [ 4183206.828232819214463, 7524620.767547522671521 ], [ 4183211.040288477670401, 7524625.053766500204802 ], [ 4183229.55206573009491, 7524643.565543753094971 ], [ 4183233.838284707162529, 7524647.777599411085248 ], [ 4183252.670317555312067, 7524665.963482140563428 ], [ 4183257.02939422801137, 7524670.100091447122395 ], [ 4183276.175946450792253, 7524687.954540242440999 ], [ 4183280.606553002260625, 7524692.014443145133555 ], [ 4183300.06179207470268, 7524709.532019088976085 ], [ 4183304.562578898388892, 7524713.513978902250528 ], [ 4183324.320578740909696, 7524730.689346130006015 ], [ 4183328.890174854081124, 7524734.592149910517037 ], [ 4183348.944916902575642, 7524751.420076566748321 ], [ 4183353.581930362153798, 7524755.24253548309207 ], [ 4183373.927305890247226, 7524771.717895735055208 ], [ 4183378.630324216559529, 7524775.458845428191125 ], [ 4183399.260135611984879, 7524791.576620548032224 ], [ 4183404.02772622089833, 7524795.234921489842236 ], [ 4183424.935689493548125, 7524810.99020189512521 ], [ 4183429.766400129534304, 7524814.564739731140435 ], [ 4183450.946146866306663, 7524829.952726467512548 ], [ 4183455.838506049010903, 7524833.442412357777357 ], [ 4183477.283584077376872, 7524848.458417651243508 ], [ 4183482.236101546790451, 7524851.862188605591655 ], [ 4183503.939979130867869, 7524866.501638884656131 ], [ 4183508.951146301813424, 7524869.818458079360425 ], [ 4183530.907211585436016, 7524884.076893591322005 ], [ 4183535.97550200810656, 7524887.305750693194568 ], [ 4183558.177067595068365, 7524901.178828593343496 ], [ 4183563.300937419291586, 7524904.318740059621632 ], [ 4183585.741240004543215, 7524917.802234160713851 ], [ 4183590.919128449168056, 7524920.852243544533849 ], [ 4183613.591332727577537, 7524933.942046787589788 ], [ 4183618.821662558242679, 7524936.90122502669692 ], [ 4183641.718862325418741, 7524949.593350110575557 ], [ 4183647.000040332786739, 7524952.460795810446143 ], [ 4183670.115260780323297, 7524964.75137653760612 ], [ 4183675.445678266696632, 7524967.526216247119009 ], [ 4183698.771878548432142, 7524979.411508931778371 ], [ 4183704.149911816697568, 7524982.09289740677923 ], [ 4183727.679986310191453, 7524993.569281548261642 ], [ 4183733.103997159749269, 7524996.156402012333274 ], [ 4183756.830778363160789, 7525007.220381789840758 ], [ 4183762.299114587251097, 7525009.712446181103587 ], [ 4183786.215375186875463, 7525020.360651444643736 ], [ 4183791.726371077354997, 7525022.756900656037033 ], [ 4183815.824825868010521, 7525032.986087824217975 ], [ 4183821.376802722457796, 7525035.285791935399175 ], [ 4183845.650111259426922, 7525045.092845171689987 ], [ 4183851.241377891507, 7525047.295303669758141 ], [ 4183875.68214600533247, 7525056.677235537208617 ], [ 4183881.310999261215329, 7525058.78177753277123 ], [ 4183905.91178224561736, 7525067.735730280168355 ], [ 4183911.576507522724569, 7525069.741714709438384 ], [ 4183936.329811911098659, 7525078.264960929751396 ], [ 4183942.028683678247035, 7525080.171776749193668 ], [ 4183966.926968911662698, 7525088.261720024049282 ], [ 4183972.658251237589866, 7525090.0687864003703 ], [ 4183997.693933535832912, 7525097.722962610423565 ], [ 4184003.455880616791546, 7525099.429729092866182 ], [ 4184028.62133344868198, 7525106.645806573331356 ], [ 4184034.412190139293671, 7525108.251753265038133 ], [ 4184059.699748216196895, 7525115.027534031309187 ], [ 4184065.517750565893948, 7525116.532171744853258 ], [ 4184090.919710885267705, 7525122.865591779351234 ], [ 4184096.763086674269289, 7525124.268462187610567 ], [ 4184122.271711554843932, 7525130.157592271454632 ], [ 4184128.138680833391845, 7525131.458268046379089 ], [ 4184153.746200197376311, 7525136.901314314454794 ], [ 4184159.634975830558687, 7525138.099399257451296 ], [ 4184185.333589005749673, 7525143.094703631475568 ], [ 4184191.242377215065062, 7525144.189832795411348 ], [ 4184217.024256865493953, 7525148.735873791389167 ], [ 4184222.951257777400315, 7525149.72771358769387 ], [ 4184248.808549789246172, 7525153.823106311261654 ], [ 4184254.751957981381565, 7525154.711354617029428 ], [ 4184280.676786418538541, 7525158.354851644486189 ], [ 4184286.634791471064091, 7525159.139237890020013 ], [ 4184312.619259018916637, 7525162.329729327932 ], [ 4184318.590046065859497, 7525163.010014582425356 ], [ 4184344.62623796844855, 7525165.746528622694314 ], [ 4184350.607988250907511, 7525166.322505664080381 ], [ 4184376.687973435036838, 7525168.604208713397384 ], [ 4184382.678864852990955, 7525169.075702093541622 ], [ 4184408.794699294492602, 7525170.901899136602879 ], [ 4184414.792906964663416, 7525171.268765233457088 ], [ 4184440.936634982936084, 7525172.638899960555136 ], [ 4184446.940331793390214, 7525172.901027024723589 ], [ 4184473.103990496136248, 7525173.814682120457292 ], [ 4184479.11134766228497, 7525173.971990304067731 ], [ 4184505.286966967396438, 7525174.428887438029051 ], [ 4184511.296154590789229, 7525174.48132882360369 ] ] ] ] } },
{ "type": "Feature", "properties": { "id": null }, "geometry": { "type": "MultiPolygon", "coordinates": [ [ [ [ 4180202.192851148545742, 7529695.93422632291913 ], [ 4180228.227822629734874, 7529695.93422632291913 ], [ 4180234.188036844134331, 7529695.88249970600009 ], [ 4180260.219086744822562, 7529695.430636896751821 ], [ 4180266.177505425643176, 7529695.275472628884017 ], [ 4180292.196791531983763, 7529694.37188314832747 ], [ 4180298.151619685813785, 7529694.113327974453568 ], [ 4180324.151304447092116, 7529692.758283995091915 ], [ 4180330.10074816364795, 7529692.396415803581476 ], [ 4180356.072998277377337, 7529690.59032557439059 ], [ 4180362.015265267342329, 7529690.125253380276263 ], [ 4180387.952256562188268, 7529687.868660998530686 ], [ 4180393.88555669831112, 7529687.300524907186627 ], [ 4180419.779476246796548, 7529684.594110113568604 ], [ 4180425.702022103127092, 7529683.923081276006997 ], [ 4180451.545068219769746, 7529680.767659503035247 ], [ 4180457.45507561089471, 7529679.993940071202815 ], [ 4180483.239464201964438, 7529676.390461750328541 ], [ 4180489.135152718983591, 7529675.514284807257354 ], [ 4180514.853115164674819, 7529671.463835631497204 ], [ 4180520.732708712574095, 7529670.485465129837394 ], [ 4180546.376497965306044, 7529665.989265223965049 ], [ 4180552.23822529707104, 7529664.908995900303125 ], [ 4180577.800115827936679, 7529659.968399802222848 ], [ 4180583.642211079597473, 7529658.786557091400027 ], [ 4180609.114502472337335, 7529653.403053132817149 ], [ 4180614.935205693822354, 7529652.119993068277836 ], [ 4180640.310223757755011, 7529646.295203179121017 ], [ 4180646.107781444210559, 7529644.911312288604677 ], [ 4180671.377882983069867, 7529638.646990947425365 ], [ 4180677.150548600591719, 7529637.162686130031943 ], [ 4180702.3081198441796, 7529630.460720741190016 ], [ 4180708.054154359735548, 7529628.876449150033295 ], [ 4180733.091617100406438, 7529621.738858552649617 ], [ 4180738.809289501514286, 7529620.055097454227507 ], [ 4180763.719100734684616, 7529612.484031981788576 ], [ 4180769.406688554678112, 7529610.701288615353405 ], [ 4180794.181344700511545, 7529602.699028896167874 ], [ 4180799.837134535424411, 7529600.817840317264199 ], [ 4180824.469171532895416, 7529592.386797253973782 ], [ 4180830.091459557414055, 7529590.407730177976191 ], [ 4180854.573457210324705, 7529581.550443557091057 ], [ 4180860.16054969234392, 7529579.474094184115529 ], [ 4180884.485132631845772, 7529570.193232325837016 ], [ 4180890.035346442367882, 7529568.020226162858307 ], [ 4180914.195187256205827, 7529558.318584776483476 ], [ 4180919.706850374117494, 7529556.049576447345316 ], [ 4180943.694669907446951, 7529545.930078558623791 ], [ 4180949.166121928021312, 7529543.565751611255109 ], [ 4180972.974694536533207, 7529533.031445440836251 ], [ 4180978.40428716596216, 7529530.572512135840952 ], [ 4181002.026440310291946, 7529519.626571223139763 ], [ 4181007.412537866737694, 7529517.073772321455181 ], [ 4181030.841155177913606, 7529505.719494219869375 ], [ 4181036.182135082781315, 7529503.073598760180175 ], [ 4181059.410158536862582, 7529491.314404024742544 ], [ 4181064.704411801882088, 7529488.576209092512727 ], [ 4181087.724844063166529, 7529476.415640126913786 ], [ 4181092.970775778405368, 7529473.585970611311495 ], [ 4181115.776681714691222, 7529461.027690907008946 ], [ 4181120.972711525391787, 7529458.10739925596863 ], [ 4181143.557220855727792, 7529445.155191997997463 ], [ 4181148.70178344193846, 7529442.145157958380878 ], [ 4181171.058092572260648, 7529428.802925003692508 ], [ 4181176.149638117756695, 7529425.704055357724428 ], [ 4181198.271012201439589, 7529411.975816052407026 ], [ 4181203.308006861712784, 7529408.789044343866408 ], [ 4181225.187781400512904, 7529394.678934593684971 ], [ 4181230.168707764241844, 7529391.405220849439502 ], [ 4181251.800291775260121, 7529376.91749113611877 ], [ 4181256.723649322986603, 7529373.557821571826935 ], [ 4181278.100525963120162, 7529358.696836543269455 ], [ 4181282.964831517543644, 7529355.252223270945251 ], [ 4181304.080561235081404, 7529340.022459636442363 ], [ 4181308.88434940809384, 7529336.493940356187522 ], [ 4181329.732570734340698, 7529320.899986336007714 ], [ 4181334.474394369870424, 7529317.28862402588129 ], [ 4181355.048826845828444, 7529301.335177251137793 ], [ 4181359.727257453836501, 7529297.642059845849872 ], [ 4181380.021703090984374, 7529281.333926239982247 ], [ 4181384.635331279132515, 7529277.560166302137077 ], [ 4181404.643675932195038, 7529260.902259050868452 ], [ 4181409.191111830063164, 7529257.048993439413607 ], [ 4181428.907328308094293, 7529240.046330471523106 ], [ 4181433.387201986741275, 7529236.114719993434846 ], [ 4181452.805350518785417, 7529218.77242358122021 ], [ 4181457.216312400996685, 7529214.763652647845447 ], [ 4181476.33054332062602, 7529197.086947111412883 ], [ 4181480.671264590229839, 7529193.002223377116024 ], [ 4181499.475819353479892, 7529174.996434185653925 ], [ 4181503.744992354419082, 7529170.836988188326359 ], [ 4181522.234206557273865, 7529152.507539136335254 ], [ 4181526.430545187555254, 7529148.274623920209706 ], [ 4181544.598848595283926, 7529129.627037096768618 ], [ 4181548.721088693942875, 7529125.321927841752768 ], [ 4181566.563007881399244, 7529106.361821073107421 ], [ 4181570.609907610807568, 7529101.985814708285034 ], [ 4181588.120068002492189, 7529082.71889940649271 ], [ 4181592.090408220421523, 7529078.273314217105508 ], [ 4181609.263534500263631, 7529058.705394956283271 ], [ 4181613.156119129620492, 7529054.191570189781487 ], [ 4181629.987038182094693, 7529034.328541474416852 ], [ 4181633.800694569014013, 7529029.747836933471262 ], [ 4181650.284335654694587, 7529009.59568300191313 ], [ 4181654.017914922907948, 7529004.949478640221059 ], [ 4181670.149312488734722, 7528984.514270163141191 ], [ 4181673.801689885556698, 7528979.803965664468706 ], [ 4181689.575984431430697, 7528959.0918586300686 ], [ 4181693.146059666294605, 7528954.318872987292707 ], [ 4181708.55849883845076, 7528933.336107374168932 ], [ 4181712.045196414459497, 7528928.501878466457129 ], [ 4181727.091137328650802, 7528907.254775187931955 ], [ 4181730.493406867608428, 7528902.360759341157973 ], [ 4181745.168316881172359, 7528880.85571915935725 ], [ 4181748.485133437905461, 7528875.903390712104738 ], [ 4181762.784591652452946, 7528854.146892137825489 ], [ 4181766.01495602587238, 7528849.137742994353175 ], [ 4181779.93465475551784, 7528827.136340134777129 ], [ 4181783.077593787107617, 7528822.071879317983985 ], [ 4181796.613339602015913, 7528799.832200279459357 ], [ 4181799.667906471993774, 7528794.713953473605216 ], [ 4181812.815621676389128, 7528772.242698052898049 ], [ 4181815.780896186362952, 7528767.07220714725554 ], [ 4181828.536620043218136, 7528744.376144788227975 ], [ 4181831.411708894651383, 7528739.154967409558594 ], [ 4181843.771598639898002, 7528716.240935486741364 ], [ 4181846.555635703261942, 7528710.970644531771541 ], [ 4181858.51596799865365, 7528687.845545744523406 ], [ 4181861.208114573732018, 7528682.527728904038668 ], [ 4181872.7652862011455, 7528659.19853001087904 ], [ 4181875.36473126988858, 7528653.834789295680821 ], [ 4181886.515260599087924, 7528630.30851829610765 ], [ 4181889.021221070550382, 7528624.900469550862908 ], [ 4181899.761749085970223, 7528601.184213555417955 ], [ 4181902.17347003147006, 7528595.733485970646143 ], [ 4181912.500761036295444, 7528571.834389741532505 ], [ 4181914.817515917122364, 7528566.342625366523862 ], [ 4181924.72845875332132, 7528542.267888656817377 ], [ 4181926.949549639597535, 7528536.736741904169321 ], [ 4181936.441158621106297, 7528512.493617271073163 ], [ 4181938.565916402265429, 7528506.924754416570067 ], [ 4181947.635332231409848, 7528482.520544964820147 ], [ 4181949.663116816896945, 7528476.915643645450473 ], [ 4181958.307607195340097, 7528452.357701510190964 ], [ 4181960.237807708792388, 7528446.71845022123307 ], [ 4181968.454768512863666, 7528422.014173403382301 ], [ 4181970.286803475115448, 7528416.34227098710835 ], [ 4181978.073759270831943, 7528391.49910188280046 ], [ 4181979.807076775934547, 7528385.796257018111646 ], [ 4181987.161681829020381, 7528360.821679343469441 ], [ 4181988.795759708620608, 7528355.089610029943287 ], [ 4181995.715798266697675, 7528329.991147981956601 ], [ 4181997.250144250225276, 7528324.231581025756896 ], [ 4182003.733531757257879, 7528299.016795140691102 ], [ 4182005.16768361767754, 7528293.231465628370643 ], [ 4182011.212466842494905, 7528267.907952289097011 ], [ 4182012.545992537401617, 7528262.09860307071358 ], [ 4182018.150350561365485, 7528236.673990678042173 ], [ 4182019.382848361041397, 7528230.84237183816731 ], [ 4182024.545092748478055, 7528205.324320111423731 ], [ 4182025.676191360224038, 7528199.47218844294548 ], [ 4182030.394767048768699, 7528173.868384399451315 ], [ 4182031.424125724472106, 7528167.997502878308296 ], [ 4182035.697611205279827, 7528142.31565984338522 ], [ 4182036.624919847585261, 7528136.427797089330852 ], [ 4182040.45202770922333, 7528110.675651862286031 ], [ 4182041.277006963267922, 7528104.772581614553928 ], [ 4182044.656584272161126, 7528078.957892162725329 ], [ 4182045.378985610790551, 7528073.041392738930881 ], [ 4182048.310014284681529, 7528047.171935612335801 ], [ 4182048.929620081558824, 7528041.243789377622306 ], [ 4182051.411217104177922, 7528015.327358145266771 ], [ 4182051.927840701770037, 7528009.389350973069668 ], [ 4182053.959258519578725, 7527983.433752670884132 ], [ 4182054.372744282707572, 7527977.487673403695226 ], [ 4182055.953370898030698, 7527951.500727569684386 ], [ 4182056.263594263233244, 7527945.548367484472692 ], [ 4182057.392953519709408, 7527919.537902589887381 ], [ 4182057.599821031093597, 7527913.581054853275418 ], [ 4182058.277572705410421, 7527887.554906574077904 ], [ 4182058.381022043060511, 7527881.595365705899894 ], [ 4182058.606961954385042, 7527855.561374736949801 ], [ 4182058.606961954385042, 7527849.600936068221927 ], [ 4182058.381022043060511, 7527823.566945099271834 ], [ 4182058.277572705410421, 7527817.607404231093824 ], [ 4182057.599821031093597, 7527791.58125595189631 ], [ 4182057.392953519709408, 7527785.624408215284348 ], [ 4182056.263594263233244, 7527759.613943320699036 ], [ 4182055.953370898030698, 7527753.661583235487342 ], [ 4182054.372744282707572, 7527727.674637401476502 ], [ 4182053.959258519578725, 7527721.728558134287596 ], [ 4182051.927840701770037, 7527695.77295983210206 ], [ 4182051.411217104177922, 7527689.834952659904957 ], [ 4182048.929620081558824, 7527663.918521427549422 ], [ 4182048.310014284681529, 7527657.990375192835927 ], [ 4182045.378985610790551, 7527632.120918066240847 ], [ 4182044.656584272161126, 7527626.204418642446399 ], [ 4182041.277006963267922, 7527600.3897291906178 ], [ 4182040.45202770922333, 7527594.486658942885697 ], [ 4182036.624919847585261, 7527568.734513715840876 ], [ 4182035.697611205279827, 7527562.846650961786509 ], [ 4182031.424125724472106, 7527537.164807926863432 ], [ 4182030.394767048768699, 7527531.293926405720413 ], [ 4182025.676191360224038, 7527505.690122362226248 ], [ 4182024.545092748478055, 7527499.837990693747997 ], [ 4182019.382848361041397, 7527474.319938967004418 ], [ 4182018.150350561365485, 7527468.488320127129555 ], [ 4182012.545992537401617, 7527443.063707734458148 ], [ 4182011.212466842494905, 7527437.254358516074717 ], [ 4182005.16768361767754, 7527411.930845176801085 ], [ 4182003.733531757257879, 7527406.145515664480627 ], [ 4181997.250144250225276, 7527380.930729779414833 ], [ 4181995.715798266697675, 7527375.171162823215127 ], [ 4181988.795759708620608, 7527350.072700775228441 ], [ 4181987.161681829020381, 7527344.340631461702287 ], [ 4181979.807076775934547, 7527319.366053787060082 ], [ 4181978.073759270831943, 7527313.663208922371268 ], [ 4181970.286803475115448, 7527288.820039818063378 ], [ 4181968.454768512863666, 7527283.148137401789427 ], [ 4181960.237807708792388, 7527258.443860583938658 ], [ 4181958.307607195340097, 7527252.804609294980764 ], [ 4181949.663116816896945, 7527228.246667159721255 ], [ 4181947.635332231409848, 7527222.641765840351582 ], [ 4181938.565916402265429, 7527198.237556388601661 ], [ 4181936.441158621106297, 7527192.668693534098566 ], [ 4181926.949549639597535, 7527168.425568901002407 ], [ 4181924.72845875332132, 7527162.894422148354352 ], [ 4181914.817515917122364, 7527138.819685438647866 ], [ 4181912.500761036295444, 7527133.327921063639224 ], [ 4181902.17347003147006, 7527109.428824834525585 ], [ 4181899.761749085970223, 7527103.978097249753773 ], [ 4181889.021221070550382, 7527080.26184125430882 ], [ 4181886.515260599087924, 7527074.853792509064078 ], [ 4181875.36473126988858, 7527051.327521509490907 ], [ 4181872.7652862011455, 7527045.963780794292688 ], [ 4181861.208114573732018, 7527022.63458190113306 ], [ 4181858.51596799865365, 7527017.316765060648322 ], [ 4181846.555635703261942, 7526994.191666273400187 ], [ 4181843.771598639898002, 7526988.921375318430364 ], [ 4181831.411708894651383, 7526966.007343395613134 ], [ 4181828.536620043218136, 7526960.786166016943753 ], [ 4181815.780896186362952, 7526938.090103657916188 ], [ 4181812.815621676389128, 7526932.919612752273679 ], [ 4181799.667906471993774, 7526910.448357331566513 ], [ 4181796.613339602015913, 7526905.330110525712371 ], [ 4181783.077593787107617, 7526883.090431487187743 ], [ 4181779.93465475551784, 7526878.025970670394599 ], [ 4181766.01495602587238, 7526856.024567810818553 ], [ 4181762.784591652452946, 7526851.015418667346239 ], [ 4181748.485133437905461, 7526829.25892009306699 ], [ 4181745.168316881172359, 7526824.306591645814478 ], [ 4181730.493406867608428, 7526802.801551464013755 ], [ 4181727.091137328650802, 7526797.907535617239773 ], [ 4181712.045196414459497, 7526776.6604323387146 ], [ 4181708.55849883845076, 7526771.826203431002796 ], [ 4181693.146059666294605, 7526750.843437817879021 ], [ 4181689.575984431430697, 7526746.070452175103128 ], [ 4181673.801689885556698, 7526725.358345140703022 ], [ 4181670.149312488734722, 7526720.648040642030537 ], [ 4181654.017914922907948, 7526700.212832164950669 ], [ 4181650.284335654694587, 7526695.566627803258598 ], [ 4181633.800694569014013, 7526675.414473871700466 ], [ 4181629.987038182094693, 7526670.833769330754876 ], [ 4181613.156119129620492, 7526650.970740615390241 ], [ 4181609.263534500263631, 7526646.456915848888457 ], [ 4181592.090408220421523, 7526626.88899658806622 ], [ 4181588.120068002492189, 7526622.443411398679018 ], [ 4181570.609907610807568, 7526603.176496096886694 ], [ 4181566.563007881399244, 7526598.800489732064307 ], [ 4181548.721088693942875, 7526579.840382963418961 ], [ 4181544.598848595283926, 7526575.535273708403111 ], [ 4181526.430545187555254, 7526556.887686884962022 ], [ 4181522.234206557273865, 7526552.654771668836474 ], [ 4181503.744992354419082, 7526534.325322616845369 ], [ 4181499.475819353479892, 7526530.165876619517803 ], [ 4181480.671264590229839, 7526512.160087428055704 ], [ 4181476.33054332062602, 7526508.075363693758845 ], [ 4181457.216312400996685, 7526490.398658157326281 ], [ 4181452.805350518785417, 7526486.389887223951519 ], [ 4181433.387201986741275, 7526469.047590811736882 ], [ 4181428.907328308094293, 7526465.115980333648622 ], [ 4181409.191111830063164, 7526448.113317365758121 ], [ 4181404.643675932195038, 7526444.260051754303277 ], [ 4181384.635331279132515, 7526427.602144503034651 ], [ 4181380.021703090984374, 7526423.828384565189481 ], [ 4181359.727257453836501, 7526407.520250959321856 ], [ 4181355.048826845828444, 7526403.827133554033935 ], [ 4181334.474394369870424, 7526387.873686779290438 ], [ 4181329.732570734340698, 7526384.262324469164014 ], [ 4181308.88434940809384, 7526368.668370448984206 ], [ 4181304.080561235081404, 7526365.139851168729365 ], [ 4181282.964831517543644, 7526349.910087534226477 ], [ 4181278.100525963120162, 7526346.465474261902273 ], [ 4181256.723649322986603, 7526331.604489233344793 ], [ 4181251.800291775260121, 7526328.244819669052958 ], [ 4181230.168707764241844, 7526313.757089955732226 ], [ 4181225.187781400512904, 7526310.483376211486757 ], [ 4181203.308006861712784, 7526296.37326646130532 ], [ 4181198.271012201439589, 7526293.186494752764702 ], [ 4181176.149638117756695, 7526279.4582554474473 ], [ 4181171.058092572260648, 7526276.35938580147922 ], [ 4181148.70178344193846, 7526263.01715284679085 ], [ 4181143.557220855727792, 7526260.007118807174265 ], [ 4181120.972711525391787, 7526247.054911549203098 ], [ 4181115.776681714691222, 7526244.134619898162782 ], [ 4181092.970775778405368, 7526231.576340193860233 ], [ 4181087.724844063166529, 7526228.746670678257942 ], [ 4181064.704411801882088, 7526216.586101712659001 ], [ 4181059.410158536862582, 7526213.847906780429184 ], [ 4181036.182135082781315, 7526202.088712044991553 ], [ 4181030.841155177913606, 7526199.442816585302353 ], [ 4181007.412537866737694, 7526188.088538483716547 ], [ 4181002.026440310291946, 7526185.535739582031965 ], [ 4180978.40428716596216, 7526174.589798669330776 ], [ 4180972.974694536533207, 7526172.130865364335477 ], [ 4180949.166121928021312, 7526161.596559193916619 ], [ 4180943.694669907446951, 7526159.232232246547937 ], [ 4180919.706850374117494, 7526149.112734357826412 ], [ 4180914.195187256205827, 7526146.843726028688252 ], [ 4180890.035346442367882, 7526137.142084642313421 ], [ 4180884.485132631845772, 7526134.969078479334712 ], [ 4180860.16054969234392, 7526125.688216621056199 ], [ 4180854.573457210324705, 7526123.611867248080671 ], [ 4180830.091459557414055, 7526114.754580627195537 ], [ 4180824.469171532895416, 7526112.775513551197946 ], [ 4180799.837134535424411, 7526104.344470487907529 ], [ 4180794.181344700511545, 7526102.463281909003854 ], [ 4180769.406688554678112, 7526094.461022189818323 ], [ 4180763.719100734684616, 7526092.678278823383152 ], [ 4180738.809289501514286, 7526085.107213350944221 ], [ 4180733.091617100406438, 7526083.423452252522111 ], [ 4180708.054154359735548, 7526076.285861655138433 ], [ 4180702.3081198441796, 7526074.701590063981712 ], [ 4180677.150548600591719, 7526067.999624675139785 ], [ 4180671.377882983069867, 7526066.515319857746363 ], [ 4180646.107781444210559, 7526060.250998516567051 ], [ 4180640.310223757755011, 7526058.867107626050711 ], [ 4180614.935205693822354, 7526053.042317736893892 ], [ 4180609.114502472337335, 7526051.759257672354579 ], [ 4180583.642211079597473, 7526046.375753713771701 ], [ 4180577.800115827936679, 7526045.19391100294888 ], [ 4180552.23822529707104, 7526040.253314904868603 ], [ 4180546.376497965306044, 7526039.173045581206679 ], [ 4180520.732708712574095, 7526034.676845675334334 ], [ 4180514.853115164674819, 7526033.698475173674524 ], [ 4180489.135152718983591, 7526029.648025997914374 ], [ 4180483.239464201964438, 7526028.771849054843187 ], [ 4180457.45507561089471, 7526025.168370733968914 ], [ 4180451.545068219769746, 7526024.394651302136481 ], [ 4180425.702022103127092, 7526021.239229529164732 ], [ 4180419.779476246796548, 7526020.568200691603124 ], [ 4180393.88555669831112, 7526017.861785897985101 ], [ 4180387.952256562188268, 7526017.293649806641042 ], [ 4180362.015265267342329, 7526015.037057424895465 ], [ 4180356.072998277377337, 7526014.571985230781138 ], [ 4180330.10074816364795, 7526012.765895001590252 ], [ 4180324.151304447092116, 7526012.404026810079813 ], [ 4180298.151619685813785, 7526011.04898283071816 ], [ 4180292.196791531983763, 7526010.790427656844258 ], [ 4180266.177505425643176, 7526009.886838176287711 ], [ 4180260.219086744822562, 7526009.731673908419907 ], [ 4180234.188036844134331, 7526009.279811099171638 ], [ 4180228.227822629734874, 7526009.228084482252598 ], [ 4180202.192851148545742, 7526009.228084482252598 ], [ 4180196.232636934146285, 7526009.279811099171638 ], [ 4180170.201587033458054, 7526009.731673908419907 ], [ 4180164.24316835263744, 7526009.886838176287711 ], [ 4180138.223882246296853, 7526010.790427656844258 ], [ 4180132.269054092466831, 7526011.04898283071816 ], [ 4180106.2693693311885, 7526012.404026810079813 ], [ 4180100.319925614632666, 7526012.765895001590252 ], [ 4180074.347675500903279, 7526014.571985230781138 ], [ 4180068.405408510938287, 7526015.037057424895465 ], [ 4180042.468417216092348, 7526017.293649806641042 ], [ 4180036.535117079969496, 7526017.861785897985101 ], [ 4180010.641197531484067, 7526020.568200691603124 ], [ 4180004.718651675153524, 7526021.239229529164732 ], [ 4179978.87560555851087, 7526024.394651302136481 ], [ 4179972.965598167385906, 7526025.168370733968914 ], [ 4179947.181209576316178, 7526028.771849054843187 ], [ 4179941.285521059297025, 7526029.648025997914374 ], [ 4179915.567558613605797, 7526033.698475173674524 ], [ 4179909.687965065706521, 7526034.676845675334334 ], [ 4179884.044175812974572, 7526039.173045581206679 ], [ 4179878.182448481209576, 7526040.253314904868603 ], [ 4179852.620557950343937, 7526045.19391100294888 ], [ 4179846.778462698683143, 7526046.375753713771701 ], [ 4179821.30617130594328, 7526051.759257672354579 ], [ 4179815.485468084458262, 7526053.042317736893892 ], [ 4179790.110450020525604, 7526058.867107626050711 ], [ 4179784.312892334070057, 7526060.250998516567051 ], [ 4179759.042790795210749, 7526066.515319857746363 ], [ 4179753.270125177688897, 7526067.999624675139785 ], [ 4179728.112553934101015, 7526074.701590063981712 ], [ 4179722.366519418545067, 7526076.285861655138433 ], [ 4179697.329056677874178, 7526083.423452252522111 ], [ 4179691.61138427676633, 7526085.107213350944221 ], [ 4179666.701573043595999, 7526092.678278823383152 ], [ 4179661.013985223602504, 7526094.461022189818323 ], [ 4179636.239329077769071, 7526102.463281909003854 ], [ 4179630.583539242856205, 7526104.344470487907529 ], [ 4179605.9515022453852, 7526112.775513551197946 ], [ 4179600.329214220866561, 7526114.754580627195537 ], [ 4179575.847216567955911, 7526123.611867248080671 ], [ 4179570.260124085936695, 7526125.688216621056199 ], [ 4179545.935541146434844, 7526134.969078479334712 ], [ 4179540.385327335912734, 7526137.142084642313421 ], [ 4179516.225486522074789, 7526146.843726028688252 ], [ 4179510.713823404163122, 7526149.112734357826412 ], [ 4179486.726003870833665, 7526159.232232246547937 ], [ 4179481.254551850259304, 7526161.596559193916619 ], [ 4179457.445979241747409, 7526172.130865364335477 ], [ 4179452.016386612318456, 7526174.589798669330776 ], [ 4179428.39423346798867, 7526185.535739582031965 ], [ 4179423.008135911542922, 7526188.088538483716547 ], [ 4179399.57951860036701, 7526199.442816585302353 ], [ 4179394.238538695499301, 7526202.088712044991553 ], [ 4179371.010515241418034, 7526213.847906780429184 ], [ 4179365.716261976398528, 7526216.586101712659001 ], [ 4179342.695829715114087, 7526228.746670678257942 ], [ 4179337.449897999875247, 7526231.576340193860233 ], [ 4179314.643992063589394, 7526244.134619898162782 ], [ 4179309.447962252888829, 7526247.054911549203098 ], [ 4179286.863452922552824, 7526260.007118807174265 ], [ 4179281.718890336342156, 7526263.01715284679085 ], [ 4179259.362581206019968, 7526276.35938580147922 ], [ 4179254.271035660523921, 7526279.4582554474473 ], [ 4179232.149661576841027, 7526293.186494752764702 ], [ 4179227.112666916567832, 7526296.37326646130532 ], [ 4179205.232892377767712, 7526310.483376211486757 ], [ 4179200.251966014038771, 7526313.757089955732226 ], [ 4179178.620382003020495, 7526328.244819669052958 ], [ 4179173.697024455294013, 7526331.604489233344793 ], [ 4179152.320147815160453, 7526346.465474261902273 ], [ 4179147.455842260736972, 7526349.910087534226477 ], [ 4179126.340112543199211, 7526365.139851168729365 ], [ 4179121.536324370186776, 7526368.668370448984206 ], [ 4179100.688103043939918, 7526384.262324469164014 ], [ 4179095.946279408410192, 7526387.873686779290438 ], [ 4179075.371846932452172, 7526403.827133554033935 ], [ 4179070.693416324444115, 7526407.520250959321856 ], [ 4179050.398970687296242, 7526423.828384565189481 ], [ 4179045.785342499148101, 7526427.602144503034651 ], [ 4179025.776997846085578, 7526444.260051754303277 ], [ 4179021.229561948217452, 7526448.113317365758121 ], [ 4179001.513345470186323, 7526465.115980333648622 ], [ 4178997.033471791539341, 7526469.047590811736882 ], [ 4178977.615323259495199, 7526486.389887223951519 ], [ 4178973.204361377283931, 7526490.398658157326281 ], [ 4178954.090130457654595, 7526508.075363693758845 ], [ 4178949.749409188050777, 7526512.160087428055704 ], [ 4178930.944854424800724, 7526530.165876619517803 ], [ 4178926.675681423861533, 7526534.325322616845369 ], [ 4178908.186467221006751, 7526552.654771668836474 ], [ 4178903.990128590725362, 7526556.887686884962022 ], [ 4178885.82182518299669, 7526575.535273708403111 ], [ 4178881.699585084337741, 7526579.840382963418961 ], [ 4178863.857665896881372, 7526598.800489732064307 ], [ 4178859.810766167473048, 7526603.176496096886694 ], [ 4178842.300605775788426, 7526622.443411398679018 ], [ 4178838.330265557859093, 7526626.88899658806622 ], [ 4178821.157139278016984, 7526646.456915848888457 ], [ 4178817.264554648660123, 7526650.970740615390241 ], [ 4178800.433635596185923, 7526670.833769330754876 ], [ 4178796.619979209266603, 7526675.414473871700466 ], [ 4178780.136338123586029, 7526695.566627803258598 ], [ 4178776.402758855372667, 7526700.212832164950669 ], [ 4178760.271361289545894, 7526720.648040642030537 ], [ 4178756.618983892723918, 7526725.358345140703022 ], [ 4178740.844689346849918, 7526746.070452175103128 ], [ 4178737.274614111986011, 7526750.843437817879021 ], [ 4178721.862174939829856, 7526771.826203431002796 ], [ 4178718.375477363821119, 7526776.6604323387146 ], [ 4178703.329536449629813, 7526797.907535617239773 ], [ 4178699.927266910672188, 7526802.801551464013755 ], [ 4178685.252356897108257, 7526824.306591645814478 ], [ 4178681.935540340375155, 7526829.25892009306699 ], [ 4178667.63608212582767, 7526851.015418667346239 ], [ 4178664.405717752408236, 7526856.024567810818553 ], [ 4178650.486019022762775, 7526878.025970670394599 ], [ 4178647.343079991172999, 7526883.090431487187743 ], [ 4178633.807334176264703, 7526905.330110525712371 ], [ 4178630.752767306286842, 7526910.448357331566513 ], [ 4178617.605052101891488, 7526932.919612752273679 ], [ 4178614.639777591917664, 7526938.090103657916188 ], [ 4178601.88405373506248, 7526960.786166016943753 ], [ 4178599.008964883629233, 7526966.007343395613134 ], [ 4178586.649075138382614, 7526988.921375318430364 ], [ 4178583.865038075018674, 7526994.191666273400187 ], [ 4178571.904705779626966, 7527017.316765060648322 ], [ 4178569.212559204548597, 7527022.63458190113306 ], [ 4178557.655387577135116, 7527045.963780794292688 ], [ 4178555.055942508392036, 7527051.327521509490907 ], [ 4178543.905413179192692, 7527074.853792509064078 ], [ 4178541.399452707730234, 7527080.26184125430882 ], [ 4178530.658924692310393, 7527103.978097249753773 ], [ 4178528.247203746810555, 7527109.428824834525585 ], [ 4178517.919912741985172, 7527133.327921063639224 ], [ 4178515.603157861158252, 7527138.819685438647866 ], [ 4178505.692215024959296, 7527162.894422148354352 ], [ 4178503.471124138683081, 7527168.425568901002407 ], [ 4178493.979515157174319, 7527192.668693534098566 ], [ 4178491.854757376015186, 7527198.237556388601661 ], [ 4178482.785341546870768, 7527222.641765840351582 ], [ 4178480.757556961383671, 7527228.246667159721255 ], [ 4178472.113066582940519, 7527252.804609294980764 ], [ 4178470.182866069488227, 7527258.443860583938658 ], [ 4178461.96590526541695, 7527283.148137401789427 ], [ 4178460.133870303165168, 7527288.820039818063378 ], [ 4178452.346914507448673, 7527313.663208922371268 ], [ 4178450.613597002346069, 7527319.366053787060082 ], [ 4178443.258991949260235, 7527344.340631461702287 ], [ 4178441.624914069660008, 7527350.072700775228441 ], [ 4178434.704875511582941, 7527375.171162823215127 ], [ 4178433.17052952805534, 7527380.930729779414833 ], [ 4178426.687142021022737, 7527406.145515664480627 ], [ 4178425.252990160603076, 7527411.930845176801085 ], [ 4178419.208206935785711, 7527437.254358516074717 ], [ 4178417.874681240878999, 7527443.063707734458148 ], [ 4178412.270323216915131, 7527468.488320127129555 ], [ 4178411.037825417239219, 7527474.319938967004418 ], [ 4178405.875581029802561, 7527499.837990693747997 ], [ 4178404.744482418056577, 7527505.690122362226248 ], [ 4178400.025906729511917, 7527531.293926405720413 ], [ 4178398.99654805380851, 7527537.164807926863432 ], [ 4178394.723062573000789, 7527562.846650961786509 ], [ 4178393.795753930695355, 7527568.734513715840876 ], [ 4178389.968646069057286, 7527594.486658942885697 ], [ 4178389.143666815012693, 7527600.3897291906178 ], [ 4178385.76408950611949, 7527626.204418642446399 ], [ 4178385.041688167490065, 7527632.120918066240847 ], [ 4178382.110659493599087, 7527657.990375192835927 ], [ 4178381.491053696721792, 7527663.918521427549422 ], [ 4178379.009456674102694, 7527689.834952659904957 ], [ 4178378.492833076510578, 7527695.77295983210206 ], [ 4178376.461415258701891, 7527721.728558134287596 ], [ 4178376.047929495573044, 7527727.674637401476502 ], [ 4178374.467302880249918, 7527753.661583235487342 ], [ 4178374.157079515047371, 7527759.613943320699036 ], [ 4178373.027720258571208, 7527785.624408215284348 ], [ 4178372.820852747187018, 7527791.58125595189631 ], [ 4178372.143101072870195, 7527817.607404231093824 ], [ 4178372.039651735220104, 7527823.566945099271834 ], [ 4178371.813711823895574, 7527849.600936068221927 ], [ 4178371.813711823895574, 7527855.561374736949801 ], [ 4178372.039651735220104, 7527881.595365705899894 ], [ 4178372.143101072870195, 7527887.554906574077904 ], [ 4178372.820852747187018, 7527913.581054853275418 ], [ 4178373.027720258571208, 7527919.537902589887381 ], [ 4178374.157079515047371, 7527945.548367484472692 ], [ 4178374.467302880249918, 7527951.500727569684386 ], [ 4178376.047929495573044, 7527977.487673403695226 ], [ 4178376.461415258701891, 7527983.433752670884132 ], [ 4178378.492833076510578, 7528009.389350973069668 ], [ 4178379.009456674102694, 7528015.327358145266771 ], [ 4178381.491053696721792, 7528041.243789377622306 ], [ 4178382.110659493599087, 7528047.171935612335801 ], [ 4178385.041688167490065, 7528073.041392738930881 ], [ 4178385.76408950611949, 7528078.957892162725329 ], [ 4178389.143666815012693, 7528104.772581614553928 ], [ 4178389.968646069057286, 7528110.675651862286031 ], [ 4178393.795753930695355, 7528136.427797089330852 ], [ 4178394.723062573000789, 7528142.31565984338522 ], [ 4178398.99654805380851, 7528167.997502878308296 ], [ 4178400.025906729511917, 7528173.868384399451315 ], [ 4178404.744482418056577, 7528199.47218844294548 ], [ 4178405.875581029802561, 7528205.324320111423731 ], [ 4178411.037825417239219, 7528230.84237183816731 ], [ 4178412.270323216915131, 7528236.673990678042173 ], [ 4178417.874681240878999, 7528262.09860307071358 ], [ 4178419.208206935785711, 7528267.907952289097011 ], [ 4178425.252990160603076, 7528293.231465628370643 ], [ 4178426.687142021022737, 7528299.016795140691102 ], [ 4178433.17052952805534, 7528324.231581025756896 ], [ 4178434.704875511582941, 7528329.991147981956601 ], [ 4178441.624914069660008, 7528355.089610029943287 ], [ 4178443.258991949260235, 7528360.821679343469441 ], [ 4178450.613597002346069, 7528385.796257018111646 ], [ 4178452.346914507448673, 7528391.49910188280046 ], [ 4178460.133870303165168, 7528416.34227098710835 ], [ 4178461.96590526541695, 7528422.014173403382301 ], [ 4178470.182866069488227, 7528446.71845022123307 ], [ 4178472.113066582940519, 7528452.357701510190964 ], [ 4178480.757556961383671, 7528476.915643645450473 ], [ 4178482.785341546870768, 7528482.520544964820147 ], [ 4178491.854757376015186, 7528506.924754416570067 ], [ 4178493.979515157174319, 7528512.493617271073163 ], [ 4178503.471124138683081, 7528536.736741904169321 ], [ 4178505.692215024959296, 7528542.267888656817377 ], [ 4178515.603157861158252, 7528566.342625366523862 ], [ 4178517.919912741985172, 7528571.834389741532505 ], [ 4178528.247203746810555, 7528595.733485970646143 ], [ 4178530.658924692310393, 7528601.184213555417955 ], [ 4178541.399452707730234, 7528624.900469550862908 ], [ 4178543.905413179192692, 7528630.30851829610765 ], [ 4178555.055942508392036, 7528653.834789295680821 ], [ 4178557.655387577135116, 7528659.19853001087904 ], [ 4178569.212559204548597, 7528682.527728904038668 ], [ 4178571.904705779626966, 7528687.845545744523406 ], [ 4178583.865038075018674, 7528710.970644531771541 ], [ 4178586.649075138382614, 7528716.240935486741364 ], [ 4178599.008964883629233, 7528739.154967409558594 ], [ 4178601.88405373506248, 7528744.376144788227975 ], [ 4178614.639777591917664, 7528767.07220714725554 ], [ 4178617.605052101891488, 7528772.242698052898049 ], [ 4178630.752767306286842, 7528794.713953473605216 ], [ 4178633.807334176264703, 7528799.832200279459357 ], [ 4178647.343079991172999, 7528822.071879317983985 ], [ 4178650.486019022762775, 7528827.136340134777129 ], [ 4178664.405717752408236, 7528849.137742994353175 ], [ 4178667.63608212582767, 7528854.146892137825489 ], [ 4178681.935540340375155, 7528875.903390712104738 ], [ 4178685.252356897108257, 7528880.85571915935725 ], [ 4178699.927266910672188, 7528902.360759341157973 ], [ 4178703.329536449629813, 7528907.254775187931955 ], [ 4178718.375477363821119, 7528928.501878466457129 ], [ 4178721.862174939829856, 7528933.336107374168932 ], [ 4178737.274614111986011, 7528954.318872987292707 ], [ 4178740.844689346849918, 7528959.0918586300686 ], [ 4178756.618983892723918, 7528979.803965664468706 ], [ 4178760.271361289545894, 7528984.514270163141191 ], [ 4178776.402758855372667, 7529004.949478640221059 ], [ 4178780.136338123586029, 7529009.59568300191313 ], [ 4178796.619979209266603, 7529029.747836933471262 ], [ 4178800.433635596185923, 7529034.328541474416852 ], [ 4178817.264554648660123, 7529054.191570189781487 ], [ 4178821.157139278016984, 7529058.705394956283271 ], [ 4178838.330265557859093, 7529078.273314217105508 ], [ 4178842.300605775788426, 7529082.71889940649271 ], [ 4178859.810766167473048, 7529101.985814708285034 ], [ 4178863.857665896881372, 7529106.361821073107421 ], [ 4178881.699585084337741, 7529125.321927841752768 ], [ 4178885.82182518299669, 7529129.627037096768618 ], [ 4178903.990128590725362, 7529148.274623920209706 ], [ 4178908.186467221006751, 7529152.507539136335254 ], [ 4178926.675681423861533, 7529170.836988188326359 ], [ 4178930.944854424800724, 7529174.996434185653925 ], [ 4178949.749409188050777, 7529193.002223377116024 ], [ 4178954.090130457654595, 7529197.086947111412883 ], [ 4178973.204361377283931, 7529214.763652647845447 ], [ 4178977.615323259495199, 7529218.77242358122021 ], [ 4178997.033471791539341, 7529236.114719993434846 ], [ 4179001.513345470186323, 7529240.046330471523106 ], [ 4179021.229561948217452, 7529257.048993439413607 ], [ 4179025.776997846085578, 7529260.902259050868452 ], [ 4179045.785342499148101, 7529277.560166302137077 ], [ 4179050.398970687296242, 7529281.333926239982247 ], [ 4179070.693416324444115, 7529297.642059845849872 ], [ 4179075.371846932452172, 7529301.335177251137793 ], [ 4179095.946279408410192, 7529317.28862402588129 ], [ 4179100.688103043939918, 7529320.899986336007714 ], [ 4179121.536324370186776, 7529336.493940356187522 ], [ 4179126.340112543199211, 7529340.022459636442363 ], [ 4179147.455842260736972, 7529355.252223270945251 ], [ 4179152.320147815160453, 7529358.696836543269455 ], [ 4179173.697024455294013, 7529373.557821571826935 ], [ 4179178.620382003020495, 7529376.91749113611877 ], [ 4179200.251966014038771, 7529391.405220849439502 ], [ 4179205.232892377767712, 7529394.678934593684971 ], [ 4179227.112666916567832, 7529408.789044343866408 ], [ 4179232.149661576841027, 7529411.975816052407026 ], [ 4179254.271035660523921, 7529425.704055357724428 ], [ 4179259.362581206019968, 7529428.802925003692508 ], [ 4179281.718890336342156, 7529442.145157958380878 ], [ 4179286.863452922552824, 7529445.155191997997463 ], [ 4179309.447962252888829, 7529458.10739925596863 ], [ 4179314.643992063589394, 7529461.027690907008946 ], [ 4179337.449897999875247, 7529473.585970611311495 ], [ 4179342.695829715114087, 7529476.415640126913786 ], [ 4179365.716261976398528, 7529488.576209092512727 ], [ 4179371.010515241418034, 7529491.314404024742544 ], [ 4179394.238538695499301, 7529503.073598760180175 ], [ 4179399.57951860036701, 7529505.719494219869375 ], [ 4179423.008135911542922, 7529517.073772321455181 ], [ 4179428.39423346798867, 7529519.626571223139763 ], [ 4179452.016386612318456, 7529530.572512135840952 ], [ 4179457.445979241747409, 7529533.031445440836251 ], [ 4179481.254551850259304, 7529543.565751611255109 ], [ 4179486.726003870833665, 7529545.930078558623791 ], [ 4179510.713823404163122, 7529556.049576447345316 ], [ 4179516.225486522074789, 7529558.318584776483476 ], [ 4179540.385327335912734, 7529568.020226162858307 ], [ 4179545.935541146434844, 7529570.193232325837016 ], [ 4179570.260124085936695, 7529579.474094184115529 ], [ 4179575.847216567955911, 7529581.550443557091057 ], [ 4179600.329214220866561, 7529590.407730177976191 ], [ 4179605.9515022453852, 7529592.386797253973782 ], [ 4179630.583539242856205, 7529600.817840317264199 ], [ 4179636.239329077769071, 7529602.699028896167874 ], [ 4179661.013985223602504, 7529610.701288615353405 ], [ 4179666.701573043595999, 7529612.484031981788576 ], [ 4179691.61138427676633, 7529620.055097454227507 ], [ 4179697.329056677874178, 7529621.738858552649617 ], [ 4179722.366519418545067, 7529628.876449150033295 ], [ 4179728.112553934101015, 7529630.460720741190016 ], [ 4179753.270125177688897, 7529637.162686130031943 ], [ 4179759.042790795210749, 7529638.646990947425365 ], [ 4179784.312892334070057, 7529644.911312288604677 ], [ 4179790.110450020525604, 7529646.295203179121017 ], [ 4179815.485468084458262, 7529652.119993068277836 ], [ 4179821.30617130594328, 7529653.403053132817149 ], [ 4179846.778462698683143, 7529658.786557091400027 ], [ 4179852.620557950343937, 7529659.968399802222848 ], [ 4179878.182448481209576, 7529664.908995900303125 ], [ 4179884.044175812974572, 7529665.989265223965049 ], [ 4179909.687965065706521, 7529670.485465129837394 ], [ 4179915.567558613605797, 7529671.463835631497204 ], [ 4179941.285521059297025, 7529675.514284807257354 ], [ 4179947.181209576316178, 7529676.390461750328541 ], [ 4179972.965598167385906, 7529679.993940071202815 ], [ 4179978.87560555851087, 7529680.767659503035247 ], [ 4180004.718651675153524, 7529683.923081276006997 ], [ 4180010.641197531484067, 7529684.594110113568604 ], [ 4180036.535117079969496, 7529687.300524907186627 ], [ 4180042.468417216092348, 7529687.868660998530686 ], [ 4180068.405408510938287, 7529690.125253380276263 ], [ 4180074.347675500903279, 7529690.59032557439059 ], [ 4180100.319925614632666, 7529692.396415803581476 ], [ 4180106.2693693311885, 7529692.758283995091915 ], [ 4180132.269054092466831, 7529694.113327974453568 ], [ 4180138.223882246296853, 7529694.37188314832747 ], [ 4180164.24316835263744, 7529695.275472628884017 ], [ 4180170.201587033458054, 7529695.430636896751821 ], [ 4180196.232636934146285, 7529695.88249970600009 ], [ 4180202.192851148545742, 7529695.93422632291913 ] ] ] ] } },
{ "type": "Feature", "properties": { "id": null }, "geometry": { "type": "MultiPolygon", "coordinates": [ [ [ [ 4174160.429543359670788, 7526829.275553136132658 ], [ 4174186.464514718856663, 7526829.275553136132658 ], [ 4174198.199709646869451, 7526829.173707479611039 ], [ 4174224.230759547092021, 7526828.721844671294093 ], [ 4174235.962419209536165, 7526828.416338382288814 ], [ 4174261.981705558951944, 7526827.512748891487718 ], [ 4174273.706295756157488, 7526827.003674005158246 ], [ 4174299.705980277620256, 7526825.648630037903786 ], [ 4174311.419968938920647, 7526824.93613991420716 ], [ 4174337.392219066619873, 7526823.130049684084952 ], [ 4174349.09207731531933, 7526822.2143589630723 ], [ 4174375.029068700503558, 7526819.957766573876143 ], [ 4174386.711271916516125, 7526818.83915111143142 ], [ 4174412.605191274546087, 7526816.132736339233816 ], [ 4174424.266220156569034, 7526814.811533120460808 ], [ 4174450.109266702085733, 7526811.65611129347235 ], [ 4174461.745608327910304, 7526810.132718334905803 ], [ 4174487.529996536206454, 7526806.529240066185594 ], [ 4174499.138145419768989, 7526804.804116296581924 ], [ 4174524.856108034960926, 7526800.753667093813419 ], [ 4174536.43256718525663, 7526798.827332210727036 ], [ 4174562.07635633321479, 7526794.331132323481143 ], [ 4174573.617638303432614, 7526792.204166642390192 ], [ 4174599.179528847336769, 7526787.263570541515946 ], [ 4174610.682156790513545, 7526784.936614817008376 ], [ 4174636.154448009561747, 7526779.553110897541046 ], [ 4174647.614956720732152, 7526777.026866133324802 ], [ 4174672.989975254517049, 7526771.202076136134565 ], [ 4174684.404912219382823, 7526768.477303369902074 ], [ 4174709.675013292115182, 7526762.212982142344117 ], [ 4174721.040939723607153, 7526759.290502223186195 ], [ 4174746.198511162307113, 7526752.588536784984171 ], [ 4174757.512003039009869, 7526749.469230117276311 ], [ 4174782.549465739633888, 7526742.331639531068504 ], [ 4174793.807114835828543, 7526739.016445816494524 ], [ 4174818.716926238033921, 7526731.445380291901529 ], [ 4174829.915341150015593, 7526727.935298243537545 ], [ 4174854.689997058361769, 7526719.933038600720465 ], [ 4174865.825804228428751, 7526716.229125642217696 ], [ 4174890.457841355353594, 7526707.798082535155118 ], [ 4174901.527686085551977, 7526703.901454481296241 ], [ 4174926.009683770127594, 7526695.044167848303914 ], [ 4174937.010231233667582, 7526690.955998571589589 ], [ 4174961.334814209025353, 7526681.675136698409915 ], [ 4174972.262750456109643, 7526677.396657773293555 ], [ 4174996.422591014765203, 7526667.695016489364207 ], [ 4175007.274623969104141, 7526663.227516820654273 ], [ 4175031.262443668209016, 7526653.108018864877522 ], [ 4175042.035304120276123, 7526648.452844302169979 ], [ 4175065.843876871746033, 7526637.918538065627217 ], [ 4175076.534319462254643, 7526633.077090993523598 ], [ 4175100.15647241845727, 7526622.131150167435408 ], [ 4175110.761276618111879, 7526617.104889089241624 ], [ 4175134.18989397212863, 7526605.750610967166722 ], [ 4175144.705865048337728, 7526600.541050058789551 ], [ 4175167.933888426050544, 7526588.781855362467468 ], [ 4175178.357858409639448, 7526583.39056402258575 ], [ 4175201.37829076545313, 7526571.229995008558035 ], [ 4175211.707119401078671, 7526565.658597378991544 ], [ 4175234.513025353197008, 7526553.100317665375769 ], [ 4175244.743601048830897, 7526547.350492148660123 ], [ 4175267.328110376372933, 7526534.398284891620278 ], [ 4175277.457351137883961, 7526528.471763641573489 ], [ 4175299.813660206738859, 7526515.129530723206699 ], [ 4175309.838514567818493, 7526509.028099123388529 ], [ 4175331.959888556506485, 7526495.299859878607094 ], [ 4175341.877336497418582, 7526489.025356004014611 ], [ 4175363.757111217360944, 7526474.915246138349175 ], [ 4175373.564165074843913, 7526468.469560203142464 ], [ 4175395.195748975966126, 7526453.981830562464893 ], [ 4175404.889454343821853, 7526447.366904351860285 ], [ 4175426.266331112012267, 7526432.505919234827161 ], [ 4175435.843767730053514, 7526425.723745515570045 ], [ 4175456.959497327450663, 7526410.493981966748834 ], [ 4175466.417779962532222, 7526403.546603891067207 ], [ 4175487.266001371201128, 7526387.952649809420109 ], [ 4175496.602280684746802, 7526380.842160296626389 ], [ 4175517.176713213324547, 7526364.888713479042053 ], [ 4175526.388176621403545, 7526357.61725458689034 ], [ 4175546.682622045278549, 7526341.309121153317392 ], [ 4175555.766494565177709, 7526333.878883433528244 ], [ 4175575.774839389603585, 7526317.220976040698588 ], [ 4175584.728384474758059, 7526309.634197874926031 ], [ 4175604.44460093555972, 7526292.631534921005368 ], [ 4175613.265121302567422, 7526284.890501850284636 ], [ 4175632.683269768022001, 7526267.548205497674644 ], [ 4175641.368108205962926, 7526259.655249535106122 ], [ 4175660.482339074835181, 7526241.978544047102332 ], [ 4175669.028879249002784, 7526233.936042969115078 ], [ 4175687.83343420131132, 7526215.930253596045077 ], [ 4175696.239101438317448, 7526207.740630232729018 ], [ 4175714.728315562475473, 7526189.411181257106364 ], [ 4175722.990577628370374, 7526181.076902758330107 ], [ 4175741.15888092154637, 7526162.429316053166986 ], [ 4175749.275248783174902, 7526153.952893148176372 ], [ 4175767.117168121039867, 7526134.992786221206188 ], [ 4175775.085196696221828, 7526126.376772458665073 ], [ 4175792.595356983598322, 7526107.109857270494103 ], [ 4175800.41264587873593, 7526098.356848252937198 ], [ 4175817.585772218182683, 7526078.788928925059736 ], [ 4175825.249966449569911, 7526069.901561524719 ], [ 4175842.080885448027402, 7526050.0385328726843 ], [ 4175849.589676152449101, 7526041.019484436139464 ], [ 4175866.073317280504853, 7526020.867330454289913 ], [ 4175873.424442410469055, 7526011.719318000599742 ], [ 4175889.555840039625764, 7525991.284109440632164 ], [ 4175896.747085045091808, 7525982.009888837113976 ], [ 4175912.521379513666034, 7525961.297781903296709 ], [ 4175919.550578008871526, 7525951.900147038511932 ], [ 4175934.963017166126519, 7525930.917381446808577 ], [ 4175941.82805158291012, 7525921.399163389578462 ], [ 4175956.873992547392845, 7525900.152060040272772 ], [ 4175963.572794771753252, 7525890.516126182861626 ], [ 4175978.247704748995602, 7525869.011086053214967 ], [ 4175984.77825674507767, 7525859.26033925358206 ], [ 4175999.0777150047943, 7525837.503840611316264 ], [ 4176005.438049422577024, 7525827.641218312084675 ], [ 4176019.357748115900904, 7525805.639815508387983 ], [ 4176025.54594888491556, 7525795.668288855813444 ], [ 4176039.081694695167243, 7525773.428609824739397 ], [ 4176045.09589759958908, 7525763.351182773709297 ], [ 4176058.243612811900675, 7525740.879927339963615 ], [ 4176064.082006053533405, 7525730.699635748751462 ], [ 4176076.837729914113879, 7525708.003573383204639 ], [ 4176082.498554658610374, 7525697.723484096117318 ], [ 4176094.858444403391331, 7525674.80945217423141 ], [ 4176100.339995309244841, 7525664.432662102393806 ], [ 4176112.300327594392002, 7525641.307563334703445 ], [ 4176117.600953326094896, 7525630.83719851821661 ], [ 4176129.158124951180071, 7525607.507999630644917 ], [ 4176134.276228678412735, 7525596.947214301675558 ], [ 4176145.426758019253612, 7525573.420943276956677 ], [ 4176150.360797897446901, 7525562.772918906062841 ], [ 4176161.101325923576951, 7525539.056662886403501 ], [ 4176165.849815556313843, 7525528.324607224203646 ], [ 4176176.177106528077275, 7525504.425511073321104 ], [ 4176180.73861541878432, 7525493.612657185643911 ], [ 4176190.649558269884437, 7525469.537920439615846 ], [ 4176195.022712247911841, 7525458.647525736130774 ], [ 4176204.514321265276521, 7525434.404401008971035 ], [ 4176208.697802904993296, 7525423.439746253192425 ], [ 4176217.767218687105924, 7525399.035536929033697 ], [ 4176221.759767700918019, 7525387.999925260432065 ], [ 4176230.404258090537041, 7525363.441983092576265 ], [ 4176234.204671710263938, 7525352.338739023543894 ], [ 4176242.421632506884634, 7525327.634462229907513 ], [ 4176246.028765845578164, 7525316.466930649243295 ], [ 4176253.815721669234335, 7525291.623761455528438 ], [ 4176257.228488066699356, 7525280.395306617021561 ], [ 4176264.583093082066625, 7525255.420729071833193 ], [ 4176267.800464430823922, 7525244.134733584709466 ], [ 4176274.720503024291247, 7525219.036271408200264 ], [ 4176277.741510081104934, 7525207.696135214529932 ], [ 4176284.224897570442408, 7525182.481349396519363 ], [ 4176287.048630247358233, 7525171.090488748624921 ], [ 4176293.093413489870727, 7525145.766975334845483 ], [ 4176295.719021128490567, 7525134.328821766190231 ], [ 4176301.323379117064178, 7525108.904209535568953 ], [ 4176303.750070744659752, 7525097.422208826988935 ], [ 4176308.9123151646927, 7525071.904156940989196 ], [ 4176311.139359732158482, 7525060.381768081337214 ], [ 4176315.857935420237482, 7525034.777964034117758 ], [ 4176317.884662023279816, 7525023.218658180907369 ], [ 4176322.158147489652038, 7524997.536815229803324 ], [ 4176323.983945570886135, 7524985.944074660539627 ], [ 4176327.81105343112722, 7524960.191929448395967 ], [ 4176329.435372962616384, 7524948.569246513769031 ], [ 4176332.814950275700539, 7524922.754557032138109 ], [ 4176334.237301926128566, 7524911.105433103628457 ], [ 4176337.168330598622561, 7524885.235975991934538 ], [ 4176338.388285879511386, 7524873.563920403830707 ], [ 4176340.869882908184081, 7524847.647489107213914 ], [ 4176341.887074304744601, 7524835.956018105149269 ], [ 4176343.918492113240063, 7524810.000419925898314 ], [ 4176344.732613193336874, 7524798.293055602349341 ], [ 4176346.313239817973226, 7524772.306109608151019 ], [ 4176346.9240453238599, 7524760.586378844454885 ], [ 4176348.053404576610774, 7524734.575914029031992 ], [ 4176348.460710502695292, 7524722.847347432747483 ], [ 4176349.138462176080793, 7524696.821199207566679 ], [ 4176349.342145819216967, 7524685.087330045178533 ], [ 4176349.56808573147282, 7524659.05333902221173 ], [ 4176349.56808573147282, 7524647.317702162079513 ], [ 4176349.342145819216967, 7524621.283711139112711 ], [ 4176349.138462176080793, 7524609.549841976724565 ], [ 4176348.460710502695292, 7524583.52369375154376 ], [ 4176348.053404576610774, 7524571.795127155259252 ], [ 4176346.9240453238599, 7524545.784662339836359 ], [ 4176346.313239817973226, 7524534.064931576140225 ], [ 4176344.732613193336874, 7524508.077985581941903 ], [ 4176343.918492113240063, 7524496.37062125839293 ], [ 4176341.887074304744601, 7524470.415023079141974 ], [ 4176340.869882908184081, 7524458.723552077077329 ], [ 4176338.388285879511386, 7524432.807120780460536 ], [ 4176337.168330598622561, 7524421.135065192356706 ], [ 4176334.237301926128566, 7524395.265608080662787 ], [ 4176332.814950275700539, 7524383.616484152153134 ], [ 4176329.435372962616384, 7524357.801794670522213 ], [ 4176327.81105343112722, 7524346.179111735895276 ], [ 4176323.983945570886135, 7524320.426966523751616 ], [ 4176322.158147489652038, 7524308.83422595448792 ], [ 4176317.884662023279816, 7524283.152383003383875 ], [ 4176315.857935420237482, 7524271.593077150173485 ], [ 4176311.139359732158482, 7524245.98927310295403 ], [ 4176308.9123151646927, 7524234.466884243302047 ], [ 4176303.750070744659752, 7524208.948832357302308 ], [ 4176301.323379117064178, 7524197.466831648722291 ], [ 4176295.719021128490567, 7524172.042219418101013 ], [ 4176293.093413489870727, 7524160.60406584944576 ], [ 4176287.048630247358233, 7524135.280552435666323 ], [ 4176284.224897570442408, 7524123.889691787771881 ], [ 4176277.741510081104934, 7524098.674905969761312 ], [ 4176274.720503024291247, 7524087.33476977609098 ], [ 4176267.800464430823922, 7524062.236307599581778 ], [ 4176264.583093082066625, 7524050.95031211245805 ], [ 4176257.228488066699356, 7524025.975734567269683 ], [ 4176253.815721669234335, 7524014.747279728762805 ], [ 4176246.028765845578164, 7523989.904110535047948 ], [ 4176242.421632506884634, 7523978.736578954383731 ], [ 4176234.204671710263938, 7523954.032302160747349 ], [ 4176230.404258090537041, 7523942.929058091714978 ], [ 4176221.759767700918019, 7523918.371115923859179 ], [ 4176217.767218687105924, 7523907.335504255257547 ], [ 4176208.697802904993296, 7523882.931294931098819 ], [ 4176204.514321265276521, 7523871.966640175320208 ], [ 4176195.022712247911841, 7523847.72351544816047 ], [ 4176190.649558269884437, 7523836.833120744675398 ], [ 4176180.73861541878432, 7523812.758383998647332 ], [ 4176176.177106528077275, 7523801.94553011097014 ], [ 4176165.849815556313843, 7523778.046433960087597 ], [ 4176161.101325923576951, 7523767.314378297887743 ], [ 4176150.360797897446901, 7523743.598122278228402 ], [ 4176145.426758019253612, 7523732.950097907334566 ], [ 4176134.276228678412735, 7523709.423826882615685 ], [ 4176129.158124951180071, 7523698.863041553646326 ], [ 4176117.600953326094896, 7523675.533842666074634 ], [ 4176112.300327594392002, 7523665.063477849587798 ], [ 4176100.339995309244841, 7523641.938379081897438 ], [ 4176094.858444403391331, 7523631.561589010059834 ], [ 4176082.498554658610374, 7523608.647557088173926 ], [ 4176076.837729914113879, 7523598.367467801086605 ], [ 4176064.082006053533405, 7523575.671405435539782 ], [ 4176058.243612811900675, 7523565.491113844327629 ], [ 4176045.09589759958908, 7523543.019858410581946 ], [ 4176039.081694695167243, 7523532.942431359551847 ], [ 4176025.54594888491556, 7523510.7027523284778 ], [ 4176019.357748115900904, 7523500.731225675903261 ], [ 4176005.438049422577024, 7523478.729822872206569 ], [ 4175999.0777150047943, 7523468.86720057297498 ], [ 4175984.77825674507767, 7523447.110701930709183 ], [ 4175978.247704748995602, 7523437.359955131076276 ], [ 4175963.572794771753252, 7523415.854915001429617 ], [ 4175956.873992547392845, 7523406.218981144018471 ], [ 4175941.82805158291012, 7523384.971877794712782 ], [ 4175934.963017166126519, 7523375.453659737482667 ], [ 4175919.550578008871526, 7523354.470894145779312 ], [ 4175912.521379513666034, 7523345.073259280994534 ], [ 4175896.747085045091808, 7523324.361152347177267 ], [ 4175889.555840039625764, 7523315.086931743659079 ], [ 4175873.424442410469055, 7523294.651723183691502 ], [ 4175866.073317280504853, 7523285.50371073000133 ], [ 4175849.589676152449101, 7523265.351556748151779 ], [ 4175842.080885448027402, 7523256.332508311606944 ], [ 4175825.249966449569911, 7523236.469479659572244 ], [ 4175817.585772218182683, 7523227.582112259231508 ], [ 4175800.41264587873593, 7523208.014192931354046 ], [ 4175792.595356983598322, 7523199.26118391379714 ], [ 4175775.085196696221828, 7523179.994268725626171 ], [ 4175767.117168121039867, 7523171.378254963085055 ], [ 4175749.275248783174902, 7523152.418148036114872 ], [ 4175741.15888092154637, 7523143.941725131124258 ], [ 4175722.990577628370374, 7523125.294138425961137 ], [ 4175714.728315562475473, 7523116.95985992718488 ], [ 4175696.239101438317448, 7523098.630410951562226 ], [ 4175687.83343420131132, 7523090.440787588246167 ], [ 4175669.028879249002784, 7523072.434998215176165 ], [ 4175660.482339074835181, 7523064.392497137188911 ], [ 4175641.368108205962926, 7523046.715791649185121 ], [ 4175632.683269768022001, 7523038.8228356866166 ], [ 4175613.265121302567422, 7523021.480539334006608 ], [ 4175604.44460093555972, 7523013.739506263285875 ], [ 4175584.728384474758059, 7522996.736843309365213 ], [ 4175575.774839389603585, 7522989.150065143592656 ], [ 4175555.766494565177709, 7522972.492157750762999 ], [ 4175546.682622045278549, 7522965.061920030973852 ], [ 4175526.388176621403545, 7522948.753786597400904 ], [ 4175517.176713213324547, 7522941.48232770524919 ], [ 4175496.602280684746802, 7522925.528880887664855 ], [ 4175487.266001371201128, 7522918.418391374871135 ], [ 4175466.417779962532222, 7522902.824437293224037 ], [ 4175456.959497327450663, 7522895.87705921754241 ], [ 4175435.843767730053514, 7522880.647295668721199 ], [ 4175426.266331112012267, 7522873.865121949464083 ], [ 4175404.889454343821853, 7522859.004136832430959 ], [ 4175395.195748975966126, 7522852.389210621826351 ], [ 4175373.564165074843913, 7522837.901480981148779 ], [ 4175363.757111217360944, 7522831.455795045942068 ], [ 4175341.877336497418582, 7522817.345685180276632 ], [ 4175331.959888556506485, 7522811.071181305684149 ], [ 4175309.838514567818493, 7522797.342942060902715 ], [ 4175299.813660206738859, 7522791.241510461084545 ], [ 4175277.457351137883961, 7522777.899277542717755 ], [ 4175267.328110376372933, 7522771.972756292670965 ], [ 4175244.743601048830897, 7522759.02054903563112 ], [ 4175234.513025353197008, 7522753.270723518915474 ], [ 4175211.707119401078671, 7522740.712443805299699 ], [ 4175201.37829076545313, 7522735.141046175733209 ], [ 4175178.357858409639448, 7522722.980477161705494 ], [ 4175167.933888426050544, 7522717.589185821823776 ], [ 4175144.705865048337728, 7522705.829991125501692 ], [ 4175134.18989397212863, 7522700.620430217124522 ], [ 4175110.761276618111879, 7522689.26615209504962 ], [ 4175100.15647241845727, 7522684.239891016855836 ], [ 4175076.534319462254643, 7522673.293950190767646 ], [ 4175065.843876871746033, 7522668.452503118664026 ], [ 4175042.035304120276123, 7522657.918196882121265 ], [ 4175031.262443668209016, 7522653.263022319413722 ], [ 4175007.274623969104141, 7522643.143524363636971 ], [ 4174996.422591014765203, 7522638.676024694927037 ], [ 4174972.262750456109643, 7522628.974383410997689 ], [ 4174961.334814209025353, 7522624.695904485881329 ], [ 4174937.010231233667582, 7522615.415042612701654 ], [ 4174926.009683770127594, 7522611.326873335987329 ], [ 4174901.527686085551977, 7522602.469586702995002 ], [ 4174890.457841355353594, 7522598.572958649136126 ], [ 4174865.825804228428751, 7522590.141915542073548 ], [ 4174854.689997058361769, 7522586.438002583570778 ], [ 4174829.915341150015593, 7522578.435742940753698 ], [ 4174818.716926238033921, 7522574.925660892389715 ], [ 4174793.807114835828543, 7522567.354595367796719 ], [ 4174782.549465739633888, 7522564.03940165322274 ], [ 4174757.512003039009869, 7522556.901811067014933 ], [ 4174746.198511162307113, 7522553.782504399307072 ], [ 4174721.040939723607153, 7522547.080538961105049 ], [ 4174709.675013292115182, 7522544.158059041947126 ], [ 4174684.404912219382823, 7522537.893737814389169 ], [ 4174672.989975254517049, 7522535.168965048156679 ], [ 4174647.614956720732152, 7522529.344175050966442 ], [ 4174636.154448009561747, 7522526.817930286750197 ], [ 4174610.682156790513545, 7522521.434426367282867 ], [ 4174599.179528847336769, 7522519.107470642775297 ], [ 4174573.617638303432614, 7522514.166874541901052 ], [ 4174562.07635633321479, 7522512.039908860810101 ], [ 4174536.43256718525663, 7522507.543708973564208 ], [ 4174524.856108034960926, 7522505.617374090477824 ], [ 4174499.138145419768989, 7522501.56692488770932 ], [ 4174487.529996536206454, 7522499.84180111810565 ], [ 4174461.745608327910304, 7522496.23832284938544 ], [ 4174450.109266702085733, 7522494.714929890818894 ], [ 4174424.266220156569034, 7522491.559508063830435 ], [ 4174412.605191274546087, 7522490.238304845057428 ], [ 4174386.711271916516125, 7522487.531890072859824 ], [ 4174375.029068700503558, 7522486.413274610415101 ], [ 4174349.09207731531933, 7522484.156682221218944 ], [ 4174337.392219066619873, 7522483.240991500206292 ], [ 4174311.419968938920647, 7522481.434901270084083 ], [ 4174299.705980277620256, 7522480.722411146387458 ], [ 4174273.706295756157488, 7522479.367367179132998 ], [ 4174261.981705558951944, 7522478.858292292803526 ], [ 4174235.962419209536165, 7522477.95470280200243 ], [ 4174224.230759547092021, 7522477.64919651299715 ], [ 4174198.199709646869451, 7522477.197333704680204 ], [ 4174186.464514718856663, 7522477.095488048158586 ], [ 4174160.429543359670788, 7522477.095488048158586 ], [ 4174148.694348431658, 7522477.197333704680204 ], [ 4174122.66329853143543, 7522477.64919651299715 ], [ 4174110.931638868991286, 7522477.95470280200243 ], [ 4174084.912352519575506, 7522478.858292292803526 ], [ 4174073.187762322369963, 7522479.367367179132998 ], [ 4174047.188077800907195, 7522480.722411146387458 ], [ 4174035.474089139606804, 7522481.434901270084083 ], [ 4174009.501839011907578, 7522483.240991500206292 ], [ 4173997.801980763208121, 7522484.156682221218944 ], [ 4173971.864989378023893, 7522486.413274610415101 ], [ 4173960.182786162011325, 7522487.531890072859824 ], [ 4173934.288866803981364, 7522490.238304845057428 ], [ 4173922.627837921958417, 7522491.559508063830435 ], [ 4173896.784791376441717, 7522494.714929890818894 ], [ 4173885.148449750617146, 7522496.23832284938544 ], [ 4173859.364061542320997, 7522499.84180111810565 ], [ 4173847.755912658758461, 7522501.56692488770932 ], [ 4173822.037950043566525, 7522505.617374090477824 ], [ 4173810.46149089327082, 7522507.543708973564208 ], [ 4173784.817701745312661, 7522512.039908860810101 ], [ 4173773.276419775094837, 7522514.166874541901052 ], [ 4173747.714529231190681, 7522519.107470642775297 ], [ 4173736.211901288013905, 7522521.434426367282867 ], [ 4173710.739610068965703, 7522526.817930286750197 ], [ 4173699.279101357795298, 7522529.344175050966442 ], [ 4173673.904082824010402, 7522535.168965048156679 ], [ 4173662.489145859144628, 7522537.893737814389169 ], [ 4173637.219044786412269, 7522544.158059041947126 ], [ 4173625.853118354920298, 7522547.080538961105049 ], [ 4173600.695546916220337, 7522553.782504399307072 ], [ 4173589.382055039517581, 7522556.901811067014933 ], [ 4173564.344592338893563, 7522564.03940165322274 ], [ 4173553.086943242698908, 7522567.354595367796719 ], [ 4173528.17713184049353, 7522574.925660892389715 ], [ 4173516.978716928511858, 7522578.435742940753698 ], [ 4173492.204061020165682, 7522586.438002583570778 ], [ 4173481.068253850098699, 7522590.141915542073548 ], [ 4173456.436216723173857, 7522598.572958649136126 ], [ 4173445.366371992975473, 7522602.469586702995002 ], [ 4173420.884374308399856, 7522611.326873335987329 ], [ 4173409.883826844859868, 7522615.415042612701654 ], [ 4173385.559243869502097, 7522624.695904485881329 ], [ 4173374.631307622417808, 7522628.974383410997689 ], [ 4173350.471467063762248, 7522638.676024694927037 ], [ 4173339.61943410942331, 7522643.143524363636971 ], [ 4173315.631614410318434, 7522653.263022319413722 ], [ 4173304.858753958251327, 7522657.918196882121265 ], [ 4173281.050181206781417, 7522668.452503118664026 ], [ 4173270.359738616272807, 7522673.293950190767646 ], [ 4173246.737585660070181, 7522684.239891016855836 ], [ 4173236.132781460415572, 7522689.26615209504962 ], [ 4173212.704164106398821, 7522700.620430217124522 ], [ 4173202.188193030189723, 7522705.829991125501692 ], [ 4173178.960169652476907, 7522717.589185821823776 ], [ 4173168.536199668888003, 7522722.980477161705494 ], [ 4173145.515767313074321, 7522735.141046175733209 ], [ 4173135.186938677448779, 7522740.712443805299699 ], [ 4173112.381032725330442, 7522753.270723518915474 ], [ 4173102.150457029696554, 7522759.02054903563112 ], [ 4173079.565947702154517, 7522771.972756292670965 ], [ 4173069.436706940643489, 7522777.899277542717755 ], [ 4173047.080397871788591, 7522791.241510461084545 ], [ 4173037.055543510708958, 7522797.342942060902715 ], [ 4173014.934169522020966, 7522811.071181305684149 ], [ 4173005.016721581108868, 7522817.345685180276632 ], [ 4172983.136946861166507, 7522831.455795045942068 ], [ 4172973.329893003683537, 7522837.901480981148779 ], [ 4172951.698309102561325, 7522852.389210621826351 ], [ 4172942.004603734705597, 7522859.004136832430959 ], [ 4172920.627726966515183, 7522873.865121949464083 ], [ 4172911.050290348473936, 7522880.647295668721199 ], [ 4172889.934560751076788, 7522895.87705921754241 ], [ 4172880.476278115995228, 7522902.824437293224037 ], [ 4172859.628056707326323, 7522918.418391374871135 ], [ 4172850.291777393780649, 7522925.528880887664855 ], [ 4172829.717344865202904, 7522941.48232770524919 ], [ 4172820.505881457123905, 7522948.753786597400904 ], [ 4172800.211436033248901, 7522965.061920030973852 ], [ 4172791.127563513349742, 7522972.492157750762999 ], [ 4172771.119218688923866, 7522989.150065143592656 ], [ 4172762.165673603769392, 7522996.736843309365213 ], [ 4172742.449457142967731, 7523013.739506263285875 ], [ 4172733.628936775960028, 7523021.480539334006608 ], [ 4172714.21078831050545, 7523038.8228356866166 ], [ 4172705.525949872564524, 7523046.715791649185121 ], [ 4172686.411719003692269, 7523064.392497137188911 ], [ 4172677.865178829524666, 7523072.434998215176165 ], [ 4172659.06062387721613, 7523090.440787588246167 ], [ 4172650.654956640210003, 7523098.630410951562226 ], [ 4172632.165742516051978, 7523116.95985992718488 ], [ 4172623.903480450157076, 7523125.294138425961137 ], [ 4172605.735177156981081, 7523143.941725131124258 ], [ 4172597.618809295352548, 7523152.418148036114872 ], [ 4172579.776889957487583, 7523171.378254963085055 ], [ 4172571.808861382305622, 7523179.994268725626171 ], [ 4172554.298701094929129, 7523199.26118391379714 ], [ 4172546.481412199791521, 7523208.014192931354046 ], [ 4172529.308285860344768, 7523227.582112259231508 ], [ 4172521.64409162895754, 7523236.469479659572244 ], [ 4172504.813172630500048, 7523256.332508311606944 ], [ 4172497.304381926078349, 7523265.351556748151779 ], [ 4172480.820740798022598, 7523285.50371073000133 ], [ 4172473.469615668058395, 7523294.651723183691502 ], [ 4172457.338218038901687, 7523315.086931743659079 ], [ 4172450.146973033435643, 7523324.361152347177267 ], [ 4172434.372678564861417, 7523345.073259280994534 ], [ 4172427.343480069655925, 7523354.470894145779312 ], [ 4172411.931040912400931, 7523375.453659737482667 ], [ 4172405.06600649561733, 7523384.971877794712782 ], [ 4172390.020065531134605, 7523406.218981144018471 ], [ 4172383.321263306774199, 7523415.854915001429617 ], [ 4172368.646353329531848, 7523437.359955131076276 ], [ 4172362.115801333449781, 7523447.110701930709183 ], [ 4172347.816343073733151, 7523468.86720057297498 ], [ 4172341.456008655950427, 7523478.729822872206569 ], [ 4172327.536309962626547, 7523500.731225675903261 ], [ 4172321.34810919361189, 7523510.7027523284778 ], [ 4172307.812363383360207, 7523532.942431359551847 ], [ 4172301.798160478938371, 7523543.019858410581946 ], [ 4172288.650445266626775, 7523565.491113844327629 ], [ 4172282.812052024994045, 7523575.671405435539782 ], [ 4172270.056328164413571, 7523598.367467801086605 ], [ 4172264.395503419917077, 7523608.647557088173926 ], [ 4172252.035613675136119, 7523631.561589010059834 ], [ 4172246.554062769282609, 7523641.938379081897438 ], [ 4172234.593730484135449, 7523665.063477849587798 ], [ 4172229.293104752432555, 7523675.533842666074634 ], [ 4172217.73593312734738, 7523698.863041553646326 ], [ 4172212.617829400114715, 7523709.423826882615685 ], [ 4172201.467300059273839, 7523732.950097907334566 ], [ 4172196.53326018108055, 7523743.598122278228402 ], [ 4172185.792732135392725, 7523767.314378342591226 ], [ 4172181.044242502655834, 7523778.046434005722404 ], [ 4172170.716951568610966, 7523801.945530069991946 ], [ 4172166.15544267790392, 7523812.758383956737816 ], [ 4172156.244499808643013, 7523836.833120744675398 ], [ 4172151.87134583061561, 7523847.72351544816047 ], [ 4172142.379736813250929, 7523871.966640175320208 ], [ 4172138.196255173534155, 7523882.931294931098819 ], [ 4172129.126839391421527, 7523907.335504255257547 ], [ 4172125.134290377609432, 7523918.371115923859179 ], [ 4172116.489799987990409, 7523942.929058091714978 ], [ 4172112.689386368263513, 7523954.032302160747349 ], [ 4172104.472425571642816, 7523978.736578954383731 ], [ 4172100.865292232949287, 7523989.904110535047948 ], [ 4172093.078336409293115, 7524014.747279728762805 ], [ 4172089.665570011828095, 7524025.975734567269683 ], [ 4172082.310964996460825, 7524050.95031211245805 ], [ 4172079.093593647703528, 7524062.236307599581778 ], [ 4172072.173555054236203, 7524087.33476977609098 ], [ 4172069.152547997422516, 7524098.674905969761312 ], [ 4172062.669160508085042, 7524123.889691787771881 ], [ 4172059.845427831169218, 7524135.280552435666323 ], [ 4172053.800644588656723, 7524160.60406584944576 ], [ 4172051.175036950036883, 7524172.042219418101013 ], [ 4172045.570678961463273, 7524197.466831648722291 ], [ 4172043.143987333867699, 7524208.948832357302308 ], [ 4172037.981742913834751, 7524234.466884243302047 ], [ 4172035.754698346368968, 7524245.98927310295403 ], [ 4172031.036122658289969, 7524271.593077150173485 ], [ 4172029.009396055247635, 7524283.152383003383875 ], [ 4172024.735910588875413, 7524308.83422595448792 ], [ 4172022.910112507641315, 7524320.426966523751616 ], [ 4172019.08300464740023, 7524346.179111735895276 ], [ 4172017.458685115911067, 7524357.801794670522213 ], [ 4172014.079107802826911, 7524383.616484152153134 ], [ 4172012.656756152398884, 7524395.265608080662787 ], [ 4172009.72572747990489, 7524421.135065192356706 ], [ 4172008.505772199016064, 7524432.807120780460536 ], [ 4172006.024175170343369, 7524458.723552077077329 ], [ 4172005.006983773782849, 7524470.415023079141974 ], [ 4172002.975565965287387, 7524496.37062125839293 ], [ 4172002.161444885190576, 7524508.077985581941903 ], [ 4172000.580818260554224, 7524534.064931576140225 ], [ 4171999.97001275466755, 7524545.784662339836359 ], [ 4171998.840653501916677, 7524571.795127155259252 ], [ 4171998.433347575832158, 7524583.52369375154376 ], [ 4171997.755595902446657, 7524609.549841976724565 ], [ 4171997.551912259310484, 7524621.283711139112711 ], [ 4171997.325972347054631, 7524647.317702162079513 ], [ 4171997.325972347054631, 7524659.05333902221173 ], [ 4171997.551912259310484, 7524685.087330045178533 ], [ 4171997.755595902446657, 7524696.821199207566679 ], [ 4171998.433347575832158, 7524722.847347432747483 ], [ 4171998.840653501916677, 7524734.575914029031992 ], [ 4171999.97001275466755, 7524760.586378844454885 ], [ 4172000.580818260554224, 7524772.306109608151019 ], [ 4172002.161444885190576, 7524798.293055602349341 ], [ 4172002.975565965287387, 7524810.000419925898314 ], [ 4172005.006983773782849, 7524835.956018105149269 ], [ 4172006.024175170343369, 7524847.647489107213914 ], [ 4172008.505772199016064, 7524873.563920403830707 ], [ 4172009.72572747990489, 7524885.235975991934538 ], [ 4172012.656756152398884, 7524911.105433103628457 ], [ 4172014.079107802826911, 7524922.754557032138109 ], [ 4172017.458685115911067, 7524948.569246513769031 ], [ 4172019.08300464740023, 7524960.191929448395967 ], [ 4172022.910112507641315, 7524985.944074660539627 ], [ 4172024.735910588875413, 7524997.536815229803324 ], [ 4172029.009396055247635, 7525023.218658180907369 ], [ 4172031.036122658289969, 7525034.777964034117758 ], [ 4172035.754698346368968, 7525060.381768081337214 ], [ 4172037.981742913834751, 7525071.904156940989196 ], [ 4172043.143987333867699, 7525097.422208826988935 ], [ 4172045.570678961463273, 7525108.904209535568953 ], [ 4172051.175036950036883, 7525134.328821766190231 ], [ 4172053.800644588656723, 7525145.766975334845483 ], [ 4172059.845427831169218, 7525171.090488748624921 ], [ 4172062.669160508085042, 7525182.481349396519363 ], [ 4172069.152547997422516, 7525207.696135214529932 ], [ 4172072.173555054236203, 7525219.036271408200264 ], [ 4172079.093593647703528, 7525244.134733584709466 ], [ 4172082.310964996460825, 7525255.420729071833193 ], [ 4172089.665570011828095, 7525280.395306617021561 ], [ 4172093.078336409293115, 7525291.623761455528438 ], [ 4172100.865292232949287, 7525316.466930649243295 ], [ 4172104.472425571642816, 7525327.634462229907513 ], [ 4172112.689386368263513, 7525352.338739023543894 ], [ 4172116.489799987990409, 7525363.441983092576265 ], [ 4172125.134290377609432, 7525387.999925260432065 ], [ 4172129.126839391421527, 7525399.035536929033697 ], [ 4172138.196255173534155, 7525423.439746253192425 ], [ 4172142.379736813250929, 7525434.404401008971035 ], [ 4172151.87134583061561, 7525458.647525736130774 ], [ 4172156.244499808643013, 7525469.537920439615846 ], [ 4172166.15544265974313, 7525493.612657185643911 ], [ 4172170.716951550450176, 7525504.425511073321104 ], [ 4172181.044242522213608, 7525528.324607224203646 ], [ 4172185.7927321549505, 7525539.056662886403501 ], [ 4172196.53326018108055, 7525562.772918906062841 ], [ 4172201.467300059273839, 7525573.420943276956677 ], [ 4172212.617829400114715, 7525596.947214301675558 ], [ 4172217.73593312734738, 7525607.507999630644917 ], [ 4172229.293104752432555, 7525630.83719851821661 ], [ 4172234.593730484135449, 7525641.307563334703445 ], [ 4172246.554062769282609, 7525664.432662102393806 ], [ 4172252.035613675136119, 7525674.80945217423141 ], [ 4172264.395503419917077, 7525697.723484096117318 ], [ 4172270.056328164413571, 7525708.003573383204639 ], [ 4172282.812052024994045, 7525730.699635748751462 ], [ 4172288.650445266626775, 7525740.879927339963615 ], [ 4172301.798160478938371, 7525763.351182773709297 ], [ 4172307.812363383360207, 7525773.428609824739397 ], [ 4172321.34810919361189, 7525795.668288855813444 ], [ 4172327.536309962626547, 7525805.639815508387983 ], [ 4172341.456008655950427, 7525827.641218312084675 ], [ 4172347.816343073733151, 7525837.503840611316264 ], [ 4172362.115801333449781, 7525859.26033925358206 ], [ 4172368.646353329531848, 7525869.011086053214967 ], [ 4172383.321263306774199, 7525890.516126182861626 ], [ 4172390.020065531134605, 7525900.152060040272772 ], [ 4172405.06600649561733, 7525921.399163389578462 ], [ 4172411.931040912400931, 7525930.917381446808577 ], [ 4172427.343480069655925, 7525951.900147038511932 ], [ 4172434.372678564861417, 7525961.297781903296709 ], [ 4172450.146973033435643, 7525982.009888837113976 ], [ 4172457.338218038901687, 7525991.284109440632164 ], [ 4172473.469615668058395, 7526011.719318000599742 ], [ 4172480.820740798022598, 7526020.867330454289913 ], [ 4172497.304381926078349, 7526041.019484436139464 ], [ 4172504.813172630500048, 7526050.0385328726843 ], [ 4172521.64409162895754, 7526069.901561524719 ], [ 4172529.308285860344768, 7526078.788928925059736 ], [ 4172546.481412199791521, 7526098.356848252937198 ], [ 4172554.298701094929129, 7526107.109857270494103 ], [ 4172571.808861382305622, 7526126.376772458665073 ], [ 4172579.776889957487583, 7526134.992786221206188 ], [ 4172597.618809295352548, 7526153.952893148176372 ], [ 4172605.735177156981081, 7526162.429316053166986 ], [ 4172623.903480450157076, 7526181.076902758330107 ], [ 4172632.165742516051978, 7526189.411181257106364 ], [ 4172650.654956640210003, 7526207.740630232729018 ], [ 4172659.06062387721613, 7526215.930253596045077 ], [ 4172677.865178829524666, 7526233.936042969115078 ], [ 4172686.411719003692269, 7526241.978544047102332 ], [ 4172705.525949872564524, 7526259.655249535106122 ], [ 4172714.21078831050545, 7526267.548205497674644 ], [ 4172733.628936775960028, 7526284.890501850284636 ], [ 4172742.449457142967731, 7526292.631534921005368 ], [ 4172762.165673603769392, 7526309.634197874926031 ], [ 4172771.119218688923866, 7526317.220976040698588 ], [ 4172791.127563513349742, 7526333.878883433528244 ], [ 4172800.211436033248901, 7526341.309121153317392 ], [ 4172820.505881457123905, 7526357.61725458689034 ], [ 4172829.717344865202904, 7526364.888713479042053 ], [ 4172850.291777393780649, 7526380.842160296626389 ], [ 4172859.628056707326323, 7526387.952649809420109 ], [ 4172880.476278115995228, 7526403.546603891067207 ], [ 4172889.934560751076788, 7526410.493981966748834 ], [ 4172911.050290348473936, 7526425.723745515570045 ], [ 4172920.627726966515183, 7526432.505919234827161 ], [ 4172942.004603734705597, 7526447.366904351860285 ], [ 4172951.698309102561325, 7526453.981830562464893 ], [ 4172973.329893003683537, 7526468.469560203142464 ], [ 4172983.136946861166507, 7526474.915246138349175 ], [ 4173005.016721581108868, 7526489.025356004014611 ], [ 4173014.934169522020966, 7526495.299859878607094 ], [ 4173037.055543510708958, 7526509.028099123388529 ], [ 4173047.080397871788591, 7526515.129530723206699 ], [ 4173069.436706940643489, 7526528.471763641573489 ], [ 4173079.565947702154517, 7526534.398284891620278 ], [ 4173102.150457029696554, 7526547.350492148660123 ], [ 4173112.381032725330442, 7526553.100317665375769 ], [ 4173135.186938677448779, 7526565.658597378991544 ], [ 4173145.515767313074321, 7526571.229995008558035 ], [ 4173168.536199668888003, 7526583.39056402258575 ], [ 4173178.960169652476907, 7526588.781855362467468 ], [ 4173202.188193030189723, 7526600.541050058789551 ], [ 4173212.704164106398821, 7526605.750610967166722 ], [ 4173236.132781460415572, 7526617.104889089241624 ], [ 4173246.737585660070181, 7526622.131150167435408 ], [ 4173270.359738616272807, 7526633.077090993523598 ], [ 4173281.050181206781417, 7526637.918538065627217 ], [ 4173304.858753958251327, 7526648.452844302169979 ], [ 4173315.631614410318434, 7526653.108018864877522 ], [ 4173339.61943410942331, 7526663.227516820654273 ], [ 4173350.471467063762248, 7526667.695016489364207 ], [ 4173374.631307622417808, 7526677.396657773293555 ], [ 4173385.559243869502097, 7526681.675136698409915 ], [ 4173409.883826844859868, 7526690.955998571589589 ], [ 4173420.884374308399856, 7526695.044167848303914 ], [ 4173445.366371992975473, 7526703.901454481296241 ], [ 4173456.436216723173857, 7526707.798082535155118 ], [ 4173481.068253850098699, 7526716.229125642217696 ], [ 4173492.204061020165682, 7526719.933038600720465 ], [ 4173516.978716928511858, 7526727.935298243537545 ], [ 4173528.17713184049353, 7526731.445380291901529 ], [ 4173553.086943242698908, 7526739.016445816494524 ], [ 4173564.344592338893563, 7526742.331639531068504 ], [ 4173589.382055039517581, 7526749.469230117276311 ], [ 4173600.695546916220337, 7526752.588536784984171 ], [ 4173625.853118354920298, 7526759.290502223186195 ], [ 4173637.219044786412269, 7526762.212982142344117 ], [ 4173662.489145859144628, 7526768.477303369902074 ], [ 4173673.904082824010402, 7526771.202076136134565 ], [ 4173699.279101357795298, 7526777.026866133324802 ], [ 4173710.739610068965703, 7526779.553110897541046 ], [ 4173736.211901288013905, 7526784.936614817008376 ], [ 4173747.714529231190681, 7526787.263570541515946 ], [ 4173773.276419775094837, 7526792.204166642390192 ], [ 4173784.817701745312661, 7526794.331132323481143 ], [ 4173810.46149089327082, 7526798.827332210727036 ], [ 4173822.037950043566525, 7526800.753667093813419 ], [ 4173847.755912658758461, 7526804.804116296581924 ], [ 4173859.364061542320997, 7526806.529240066185594 ], [ 4173885.148449750617146, 7526810.132718334905803 ], [ 4173896.784791376441717, 7526811.65611129347235 ], [ 4173922.627837921958417, 7526814.811533120460808 ], [ 4173934.288866803981364, 7526816.132736339233816 ], [ 4173960.182786162011325, 7526818.83915111143142 ], [ 4173971.864989378023893, 7526819.957766573876143 ], [ 4173997.801980763208121, 7526822.2143589630723 ], [ 4174009.501839011907578, 7526823.130049684084952 ], [ 4174035.474089139606804, 7526824.93613991420716 ], [ 4174047.188077800907195, 7526825.648630037903786 ], [ 4174073.187762322369963, 7526827.003674005158246 ], [ 4174084.912352519575506, 7526827.512748891487718 ], [ 4174110.931638868991286, 7526828.416338382288814 ], [ 4174122.66329853143543, 7526828.721844671294093 ], [ 4174148.694348431658, 7526829.173707479611039 ], [ 4174160.429543359670788, 7526829.275553136132658 ] ] ] ] } },
{ "type": "Feature", "properties": { "id": null }, "geometry": { "type": "MultiPolygon", "coordinates": [ [ [ [ 4177990.773587424308062, 7512643.234604219906032 ], [ 4178016.953193863853812, 7512643.234604219906032 ], [ 4178026.81017171125859, 7512643.148583677597344 ], [ 4178052.985791002865881, 7512642.691686543636024 ], [ 4178062.839766318909824, 7512642.433651118539274 ], [ 4178089.003424865659326, 7512641.519996028393507 ], [ 4178098.851396034937352, 7512641.090024321340024 ], [ 4178124.995124222245067, 7512639.719889585860074 ], [ 4178134.834091456606984, 7512639.118112570606172 ], [ 4178160.949925895780325, 7512637.291915526613593 ], [ 4178170.776892150286585, 7512636.518516508862376 ], [ 4178196.856877234764397, 7512634.236813467927277 ], [ 4178206.668849121313542, 7512633.292028034105897 ], [ 4178232.705040898174047, 7512630.555514009669423 ], [ 4178242.499029594473541, 7512629.439629950560629 ], [ 4178268.483497412409633, 7512626.249138480052352 ], [ 4178278.256519574206322, 7512624.96249570325017 ], [ 4178304.181347924284637, 7512621.31899868696928 ], [ 4178313.930426595266908, 7512619.861989117227495 ], [ 4178339.787718730513006, 7512615.766596373170614 ], [ 4178349.509884246159345, 7512614.139663829468191 ], [ 4178375.29176363768056, 7512609.593622878193855 ], [ 4178384.984054532367736, 7512607.797262940555811 ], [ 4178410.682667909190059, 7512602.801958528347313 ], [ 4178420.342131817247719, 7512600.836718385107815 ], [ 4178445.949650992173702, 7512595.393672158010304 ], [ 4178455.573345547541976, 7512593.260150440968573 ], [ 4178481.081970525439829, 7512587.371020334772766 ], [ 4178490.666964257601649, 7512585.069866933859885 ], [ 4178516.068924579303712, 7512578.736446898430586 ], [ 4178525.612297805491835, 7512576.268362767994404 ], [ 4178550.899855904281139, 7512569.492581996135414 ], [ 4178560.398701621685177, 7512566.858318937942386 ], [ 4178585.564154411666095, 7512559.642241470515728 ], [ 4178595.015579178929329, 7512556.842601908370852 ], [ 4178620.05126149719581, 7512549.188425692729652 ], [ 4178629.452386319171637, 7512546.224262421950698 ], [ 4178654.35067168623209, 7512538.134319102391601 ], [ 4178663.698632889427245, 7512535.006535036489367 ], [ 4178688.451937037520111, 7512526.483288898132741 ], [ 4178697.743887142278254, 7512523.192836791276932 ], [ 4178722.344670261722058, 7512514.238883996382356 ], [ 4178731.577778849750757, 7512510.786766150966287 ], [ 4178756.018546970561147, 7512501.404834279790521 ], [ 4178765.190001547336578, 7512497.792102245613933 ], [ 4178789.46331001771614, 7512487.985049036331475 ], [ 4178798.570316870231181, 7512484.212803285568953 ], [ 4178822.668771696276963, 7512473.983616103418171 ], [ 4178831.708556741476059, 7512470.053005699068308 ], [ 4178855.624817467760295, 7512459.40480037778616 ], [ 4178864.594627099577338, 7512455.3170226207003 ], [ 4178888.32140814140439, 7512444.253042917698622 ], [ 4178897.218510068953037, 7512440.009342987090349 ], [ 4178920.748584701679647, 7512428.532958777621388 ], [ 4178929.570268781390041, 7512424.134629342705011 ], [ 4178952.896468806546181, 7512412.249336789362133 ], [ 4178961.640047868248075, 7512407.697717626579106 ], [ 4178984.755268498323858, 7512395.407136803492904 ], [ 4178993.418079162482172, 7512390.703614378347993 ], [ 4179016.315278974361718, 7512378.011489268392324 ], [ 4179024.894682466052473, 7512373.157496319152415 ], [ 4179047.566886637825519, 7512360.067693137563765 ], [ 4179056.060269586741924, 7512355.064708239398897 ], [ 4179078.500572287477553, 7512341.581214067526162 ], [ 4179086.90534752747044, 7512336.430761176161468 ], [ 4179109.106912944000214, 7512322.557683383114636 ], [ 4179117.420520298648626, 7512317.26133137755096 ], [ 4179139.376585746649653, 7512303.002895759418607 ], [ 4179147.596492810640484, 7512297.562257959507406 ], [ 4179169.300370228942484, 7512282.922807793132961 ], [ 4179177.424073139205575, 7512277.339541469700634 ], [ 4179198.86915131052956, 7512262.323536076582968 ], [ 4179206.894175508525223, 7512256.599341946654022 ], [ 4179228.073922144249082, 7512241.211355282925069 ], [ 4179235.997823129408062, 7512235.34797699097544 ], [ 4179256.905786453280598, 7512219.592696548439562 ], [ 4179264.726150528993458, 7512213.591920137405396 ], [ 4179285.355962000321597, 7512197.474144957028329 ], [ 4179293.070407007820904, 7512191.337798320688307 ], [ 4179313.415782409254462, 7512174.862438171170652 ], [ 4179321.021958454046398, 7512168.592390500940382 ], [ 4179341.076700566336513, 7512151.764463791623712 ], [ 4179348.572290733456612, 7512145.362625003792346 ], [ 4179368.330290541984141, 7512128.187257804907858 ], [ 4179375.713011601939797, 7512121.65557796228677 ], [ 4179395.168250765651464, 7512104.138001936487854 ], [ 4179402.435853869654238, 7512097.478470651432872 ], [ 4179421.582405949477106, 7512079.624021988362074 ], [ 4179428.732677315827459, 7512072.838667819276452 ], [ 4179447.564710207283497, 7512054.652785049751401 ], [ 4179454.595471794251353, 7512047.743674880824983 ], [ 4179473.107249072752893, 7512029.231897603720427 ], [ 4179480.016359241679311, 7512022.201136017218232 ], [ 4179498.202242046128958, 7512003.369103089906275 ], [ 4179504.98759621521458, 7511996.218831723555923 ], [ 4179522.842044977936894, 7511977.072279534302652 ], [ 4179529.501576262526214, 7511969.804676429368556 ], [ 4179547.019152153283358, 7511950.3494374146685 ], [ 4179553.550831996370107, 7511942.966716354712844 ], [ 4179570.726199205499142, 7511923.208716535940766 ], [ 4179577.128037992864847, 7511915.71312636975199 ], [ 4179593.95596469193697, 7511895.658384270966053 ], [ 4179600.2260123626329, 7511888.052208226174116 ], [ 4179616.701372574549168, 7511867.706832747906446 ], [ 4179622.83771921088919, 7511859.992387739941478 ], [ 4179638.955494363326579, 7511839.362576303072274 ], [ 4179644.956270774360746, 7511831.542212227359414 ], [ 4179660.711551251355559, 7511810.63424885738641 ], [ 4179666.574929542839527, 7511802.71034787222743 ], [ 4179681.962916172575206, 7511781.530601281672716 ], [ 4179687.687110302504152, 7511773.505577083677053 ], [ 4179702.703115684911609, 7511752.060498927719891 ], [ 4179708.286382008809596, 7511743.936796016991138 ], [ 4179722.925832185894251, 7511722.232918583787978 ], [ 4179728.366469985805452, 7511714.013011519797146 ], [ 4179742.624905603937805, 7511692.056946071796119 ], [ 4179747.921257609501481, 7511683.743338717147708 ], [ 4179761.7943353834562, 7511661.541773332282901 ], [ 4179766.944788274820894, 7511653.136998092755675 ], [ 4179780.428282416425645, 7511630.696695444174111 ], [ 4179785.431267315056175, 7511622.203312495723367 ], [ 4179798.52107060700655, 7511599.531108132563531 ], [ 4179803.375063555315137, 7511590.951704640872777 ], [ 4179816.067188590299338, 7511568.054504961706698 ], [ 4179820.77071101590991, 7511559.391694297082722 ], [ 4179833.061291824094951, 7511536.276473697274923 ], [ 4179837.612910987343639, 7511527.53289463557303 ], [ 4179849.498203639872372, 7511504.206694412976503 ], [ 4179853.896533073857427, 7511495.385010332800448 ], [ 4179865.372917158063501, 7511471.854935957118869 ], [ 4179869.616617089603096, 7511462.957834029570222 ], [ 4179880.680596876889467, 7511439.231052809394896 ], [ 4179884.768374633044004, 7511430.261243178509176 ], [ 4179895.416579899378121, 7511406.344982574693859 ], [ 4179899.347190304193646, 7511397.305197529494762 ], [ 4179909.576377512421459, 7511373.206742644309998 ], [ 4179913.348623263183981, 7511364.099735791794956 ], [ 4179923.155676467344165, 7511339.826427334919572 ], [ 4179926.768408501986414, 7511330.654972757212818 ], [ 4179936.150340392254293, 7511306.214204584248364 ], [ 4179939.602458237204701, 7511296.981095996685326 ], [ 4179948.556410995312035, 7511272.380312979221344 ], [ 4179951.846863102633506, 7511263.088362874463201 ], [ 4179960.370109284762293, 7511238.335058598779142 ], [ 4179963.497893350198865, 7511228.987097395583987 ], [ 4179971.587836668360978, 7511204.088812028057873 ], [ 4179974.551999938674271, 7511194.687687206082046 ], [ 4179982.206176114734262, 7511169.652005017735064 ], [ 4179985.005815677344799, 7511160.20058025047183 ], [ 4179992.221893177833408, 7511135.035127347335219 ], [ 4179994.856156235560775, 7511125.536281630396843 ], [ 4180001.631937003228813, 7511100.248723545111716 ], [ 4180004.100021133664995, 7511090.70535031799227 ], [ 4180010.433441152330488, 7511065.30339006241411 ], [ 4180012.734594553243369, 7511055.718396331183612 ], [ 4180018.623724639881402, 7511030.209771442227066 ], [ 4180020.757246357854456, 7511020.58607688639313 ], [ 4180026.200292609166354, 7510994.978557605296373 ], [ 4180028.165532752405852, 7510985.319093697704375 ], [ 4180033.160837172530591, 7510959.620480281300843 ], [ 4180034.957197110168636, 7510949.928189385682344 ], [ 4180039.503238067496568, 7510924.146309950388968 ], [ 4180041.13017061073333, 7510914.42414443474263 ], [ 4180045.225563341751695, 7510888.56685237865895 ], [ 4180046.68257291149348, 7510878.81777370814234 ], [ 4180050.326069938484579, 7510852.892945277504623 ], [ 4180051.6127127148211, 7510843.119923115707934 ], [ 4180054.803204160183668, 7510817.135455507785082 ], [ 4180055.919088220223784, 7510807.341466811485589 ], [ 4180058.655602260492742, 7510781.305274901911616 ], [ 4180059.600387694314122, 7510771.493303015828133 ], [ 4180061.882090741768479, 7510745.41331784799695 ], [ 4180062.655489759054035, 7510735.586351593025029 ], [ 4180064.481686796993017, 7510709.470517225563526 ], [ 4180065.083463812246919, 7510699.631549990735948 ], [ 4180066.45359854772687, 7510673.487821814604104 ], [ 4180066.883570254780352, 7510663.639850646257401 ], [ 4180067.797225344926119, 7510637.476192091591656 ], [ 4180068.055260770022869, 7510627.622216775082052 ], [ 4180068.51215790444985, 7510601.446597484871745 ], [ 4180068.598178446758538, 7510591.589619637466967 ], [ 4180068.598178446758538, 7510565.410013197921216 ], [ 4180068.51215790444985, 7510555.553035350516438 ], [ 4180068.055260770022869, 7510529.377416060306132 ], [ 4180067.797225344926119, 7510519.523440743796527 ], [ 4180066.883570254780352, 7510493.359782189130783 ], [ 4180066.45359854772687, 7510483.51181102078408 ], [ 4180065.083463812246919, 7510457.368082844652236 ], [ 4180064.481686796993017, 7510447.529115609824657 ], [ 4180062.655489759054035, 7510421.413281242363155 ], [ 4180061.882090741768479, 7510411.586314987391233 ], [ 4180059.600387694314122, 7510385.506329819560051 ], [ 4180058.655602260492742, 7510375.694357933476567 ], [ 4180055.919088220223784, 7510349.658166023902595 ], [ 4180054.803204160183668, 7510339.864177327603102 ], [ 4180051.6127127148211, 7510313.87970971968025 ], [ 4180050.326069938484579, 7510304.106687557883561 ], [ 4180046.68257291149348, 7510278.181859127245843 ], [ 4180045.225563341751695, 7510268.432780456729233 ], [ 4180041.13017061073333, 7510242.575488400645554 ], [ 4180039.503238067496568, 7510232.853322884999216 ], [ 4180034.957197110168636, 7510207.071443449705839 ], [ 4180033.160837172530591, 7510197.379152554087341 ], [ 4180028.165532752405852, 7510171.680539137683809 ], [ 4180026.200292609166354, 7510162.02107523009181 ], [ 4180020.757246357854456, 7510136.413555948995054 ], [ 4180018.623724639881402, 7510126.789861393161118 ], [ 4180012.734594553243369, 7510101.281236504204571 ], [ 4180010.433441152330488, 7510091.696242772974074 ], [ 4180004.100021133664995, 7510066.294282517395914 ], [ 4180001.631937003228813, 7510056.750909290276468 ], [ 4179994.856156235560775, 7510031.463351204991341 ], [ 4179992.221893177833408, 7510021.964505488052964 ], [ 4179985.005815677344799, 7509996.799052584916353 ], [ 4179982.206176114734262, 7509987.34762781765312 ], [ 4179974.551999938674271, 7509962.311945629306138 ], [ 4179971.587836668360978, 7509952.91082080733031 ], [ 4179963.497893350198865, 7509928.012535439804196 ], [ 4179960.370109284762293, 7509918.664574236609042 ], [ 4179951.846863102633506, 7509893.911269960924983 ], [ 4179948.556410995312035, 7509884.61931985616684 ], [ 4179939.602458237204701, 7509860.018536838702857 ], [ 4179936.150340392254293, 7509850.78542825113982 ], [ 4179926.768408501986414, 7509826.344660078175366 ], [ 4179923.155676467344165, 7509817.173205500468612 ], [ 4179913.348623263183981, 7509792.899897043593228 ], [ 4179909.576377512421459, 7509783.792890191078186 ], [ 4179899.347190304193646, 7509759.694435305893421 ], [ 4179895.416579899378121, 7509750.654650260694325 ], [ 4179884.768374633044004, 7509726.738389656879008 ], [ 4179880.680596876889467, 7509717.768580025993288 ], [ 4179869.616617089603096, 7509694.041798805817962 ], [ 4179865.372917158063501, 7509685.144696878269315 ], [ 4179853.896533073857427, 7509661.614622502587736 ], [ 4179849.498203639872372, 7509652.79293842241168 ], [ 4179837.612910987343639, 7509629.466738199815154 ], [ 4179833.061291824094951, 7509620.72315913811326 ], [ 4179820.77071101590991, 7509597.607938538305461 ], [ 4179816.067188590299338, 7509588.945127873681486 ], [ 4179803.375063520856202, 7509566.04792813397944 ], [ 4179798.521070572547615, 7509557.468524643220007 ], [ 4179785.431267351843417, 7509534.796320402994752 ], [ 4179780.428282453212887, 7509526.302937453612685 ], [ 4179766.944788274820894, 7509503.862634742632508 ], [ 4179761.7943353834562, 7509495.457859503105283 ], [ 4179747.921257609501481, 7509473.256294118240476 ], [ 4179742.624905603937805, 7509464.942686763592064 ], [ 4179728.366469985805452, 7509442.986621315591037 ], [ 4179722.925832185894251, 7509434.766714251600206 ], [ 4179708.286382008809596, 7509413.062836818397045 ], [ 4179702.703115684911609, 7509404.939133907668293 ], [ 4179687.687110302504152, 7509383.49405575171113 ], [ 4179681.962916172575206, 7509375.469031553715467 ], [ 4179666.574929542839527, 7509354.289284963160753 ], [ 4179660.711551251355559, 7509346.365383978001773 ], [ 4179644.956270774360746, 7509325.457420608028769 ], [ 4179638.955494363326579, 7509317.63705653231591 ], [ 4179622.83771921088919, 7509297.007245095446706 ], [ 4179616.701372574549168, 7509289.292800087481737 ], [ 4179600.2260123626329, 7509268.947424609214067 ], [ 4179593.95596469193697, 7509261.341248564422131 ], [ 4179577.128037992864847, 7509241.286506465636194 ], [ 4179570.726199205499142, 7509233.790916299447417 ], [ 4179553.550831996370107, 7509214.03291648067534 ], [ 4179547.019152153283358, 7509206.650195420719683 ], [ 4179529.501576262526214, 7509187.194956406019628 ], [ 4179522.842044977936894, 7509179.927353301085532 ], [ 4179504.98759621521458, 7509160.780801111832261 ], [ 4179498.202242046128958, 7509153.630529745481908 ], [ 4179480.016359241679311, 7509134.798496818169951 ], [ 4179473.107249072752893, 7509127.767735231667757 ], [ 4179454.595471794251353, 7509109.2559579545632 ], [ 4179447.564710207283497, 7509102.346847785636783 ], [ 4179428.732677315827459, 7509084.160965016111732 ], [ 4179421.582405949477106, 7509077.37561084702611 ], [ 4179402.435853869654238, 7509059.521162183955312 ], [ 4179395.168250765651464, 7509052.86163089890033 ], [ 4179375.713011601939797, 7509035.344054873101413 ], [ 4179368.330290541984141, 7509028.812375030480325 ], [ 4179348.572290733456612, 7509011.637007831595838 ], [ 4179341.076700566336513, 7509005.235169043764472 ], [ 4179321.021958454046398, 7508988.407242334447801 ], [ 4179313.415782409254462, 7508982.137194664217532 ], [ 4179293.070407007820904, 7508965.661834514699876 ], [ 4179285.355962000321597, 7508959.525487878359854 ], [ 4179264.726150528993458, 7508943.407712697982788 ], [ 4179256.905786453280598, 7508937.406936286948621 ], [ 4179235.997823129408062, 7508921.651655844412744 ], [ 4179228.073922144249082, 7508915.788277552463114 ], [ 4179206.894175508525223, 7508900.400290888734162 ], [ 4179198.86915131052956, 7508894.676096758805215 ], [ 4179177.424073139205575, 7508879.660091365687549 ], [ 4179169.300370228942484, 7508874.076825042255223 ], [ 4179147.596492810640484, 7508859.437374875880778 ], [ 4179139.376585746649653, 7508853.996737075969577 ], [ 4179117.420520298648626, 7508839.738301457837224 ], [ 4179109.106912944000214, 7508834.441949452273548 ], [ 4179086.90534752747044, 7508820.568871659226716 ], [ 4179078.500572287477553, 7508815.418418767862022 ], [ 4179056.060269586741924, 7508801.934924595989287 ], [ 4179047.566886637825519, 7508796.931939697824419 ], [ 4179024.894682466052473, 7508783.842136516235769 ], [ 4179016.315278974361718, 7508778.988143566995859 ], [ 4178993.418079162482172, 7508766.296018457040191 ], [ 4178984.755268498323858, 7508761.59249603189528 ], [ 4178961.640047868248075, 7508749.301915208809078 ], [ 4178952.896468806546181, 7508744.750296046026051 ], [ 4178929.570268781390041, 7508732.865003492683172 ], [ 4178920.748584701679647, 7508728.466674057766795 ], [ 4178897.218510068953037, 7508716.990289848297834 ], [ 4178888.32140814140439, 7508712.746589917689562 ], [ 4178864.594627099577338, 7508701.682610214687884 ], [ 4178855.624817467760295, 7508697.594832457602024 ], [ 4178831.708556741476059, 7508686.946627136319876 ], [ 4178822.668771696276963, 7508683.016016731970012 ], [ 4178798.570316870231181, 7508672.786829549819231 ], [ 4178789.46331001771614, 7508669.014583799056709 ], [ 4178765.190001547336578, 7508659.207530589774251 ], [ 4178756.018546970561147, 7508655.594798555597663 ], [ 4178731.577778849750757, 7508646.212866684421897 ], [ 4178722.344670261722058, 7508642.760748839005828 ], [ 4178697.743887142278254, 7508633.806796044111252 ], [ 4178688.451937037520111, 7508630.516343937255442 ], [ 4178663.698632889427245, 7508621.993097798898816 ], [ 4178654.35067168623209, 7508618.865313732996583 ], [ 4178629.452386319171637, 7508610.775370413437486 ], [ 4178620.05126149719581, 7508607.811207142658532 ], [ 4178595.015579178929329, 7508600.157030927017331 ], [ 4178585.564154411666095, 7508597.357391364872456 ], [ 4178560.398701621685177, 7508590.141313897445798 ], [ 4178550.899855904281139, 7508587.50705083925277 ], [ 4178525.612297805491835, 7508580.73127006739378 ], [ 4178516.068924579303712, 7508578.263185936957598 ], [ 4178490.666964257601649, 7508571.929765901528299 ], [ 4178481.081970525439829, 7508569.628612500615418 ], [ 4178455.573345547541976, 7508563.739482394419611 ], [ 4178445.949650992173702, 7508561.60596067737788 ], [ 4178420.342131817247719, 7508556.162914450280368 ], [ 4178410.682667909190059, 7508554.19767430704087 ], [ 4178384.984054532367736, 7508549.202369894832373 ], [ 4178375.29176363768056, 7508547.406009957194328 ], [ 4178349.509884246159345, 7508542.859969005919993 ], [ 4178339.787718730513006, 7508541.233036462217569 ], [ 4178313.930426595266908, 7508537.137643718160689 ], [ 4178304.181347924284637, 7508535.680634148418903 ], [ 4178278.256519574206322, 7508532.037137132138014 ], [ 4178268.483497412409633, 7508530.750494355335832 ], [ 4178242.499029594473541, 7508527.560002884827554 ], [ 4178232.705040898174047, 7508526.44411882571876 ], [ 4178206.668849121313542, 7508523.707604801282287 ], [ 4178196.856877234764397, 7508522.762819367460907 ], [ 4178170.776892150286585, 7508520.481116326525807 ], [ 4178160.949925895780325, 7508519.70771730877459 ], [ 4178134.834091456606984, 7508517.881520264782012 ], [ 4178124.995124222245067, 7508517.27974324952811 ], [ 4178098.851396034937352, 7508515.909608514048159 ], [ 4178089.003424865659326, 7508515.479636806994677 ], [ 4178062.839766318909824, 7508514.56598171684891 ], [ 4178052.985791002865881, 7508514.30794629175216 ], [ 4178026.81017171125859, 7508513.85104915779084 ], [ 4178016.953193863853812, 7508513.765028615482152 ], [ 4177990.773587424308062, 7508513.765028615482152 ], [ 4177980.916609576903284, 7508513.85104915779084 ], [ 4177954.740990285295993, 7508514.30794629175216 ], [ 4177944.88701496925205, 7508514.56598171684891 ], [ 4177918.723356422502548, 7508515.479636806994677 ], [ 4177908.875385253224522, 7508515.909608514048159 ], [ 4177882.731657065916806, 7508517.27974324952811 ], [ 4177872.89268983155489, 7508517.881520264782012 ], [ 4177846.776855392381549, 7508519.70771730877459 ], [ 4177836.949889137875289, 7508520.481116326525807 ], [ 4177810.869904053397477, 7508522.762819367460907 ], [ 4177801.057932166848332, 7508523.707604801282287 ], [ 4177775.021740389987826, 7508526.44411882571876 ], [ 4177765.227751693688333, 7508527.560002884827554 ], [ 4177739.24328387575224, 7508530.750494355335832 ], [ 4177729.470261713955551, 7508532.037137132138014 ], [ 4177703.545433363877237, 7508535.680634148418903 ], [ 4177693.796354692894965, 7508537.137643718160689 ], [ 4177667.939062557648867, 7508541.233036462217569 ], [ 4177658.216897042002529, 7508542.859969005919993 ], [ 4177632.435017650481313, 7508547.406009957194328 ], [ 4177622.742726755794138, 7508549.202369894832373 ], [ 4177597.044113378971815, 7508554.19767430704087 ], [ 4177587.384649470914155, 7508556.162914450280368 ], [ 4177561.777130295988172, 7508561.60596067737788 ], [ 4177552.153435740619898, 7508563.739482394419611 ], [ 4177526.644810629077256, 7508569.628612532280385 ], [ 4177517.059816896915436, 7508571.929765934124589 ], [ 4177491.657856708858162, 7508578.26318593788892 ], [ 4177482.114483482670039, 7508580.731270068325102 ], [ 4177456.826925515662879, 7508587.50705080293119 ], [ 4177447.328079798258841, 7508590.141313860192895 ], [ 4177422.162626876495779, 7508597.357391364872456 ], [ 4177412.711202109232545, 7508600.157030927017331 ], [ 4177387.675519790966064, 7508607.811207142658532 ], [ 4177378.274394968990237, 7508610.775370413437486 ], [ 4177353.376109601929784, 7508618.865313732996583 ], [ 4177344.028148398734629, 7508621.993097798898816 ], [ 4177319.274844250641763, 7508630.516343937255442 ], [ 4177309.98289414588362, 7508633.806796044111252 ], [ 4177285.382111026439816, 7508642.760748839005828 ], [ 4177276.149002438411117, 7508646.212866684421897 ], [ 4177251.708234317600727, 7508655.594798555597663 ], [ 4177242.536779740825295, 7508659.207530589774251 ], [ 4177218.263471270445734, 7508669.014583799056709 ], [ 4177209.156464417930692, 7508672.786829549819231 ], [ 4177185.058009591884911, 7508683.016016731970012 ], [ 4177176.018224546685815, 7508686.946627136319876 ], [ 4177152.101963820401579, 7508697.594832457602024 ], [ 4177143.132154188584536, 7508701.682610214687884 ], [ 4177119.405373146757483, 7508712.746589917689562 ], [ 4177110.508271219208837, 7508716.990289848297834 ], [ 4177086.978196586482227, 7508728.466674057766795 ], [ 4177078.156512506771833, 7508732.865003492683172 ], [ 4177054.830312481615692, 7508744.750296046026051 ], [ 4177046.086733419913799, 7508749.301915208809078 ], [ 4177022.971512789838016, 7508761.59249603189528 ], [ 4177014.308702125679702, 7508766.296018457040191 ], [ 4176991.411502313800156, 7508778.988143566995859 ], [ 4176982.832098822109401, 7508783.842136516235769 ], [ 4176960.159894650336355, 7508796.931939697824419 ], [ 4176951.66651170141995, 7508801.934924595989287 ], [ 4176929.226209000684321, 7508815.418418767862022 ], [ 4176920.821433760691434, 7508820.568871659226716 ], [ 4176898.619868344161659, 7508834.441949452273548 ], [ 4176890.306260989513248, 7508839.738301457837224 ], [ 4176868.350195541512221, 7508853.996737075969577 ], [ 4176860.13028847752139, 7508859.437374875880778 ], [ 4176838.42641105921939, 7508874.076825042255223 ], [ 4176830.302708148956299, 7508879.660091365687549 ], [ 4176808.857629977632314, 7508894.676096758805215 ], [ 4176800.832605779636651, 7508900.400290888734162 ], [ 4176779.652859143912792, 7508915.788277552463114 ], [ 4176771.728958158753812, 7508921.651655844412744 ], [ 4176750.820994834881276, 7508937.406936286948621 ], [ 4176743.000630759168416, 7508943.407712697982788 ], [ 4176722.370819287840277, 7508959.525487878359854 ], [ 4176714.65637428034097, 7508965.661834514699876 ], [ 4176694.310998878907412, 7508982.137194664217532 ], [ 4176686.704822834115475, 7508988.407242334447801 ], [ 4176666.650080721825361, 7509005.235169043764472 ], [ 4176659.154490554705262, 7509011.637007831595838 ], [ 4176639.396490746177733, 7509028.812375030480325 ], [ 4176632.013769686222076, 7509035.344054873101413 ], [ 4176612.558530522510409, 7509052.86163089890033 ], [ 4176605.290927418507636, 7509059.521162183955312 ], [ 4176586.144375338684767, 7509077.37561084702611 ], [ 4176578.994103972334415, 7509084.160965016111732 ], [ 4176560.162071080878377, 7509102.346847785636783 ], [ 4176553.131309493910521, 7509109.2559579545632 ], [ 4176534.619532215408981, 7509127.767735231667757 ], [ 4176527.710422046482563, 7509134.798496818169951 ], [ 4176509.524539242032915, 7509153.630529745481908 ], [ 4176502.739185072947294, 7509160.780801111832261 ], [ 4176484.88473631022498, 7509179.927353301085532 ], [ 4176478.22520502563566, 7509187.194956406019628 ], [ 4176460.707629134878516, 7509206.650195420719683 ], [ 4176454.175949291791767, 7509214.03291648067534 ], [ 4176437.000582082662731, 7509233.790916299447417 ], [ 4176430.598743295297027, 7509241.286506465636194 ], [ 4176413.770816596224904, 7509261.341248564422131 ], [ 4176407.500768925528973, 7509268.947424609214067 ], [ 4176391.025408713612705, 7509289.292800087481737 ], [ 4176384.889062077272683, 7509297.007245095446706 ], [ 4176368.771286924835294, 7509317.63705653231591 ], [ 4176362.770510513801128, 7509325.457420608028769 ], [ 4176347.015230036806315, 7509346.365383978001773 ], [ 4176341.151851745322347, 7509354.289284963160753 ], [ 4176325.763865115586668, 7509375.469031553715467 ], [ 4176320.039670985657722, 7509383.49405575171113 ], [ 4176305.023665603250265, 7509404.939133907668293 ], [ 4176299.440399279352278, 7509413.062836818397045 ], [ 4176284.800949102267623, 7509434.766714251600206 ], [ 4176279.360311302356422, 7509442.986621315591037 ], [ 4176265.101875684224069, 7509464.942686763592064 ], [ 4176259.805523678660393, 7509473.256294118240476 ], [ 4176245.932445904705673, 7509495.457859503105283 ], [ 4176240.78199301334098, 7509503.862634742632508 ], [ 4176227.298498834948987, 7509526.302937453612685 ], [ 4176222.295513936318457, 7509534.796320402994752 ], [ 4176209.205710715614259, 7509557.468524643220007 ], [ 4176204.351717767305672, 7509566.04792813397944 ], [ 4176191.659592697862536, 7509588.945127873681486 ], [ 4176186.956070272251964, 7509597.607938538305461 ], [ 4176174.665489464066923, 7509620.72315913811326 ], [ 4176170.113870300818235, 7509629.466738199815154 ], [ 4176158.228577648289502, 7509652.79293842241168 ], [ 4176153.830248214304447, 7509661.614622502587736 ], [ 4176142.353864130098373, 7509685.144696878269315 ], [ 4176138.110164198558778, 7509694.041798805817962 ], [ 4176127.046184411272407, 7509717.768580025993288 ], [ 4176122.958406655117869, 7509726.738389656879008 ], [ 4176112.310201388783753, 7509750.654650260694325 ], [ 4176108.379590983968228, 7509759.694435305893421 ], [ 4176098.150403775740415, 7509783.792890191078186 ], [ 4176094.378158024977893, 7509792.899897043593228 ], [ 4176084.571104820817709, 7509817.173205500468612 ], [ 4176080.95837278617546, 7509826.344660078175366 ], [ 4176071.576440895907581, 7509850.78542825113982 ], [ 4176068.124323050957173, 7509860.018536838702857 ], [ 4176059.170370292849839, 7509884.61931985616684 ], [ 4176055.879918185528368, 7509893.911269960924983 ], [ 4176047.356672003399581, 7509918.664574236609042 ], [ 4176044.228887937963009, 7509928.012535439804196 ], [ 4176036.138944619800895, 7509952.91082080733031 ], [ 4176033.174781349487603, 7509962.311945629306138 ], [ 4176025.520605173427612, 7509987.34762781765312 ], [ 4176022.720965610817075, 7509996.799052584916353 ], [ 4176015.504888110328466, 7510021.964505488052964 ], [ 4176012.870625052601099, 7510031.463351204991341 ], [ 4176006.09484428493306, 7510056.750909290276468 ], [ 4176003.626760154496878, 7510066.294282517395914 ], [ 4175997.293340135831386, 7510091.696242772974074 ], [ 4175994.992186734918505, 7510101.281236504204571 ], [ 4175989.103056648280472, 7510126.789861393161118 ], [ 4175986.969534930307418, 7510136.413555948995054 ], [ 4175981.52648867899552, 7510162.02107523009181 ], [ 4175979.561248535756022, 7510171.680539137683809 ], [ 4175974.565944115631282, 7510197.379152554087341 ], [ 4175972.769584177993238, 7510207.071443449705839 ], [ 4175968.223543220665306, 7510232.853322884999216 ], [ 4175966.596610677428544, 7510242.575488400645554 ], [ 4175962.501217946410179, 7510268.432780456729233 ], [ 4175961.044208376668394, 7510278.181859127245843 ], [ 4175957.400711349677294, 7510304.106687557883561 ], [ 4175956.114068573340774, 7510313.87970971968025 ], [ 4175952.923577127978206, 7510339.864177327603102 ], [ 4175951.807693067938089, 7510349.658166023902595 ], [ 4175949.071179027669132, 7510375.694357933476567 ], [ 4175948.126393593847752, 7510385.506329819560051 ], [ 4175945.844690546393394, 7510411.586314987391233 ], [ 4175945.071291529107839, 7510421.413281242363155 ], [ 4175943.245094491168857, 7510447.529115609824657 ], [ 4175942.643317475914955, 7510457.368082844652236 ], [ 4175941.273182740435004, 7510483.51181102078408 ], [ 4175940.843211033381522, 7510493.359782189130783 ], [ 4175939.929555943235755, 7510519.523440743796527 ], [ 4175939.671520518139005, 7510529.377416060306132 ], [ 4175939.214623383712023, 7510555.553035350516438 ], [ 4175939.128602841403335, 7510565.410013197921216 ], [ 4175939.128602841403335, 7510591.589619637466967 ], [ 4175939.214623383712023, 7510601.446597484871745 ], [ 4175939.671520518139005, 7510627.622216775082052 ], [ 4175939.929555943235755, 7510637.476192091591656 ], [ 4175940.843211033381522, 7510663.639850646257401 ], [ 4175941.273182740435004, 7510673.487821814604104 ], [ 4175942.643317475914955, 7510699.631549990735948 ], [ 4175943.245094491168857, 7510709.470517225563526 ], [ 4175945.071291529107839, 7510735.586351593025029 ], [ 4175945.844690546393394, 7510745.41331784799695 ], [ 4175948.126393593847752, 7510771.493303015828133 ], [ 4175949.071179027669132, 7510781.305274901911616 ], [ 4175951.807693067938089, 7510807.341466811485589 ], [ 4175952.923577127978206, 7510817.135455507785082 ], [ 4175956.114068573340774, 7510843.119923115707934 ], [ 4175957.400711349677294, 7510852.892945277504623 ], [ 4175961.044208376668394, 7510878.81777370814234 ], [ 4175962.501217946410179, 7510888.56685237865895 ], [ 4175966.596610677428544, 7510914.42414443474263 ], [ 4175968.223543220665306, 7510924.146309950388968 ], [ 4175972.769584177993238, 7510949.928189385682344 ], [ 4175974.565944115631282, 7510959.620480281300843 ], [ 4175979.561248535756022, 7510985.319093697704375 ], [ 4175981.52648867899552, 7510994.978557605296373 ], [ 4175986.969534930307418, 7511020.58607688639313 ], [ 4175989.103056648280472, 7511030.209771442227066 ], [ 4175994.992186734918505, 7511055.718396331183612 ], [ 4175997.293340135831386, 7511065.30339006241411 ], [ 4176003.626760154496878, 7511090.70535031799227 ], [ 4176006.09484428493306, 7511100.248723545111716 ], [ 4176012.870625052601099, 7511125.536281630396843 ], [ 4176015.504888110328466, 7511135.035127347335219 ], [ 4176022.720965610817075, 7511160.20058025047183 ], [ 4176025.520605173427612, 7511169.652005017735064 ], [ 4176033.174781349487603, 7511194.687687206082046 ], [ 4176036.138944619800895, 7511204.088812028057873 ], [ 4176044.228887937963009, 7511228.987097395583987 ], [ 4176047.356672003399581, 7511238.335058598779142 ], [ 4176055.879918185528368, 7511263.088362874463201 ], [ 4176059.170370292849839, 7511272.380312979221344 ], [ 4176068.124323050957173, 7511296.981095996685326 ], [ 4176071.576440895907581, 7511306.214204584248364 ], [ 4176080.95837278617546, 7511330.654972757212818 ], [ 4176084.571104820817709, 7511339.826427334919572 ], [ 4176094.378158024977893, 7511364.099735791794956 ], [ 4176098.150403775740415, 7511373.206742644309998 ], [ 4176108.379590983968228, 7511397.305197529494762 ], [ 4176112.310201388783753, 7511406.344982574693859 ], [ 4176122.958406655117869, 7511430.261243178509176 ], [ 4176127.046184411272407, 7511439.231052809394896 ], [ 4176138.110164198558778, 7511462.957834029570222 ], [ 4176142.353864130098373, 7511471.854935957118869 ], [ 4176153.830248214304447, 7511495.385010332800448 ], [ 4176158.228577648289502, 7511504.206694412976503 ], [ 4176170.113870300818235, 7511527.53289463557303 ], [ 4176174.665489464066923, 7511536.276473697274923 ], [ 4176186.956070272251964, 7511559.391694297082722 ], [ 4176191.659592697862536, 7511568.054504961706698 ], [ 4176204.351717732846737, 7511590.951704640872777 ], [ 4176209.205710681155324, 7511599.531108132563531 ], [ 4176222.295513973105699, 7511622.203312495723367 ], [ 4176227.298498871736228, 7511630.696695444174111 ], [ 4176240.78199301334098, 7511653.136998092755675 ], [ 4176245.932445904705673, 7511661.541773332282901 ], [ 4176259.805523678660393, 7511683.743338717147708 ], [ 4176265.101875684224069, 7511692.056946071796119 ], [ 4176279.360311302356422, 7511714.013011519797146 ], [ 4176284.800949102267623, 7511722.232918583787978 ], [ 4176299.440399279352278, 7511743.936796016991138 ], [ 4176305.023665603250265, 7511752.060498927719891 ], [ 4176320.039670985657722, 7511773.505577083677053 ], [ 4176325.763865115586668, 7511781.530601281672716 ], [ 4176341.151851745322347, 7511802.71034787222743 ], [ 4176347.015230036806315, 7511810.63424885738641 ], [ 4176362.770510513801128, 7511831.542212227359414 ], [ 4176368.771286924835294, 7511839.362576303072274 ], [ 4176384.889062077272683, 7511859.992387739941478 ], [ 4176391.025408713612705, 7511867.706832747906446 ], [ 4176407.500768925528973, 7511888.052208226174116 ], [ 4176413.770816596224904, 7511895.658384270966053 ], [ 4176430.598743295297027, 7511915.71312636975199 ], [ 4176437.000582082662731, 7511923.208716535940766 ], [ 4176454.175949291791767, 7511942.966716354712844 ], [ 4176460.707629134878516, 7511950.3494374146685 ], [ 4176478.22520502563566, 7511969.804676429368556 ], [ 4176484.88473631022498, 7511977.072279534302652 ], [ 4176502.739185072947294, 7511996.218831723555923 ], [ 4176509.524539242032915, 7512003.369103089906275 ], [ 4176527.710422046482563, 7512022.201136017218232 ], [ 4176534.619532215408981, 7512029.231897603720427 ], [ 4176553.131309493910521, 7512047.743674880824983 ], [ 4176560.162071080878377, 7512054.652785049751401 ], [ 4176578.994103972334415, 7512072.838667819276452 ], [ 4176586.144375338684767, 7512079.624021988362074 ], [ 4176605.290927418507636, 7512097.478470651432872 ], [ 4176612.558530522510409, 7512104.138001936487854 ], [ 4176632.013769686222076, 7512121.65557796228677 ], [ 4176639.396490746177733, 7512128.187257804907858 ], [ 4176659.154490554705262, 7512145.362625003792346 ], [ 4176666.650080721825361, 7512151.764463791623712 ], [ 4176686.704822834115475, 7512168.592390500940382 ], [ 4176694.310998878907412, 7512174.862438171170652 ], [ 4176714.65637428034097, 7512191.337798320688307 ], [ 4176722.370819287840277, 7512197.474144957028329 ], [ 4176743.000630759168416, 7512213.591920137405396 ], [ 4176750.820994834881276, 7512219.592696548439562 ], [ 4176771.728958158753812, 7512235.34797699097544 ], [ 4176779.652859143912792, 7512241.211355282925069 ], [ 4176800.832605779636651, 7512256.599341946654022 ], [ 4176808.857629977632314, 7512262.323536076582968 ], [ 4176830.302708148956299, 7512277.339541469700634 ], [ 4176838.42641105921939, 7512282.922807793132961 ], [ 4176860.13028847752139, 7512297.562257959507406 ], [ 4176868.350195541512221, 7512303.002895759418607 ], [ 4176890.306260989513248, 7512317.26133137755096 ], [ 4176898.619868344161659, 7512322.557683383114636 ], [ 4176920.821433760691434, 7512336.430761176161468 ], [ 4176929.226209000684321, 7512341.581214067526162 ], [ 4176951.66651170141995, 7512355.064708239398897 ], [ 4176960.159894650336355, 7512360.067693137563765 ], [ 4176982.832098822109401, 7512373.157496319152415 ], [ 4176991.411502313800156, 7512378.011489268392324 ], [ 4177014.308702125679702, 7512390.703614378347993 ], [ 4177022.971512789838016, 7512395.407136803492904 ], [ 4177046.086733419913799, 7512407.697717626579106 ], [ 4177054.830312481615692, 7512412.249336789362133 ], [ 4177078.156512506771833, 7512424.134629342705011 ], [ 4177086.978196586482227, 7512428.532958777621388 ], [ 4177110.508271219208837, 7512440.009342987090349 ], [ 4177119.405373146757483, 7512444.253042917698622 ], [ 4177143.132154188584536, 7512455.3170226207003 ], [ 4177152.101963820401579, 7512459.40480037778616 ], [ 4177176.018224546685815, 7512470.053005699068308 ], [ 4177185.058009591884911, 7512473.983616103418171 ], [ 4177209.156464417930692, 7512484.212803285568953 ], [ 4177218.263471270445734, 7512487.985049036331475 ], [ 4177242.536779740825295, 7512497.792102245613933 ], [ 4177251.708234317600727, 7512501.404834279790521 ], [ 4177276.149002438411117, 7512510.786766150966287 ], [ 4177285.382111026439816, 7512514.238883996382356 ], [ 4177309.98289414588362, 7512523.192836791276932 ], [ 4177319.274844250641763, 7512526.483288898132741 ], [ 4177344.028148398734629, 7512535.006535036489367 ], [ 4177353.376109601929784, 7512538.134319102391601 ], [ 4177378.274394968990237, 7512546.224262421950698 ], [ 4177387.675519790966064, 7512549.188425692729652 ], [ 4177412.711202109232545, 7512556.842601908370852 ], [ 4177422.162626876495779, 7512559.642241470515728 ], [ 4177447.328079666476697, 7512566.858318937942386 ], [ 4177456.826925383880734, 7512569.492581996135414 ], [ 4177482.114483482670039, 7512576.268362767994404 ], [ 4177491.657856708858162, 7512578.736446898430586 ], [ 4177517.059817030560225, 7512585.069866933859885 ], [ 4177526.644810762722045, 7512587.371020334772766 ], [ 4177552.153435740619898, 7512593.260150440968573 ], [ 4177561.777130295988172, 7512595.393672158010304 ], [ 4177587.384649470914155, 7512600.836718385107815 ], [ 4177597.044113378971815, 7512602.801958528347313 ], [ 4177622.742726755794138, 7512607.797262940555811 ], [ 4177632.435017650481313, 7512609.593622878193855 ], [ 4177658.216897042002529, 7512614.139663829468191 ], [ 4177667.939062557648867, 7512615.766596373170614 ], [ 4177693.796354692894965, 7512619.861989117227495 ], [ 4177703.545433363877237, 7512621.31899868696928 ], [ 4177729.470261713955551, 7512624.96249570325017 ], [ 4177739.24328387575224, 7512626.249138480052352 ], [ 4177765.227751693688333, 7512629.439629950560629 ], [ 4177775.021740389987826, 7512630.555514009669423 ], [ 4177801.057932166848332, 7512633.292028034105897 ], [ 4177810.869904053397477, 7512634.236813467927277 ], [ 4177836.949889137875289, 7512636.518516508862376 ], [ 4177846.776855392381549, 7512637.291915526613593 ], [ 4177872.89268983155489, 7512639.118112570606172 ], [ 4177882.731657065916806, 7512639.719889585860074 ], [ 4177908.875385253224522, 7512641.090024321340024 ], [ 4177918.723356422502548, 7512641.519996028393507 ], [ 4177944.88701496925205, 7512642.433651118539274 ], [ 4177954.740990285295993, 7512642.691686543636024 ], [ 4177980.916609576903284, 7512643.148583677597344 ], [ 4177990.773587424308062, 7512643.234604219906032 ] ] ] ] } },
{ "type": "Feature", "properties": { "id": null }, "geometry": { "type": "MultiPolygon", "coordinates": [ [ [ [ 4173783.116722531151026, 7505409.728252336382866 ], [ 4173809.296328921336681, 7505409.728252336382866 ], [ 4173817.290939589031041, 7505409.65848442632705 ], [ 4173843.466558897402138, 7505409.201587291434407 ], [ 4173851.458734329324216, 7505408.992304812185466 ], [ 4173877.622392919845879, 7505408.078649721108377 ], [ 4173885.609698621556163, 7505407.729916422627866 ], [ 4173911.753426870331168, 7505406.35978168155998 ], [ 4173919.733429831452668, 7505405.871703791432083 ], [ 4173945.849264057353139, 7505404.045506763271987 ], [ 4173953.819533491972834, 7505403.418232955038548 ], [ 4173979.899518584832549, 7505401.136529915034771 ], [ 4173987.857626671437174, 7505400.370251262560487 ], [ 4174013.893818699289113, 7505397.633737211115658 ], [ 4174021.837341320700943, 7505396.728687128983438 ], [ 4174047.821808928158134, 7505393.53819568362087 ], [ 4174055.748326410539448, 7505392.494649860076606 ], [ 4174081.673154822085053, 7505388.851152836345136 ], [ 4174089.580252672079951, 7505387.669429144822061 ], [ 4174115.437544825021178, 7505383.574036397971213 ], [ 4174123.322814463172108, 7505382.254494803026319 ], [ 4174149.104693832807243, 7505377.708453855477273 ], [ 4174156.96573333023116, 7505376.251496302895248 ], [ 4174182.664346693549305, 7505371.256191893480718 ], [ 4174190.498761501163244, 7505369.662262186408043 ], [ 4174216.106280931737274, 7505364.219215902499855 ], [ 4174223.911684610880911, 7505362.488799566403031 ], [ 4174249.420309295877814, 7505356.599669527262449 ], [ 4174257.194324245210737, 7505354.733293665573001 ], [ 4174282.596284619066864, 7505348.399873618036509 ], [ 4174290.33654279820621, 7505346.398106745444238 ], [ 4174315.624100805260241, 7505339.622325998730958 ], [ 4174323.328244456090033, 7505337.485777873545885 ], [ 4174348.493697392288595, 7505330.269700364209712 ], [ 4174356.159379758872092, 7505327.999021799303591 ], [ 4174381.195062107872218, 7505320.344845573417842 ], [ 4174388.81994814844802, 7505317.940728238783777 ], [ 4174413.718233285006136, 7505309.850784994661808 ], [ 4174421.300000385846943, 7505307.313961209729314 ], [ 4174446.053304826840758, 7505298.79071497078985 ], [ 4174453.589643507730216, 7505296.121957474388182 ], [ 4174478.190426416229457, 7505287.168004754930735 ], [ 4174485.679041036404669, 7505284.368126478046179 ], [ 4174510.119809235911816, 7505274.986194577999413 ], [ 4174517.55841868929565, 7505272.056048390455544 ], [ 4174541.831727098207921, 7505262.248995207250118 ], [ 4174549.218065513763577, 7505259.189473659731448 ], [ 4174573.316520547028631, 7505248.960286388173699 ], [ 4174580.648337973747402, 7505245.772321439348161 ], [ 4174604.564598384313285, 7505235.124116258695722 ], [ 4174611.839661479927599, 7505231.8086789958179 ], [ 4174635.566442728973925, 7505220.744699196889997 ], [ 4174642.782535438425839, 7505217.302799533121288 ], [ 4174666.312609987799078, 7505205.826415363699198 ], [ 4174673.467534219380468, 7505202.259101734496653 ], [ 4174696.793734359554946, 7505190.373809123411775 ], [ 4174703.885310654062778, 7505186.682168168015778 ], [ 4174727.000531228259206, 7505174.391587372869253 ], [ 4174734.02659942349419, 7505170.576743599958718 ], [ 4174756.923799167387187, 7505157.884618528187275 ], [ 4174763.882219054270536, 7505153.947733976878226 ], [ 4174786.554423239082098, 7505140.857930788770318 ], [ 4174793.443075215443969, 7505136.800204672850668 ], [ 4174815.883378016296774, 7505123.316710440441966 ], [ 4174822.700163732282817, 7505119.139378780499101 ], [ 4174844.901729089673609, 7505105.266301023773849 ], [ 4174851.64457208616659, 7505100.970636277459562 ], [ 4174873.600637514144182, 7505086.712200672365725 ], [ 4174880.267483855597675, 7505082.29951134044677 ], [ 4174901.971361288800836, 7505067.660061163827777 ], [ 4174908.56018019001931, 7505063.131691393442452 ], [ 4174930.005258406046778, 7505048.115685968659818 ], [ 4174936.514042848255485, 7505043.473015145398676 ], [ 4174957.693789317272604, 7505028.085028603672981 ], [ 4174964.120556662324816, 7505023.329470930621028 ], [ 4174985.028520195744932, 7505007.574190330691636 ], [ 4174991.371312787290663, 7505002.707194395363331 ], [ 4175012.001124112866819, 7504986.589419328607619 ], [ 4175018.258009875193238, 7504981.612467667087913 ], [ 4175038.60338535066694, 7504965.137107457965612 ], [ 4175044.772458375897259, 7504960.051716096699238 ], [ 4175064.827200501225889, 7504943.223789376206696 ], [ 4175070.906581629533321, 7504938.031507374718785 ], [ 4175090.664581422228366, 7504920.856140188872814 ], [ 4175096.652418815996498, 7504915.558549166657031 ], [ 4175116.107657886575907, 7504898.040973225608468 ], [ 4175122.002127591986209, 7504892.639686880633235 ], [ 4175141.148679859004915, 7504874.785238042473793 ], [ 4175146.94798636296764, 7504869.281901657581329 ], [ 4175165.780019143596292, 7504851.096018993295729 ], [ 4175171.482395922299474, 7504845.492308939807117 ], [ 4175189.994173198007047, 7504826.980531664565206 ], [ 4175195.597883251495659, 7504821.278154886327684 ], [ 4175213.783766043838114, 7504802.446121972985566 ], [ 4175219.287102428264916, 7504796.646815468557179 ], [ 4175237.141551181208342, 7504777.500263291411102 ], [ 4175242.542837526183575, 7504771.6057935860008 ], [ 4175260.060413467232138, 7504752.150554514490068 ], [ 4175265.358004489447922, 7504746.162717120721936 ], [ 4175282.533371638506651, 7504726.404717371799052 ], [ 4175287.725653639994562, 7504720.325336243957281 ], [ 4175304.553580433130264, 7504700.270594032481313 ], [ 4175309.638971794396639, 7504694.101521006785333 ], [ 4175326.114331924822181, 7504673.756145628169179 ], [ 4175331.091283586807549, 7504667.49925986584276 ], [ 4175347.209058770909905, 7504646.869448388926685 ], [ 4175352.076054705772549, 7504640.526655796915293 ], [ 4175367.83133520046249, 7504619.618692402727902 ], [ 4175372.586892873514444, 7504613.191925058141351 ], [ 4175387.974879445973784, 7504592.012178546749055 ], [ 4175392.617550269234926, 7504585.503394104540348 ], [ 4175407.633555694017559, 7504564.058315888978541 ], [ 4175412.161925464402884, 7504557.469496987760067 ], [ 4175426.801375600509346, 7504535.765619615092874 ], [ 4175431.214064932893962, 7504529.098773273639381 ], [ 4175445.47250057850033, 7504507.142707785591483 ], [ 4175449.768165324814618, 7504500.399864789098501 ], [ 4175463.641243144869804, 7504478.198299328796566 ], [ 4175467.818574804347008, 7504471.381513612344861 ], [ 4175481.30206893524155, 7504448.941210978664458 ], [ 4175485.359795051626861, 7504442.052559002302587 ], [ 4175498.449598256964236, 7504419.380354790017009 ], [ 4175502.386482808273286, 7504412.421934903599322 ], [ 4175515.078607917763293, 7504389.524735091254115 ], [ 4175518.893451690208167, 7504382.498666896484792 ], [ 4175531.184032486751676, 7504359.38344631716609 ], [ 4175534.875673442147672, 7504352.291870022192597 ], [ 4175546.760966035537422, 7504328.965669918805361 ], [ 4175550.328279664739966, 7504321.810745687223971 ], [ 4175561.804663833696395, 7504298.28067113738507 ], [ 4175565.246563497465104, 7504291.064578427933156 ], [ 4175576.310543263331056, 7504267.337797251529992 ], [ 4175579.625980526674539, 7504260.062734155915678 ], [ 4175590.274185772053897, 7504236.146473599597812 ], [ 4175593.462150720413774, 7504228.81465617287904 ], [ 4175603.691337959840894, 7504204.716201213188469 ], [ 4175606.750859507359564, 7504197.329862797632813 ], [ 4175616.557912673335522, 7504173.056554433889687 ], [ 4175619.488058861345053, 7504165.617944980040193 ], [ 4175628.869990768842399, 7504141.177176763303578 ], [ 4175631.669869045726955, 7504133.688562143594027 ], [ 4175640.623821812681854, 7504109.087779101915658 ], [ 4175643.29257930861786, 7504101.551440420560539 ], [ 4175651.81582546653226, 7504076.798136215656996 ], [ 4175654.352649251930416, 7504069.216369115747511 ], [ 4175662.442592580337077, 7504044.318083718419075 ], [ 4175664.846709914505482, 7504036.69319767691195 ], [ 4175672.500886092893779, 7504011.657515481114388 ], [ 4175674.7715646577999, 7504003.991833114996552 ], [ 4175681.987642151769251, 7503978.826380236074328 ], [ 4175684.124190277419984, 7503971.122236585244536 ], [ 4175690.8999710730277, 7503945.834678393788636 ], [ 4175692.901737945154309, 7503938.094420214183629 ], [ 4175699.23515794146806, 7503912.69246004614979 ], [ 4175701.10153380362317, 7503904.918445097282529 ], [ 4175706.990663882344961, 7503879.409820244647563 ], [ 4175708.721080217976123, 7503871.604416565969586 ], [ 4175714.164126490708441, 7503845.996897183358669 ], [ 4175715.758056197781116, 7503838.162482375279069 ], [ 4175720.753360601142049, 7503812.463869044557214 ], [ 4175722.210318153724074, 7503804.602829547598958 ], [ 4175726.756359117571265, 7503778.820950077846646 ], [ 4175728.075900712050498, 7503770.935680439695716 ], [ 4175732.171293444465846, 7503745.078388371504843 ], [ 4175733.353017135988921, 7503737.171290521509945 ], [ 4175736.996514150407165, 7503711.246462184004486 ], [ 4175738.04005997441709, 7503703.31994470115751 ], [ 4175741.230551440734416, 7503677.33547692373395 ], [ 4175742.135601522400975, 7503669.391954301856458 ], [ 4175744.872115545440465, 7503643.355762551538646 ], [ 4175745.638394198846072, 7503635.397654465399683 ], [ 4175747.920097255147994, 7503609.317669197916985 ], [ 4175748.547371063381433, 7503601.347399763762951 ], [ 4175750.373568098060787, 7503575.2315654437989 ], [ 4175750.861645987723023, 7503567.2515624826774 ], [ 4175752.231780723202974, 7503541.107834313064814 ], [ 4175752.580514021683484, 7503533.120528610423207 ], [ 4175753.49416911508888, 7503506.956869940273464 ], [ 4175753.70345159387216, 7503498.964694508351386 ], [ 4175754.160348725505173, 7503472.789075375534594 ], [ 4175754.230116636026651, 7503464.794464708305895 ], [ 4175754.230116636026651, 7503438.614858142100275 ], [ 4175754.160348725505173, 7503430.620247474871576 ], [ 4175753.70345159387216, 7503404.444628342054784 ], [ 4175753.49416911508888, 7503396.452452910132706 ], [ 4175752.580514021683484, 7503370.288794239982963 ], [ 4175752.231780723202974, 7503362.301488537341356 ], [ 4175750.861645987723023, 7503336.15776036772877 ], [ 4175750.373568098060787, 7503328.17775740660727 ], [ 4175748.547371063381433, 7503302.061923086643219 ], [ 4175747.920097255147994, 7503294.091653652489185 ], [ 4175745.638394198846072, 7503268.011668385006487 ], [ 4175744.872115545440465, 7503260.053560298867524 ], [ 4175742.135601522400975, 7503234.017368548549712 ], [ 4175741.230551440734416, 7503226.07384592667222 ], [ 4175738.04005997441709, 7503200.08937814924866 ], [ 4175736.996514150407165, 7503192.162860666401684 ], [ 4175733.353017135988921, 7503166.238032328896224 ], [ 4175732.171293444465846, 7503158.330934478901327 ], [ 4175728.075900712050498, 7503132.473642410710454 ], [ 4175726.756359117571265, 7503124.588372772559524 ], [ 4175722.210318153724074, 7503098.806493302807212 ], [ 4175720.753360601142049, 7503090.945453805848956 ], [ 4175715.758056197781116, 7503065.246840475127101 ], [ 4175714.164126490708441, 7503057.412425667047501 ], [ 4175708.721080217976123, 7503031.804906284436584 ], [ 4175706.990663882344961, 7503023.999502605758607 ], [ 4175701.10153380362317, 7502998.490877753123641 ], [ 4175699.23515794146806, 7502990.71686280425638 ], [ 4175692.901737945154309, 7502965.314902636222541 ], [ 4175690.8999710730277, 7502957.574644456617534 ], [ 4175684.124190277419984, 7502932.287086265161633 ], [ 4175681.987642151769251, 7502924.582942614331841 ], [ 4175674.7715646577999, 7502899.417489735409617 ], [ 4175672.500886092893779, 7502891.751807369291782 ], [ 4175664.846709914505482, 7502866.71612517349422 ], [ 4175662.442592580337077, 7502859.091239131987095 ], [ 4175654.352649251930416, 7502834.192953734658659 ], [ 4175651.81582546653226, 7502826.611186634749174 ], [ 4175643.29257930861786, 7502801.857882429845631 ], [ 4175640.623821812681854, 7502794.321543748490512 ], [ 4175631.669869045726955, 7502769.720760706812143 ], [ 4175628.869990768842399, 7502762.232146087102592 ], [ 4175619.488058861345053, 7502737.791377870365977 ], [ 4175616.557912673335522, 7502730.352768416516483 ], [ 4175606.750859507359564, 7502706.079460052773356 ], [ 4175603.691337959840894, 7502698.6931216372177 ], [ 4175593.462150720413774, 7502674.59466667752713 ], [ 4175590.274185772053897, 7502667.262849250808358 ], [ 4175579.625980526674539, 7502643.346588694490492 ], [ 4175576.310543263331056, 7502636.071525598876178 ], [ 4175565.246563497465104, 7502612.344744422473013 ], [ 4175561.804663833696395, 7502605.1286517130211 ], [ 4175550.328279664739966, 7502581.598577163182199 ], [ 4175546.760966035537422, 7502574.443652931600809 ], [ 4175534.875673442147672, 7502551.117452828213573 ], [ 4175531.184032486751676, 7502544.02587653324008 ], [ 4175518.893451690208167, 7502520.910655953921378 ], [ 4175515.078607917763293, 7502513.884587759152055 ], [ 4175502.386482808273286, 7502490.987387946806848 ], [ 4175498.449598256964236, 7502484.028968060389161 ], [ 4175485.359795051626861, 7502461.356763848103583 ], [ 4175481.30206893524155, 7502454.468111871741712 ], [ 4175467.818574804347008, 7502432.027809238061309 ], [ 4175463.641243144869804, 7502425.211023521609604 ], [ 4175449.768165324814618, 7502403.009458061307669 ], [ 4175445.47250057850033, 7502396.266615064814687 ], [ 4175431.214064932893962, 7502374.310549576766789 ], [ 4175426.801375600509346, 7502367.643703235313296 ], [ 4175412.161925464402884, 7502345.939825862646103 ], [ 4175407.633555694017559, 7502339.351006961427629 ], [ 4175392.617550269234926, 7502317.905928745865822 ], [ 4175387.974879445973784, 7502311.397144303657115 ], [ 4175372.586892873514444, 7502290.217397792264819 ], [ 4175367.83133520046249, 7502283.790630447678268 ], [ 4175352.076054705772549, 7502262.882667053490877 ], [ 4175347.209058770909905, 7502256.539874461479485 ], [ 4175331.091283586807549, 7502235.91006298456341 ], [ 4175326.114331924822181, 7502229.653177222236991 ], [ 4175309.638971794396639, 7502209.307801843620837 ], [ 4175304.553580433130264, 7502203.138728817924857 ], [ 4175287.725653639994562, 7502183.083986606448889 ], [ 4175282.533371638506651, 7502177.004605478607118 ], [ 4175265.358004489447922, 7502157.246605729684234 ], [ 4175260.060413467232138, 7502151.258768335916102 ], [ 4175242.542837526183575, 7502131.80352926440537 ], [ 4175237.141551181208342, 7502125.909059558995068 ], [ 4175219.287102428264916, 7502106.762507381848991 ], [ 4175213.783766043838114, 7502100.963200877420604 ], [ 4175195.597883251495659, 7502082.131167964078486 ], [ 4175189.994173198007047, 7502076.428791185840964 ], [ 4175171.482395922299474, 7502057.917013910599053 ], [ 4175165.780019143596292, 7502052.313303857110441 ], [ 4175146.94798636296764, 7502034.127421192824841 ], [ 4175141.148679859004915, 7502028.624084807932377 ], [ 4175122.002127591986209, 7502010.769635969772935 ], [ 4175116.107657886575907, 7502005.368349624797702 ], [ 4175096.652418815996498, 7501987.850773683749139 ], [ 4175090.664581422228366, 7501982.553182661533356 ], [ 4175070.906581629533321, 7501965.377815475687385 ], [ 4175064.827200501225889, 7501960.185533474199474 ], [ 4175044.772458375897259, 7501943.357606753706932 ], [ 4175038.60338535066694, 7501938.272215392440557 ], [ 4175018.258009875193238, 7501921.796855183318257 ], [ 4175012.001124112866819, 7501916.819903521798551 ], [ 4174991.371312787290663, 7501900.702128455042839 ], [ 4174985.028520195744932, 7501895.835132519714534 ], [ 4174964.120556662324816, 7501880.079851919785142 ], [ 4174957.693789317272604, 7501875.324294246733189 ], [ 4174936.514042848255485, 7501859.936307705007493 ], [ 4174930.005258406046778, 7501855.293636881746352 ], [ 4174908.56018019001931, 7501840.277631456963718 ], [ 4174901.971361288800836, 7501835.749261686578393 ], [ 4174880.267483855597675, 7501821.1098115099594 ], [ 4174873.600637514144182, 7501816.697122178040445 ], [ 4174851.64457208616659, 7501802.438686572946608 ], [ 4174844.901729089673609, 7501798.143021826632321 ], [ 4174822.700163732282817, 7501784.269944069907069 ], [ 4174815.883378016296774, 7501780.092612409964204 ], [ 4174793.443075215443969, 7501766.609118177555501 ], [ 4174786.554423239082098, 7501762.551392061635852 ], [ 4174763.882219054270536, 7501749.461588873527944 ], [ 4174756.923799167387187, 7501745.524704322218895 ], [ 4174734.02659942349419, 7501732.832579250447452 ], [ 4174727.000531228259206, 7501729.017735477536917 ], [ 4174703.885310654062778, 7501716.727154682390392 ], [ 4174696.793734359554946, 7501713.035513726994395 ], [ 4174673.467534219380468, 7501701.150221115909517 ], [ 4174666.312609987799078, 7501697.582907486706972 ], [ 4174642.782535438425839, 7501686.106523317284882 ], [ 4174635.566442728973925, 7501682.664623653516173 ], [ 4174611.839661479927599, 7501671.60064385458827 ], [ 4174604.564598384313285, 7501668.285206591710448 ], [ 4174580.648337973747402, 7501657.637001411058009 ], [ 4174573.316520547028631, 7501654.449036462232471 ], [ 4174549.218065513763577, 7501644.219849190674722 ], [ 4174541.831727098207921, 7501641.160327643156052 ], [ 4174517.55841868929565, 7501631.353274459950626 ], [ 4174510.119809235911816, 7501628.423128272406757 ], [ 4174485.679041036404669, 7501619.041196372359991 ], [ 4174478.190426416229457, 7501616.241318095475435 ], [ 4174453.589643507730216, 7501607.287365376017988 ], [ 4174446.053304826840758, 7501604.61860787961632 ], [ 4174421.300000385846943, 7501596.095361640676856 ], [ 4174413.718233285006136, 7501593.558537855744362 ], [ 4174388.81994814844802, 7501585.468594611622393 ], [ 4174381.195062107872218, 7501583.064477276988328 ], [ 4174356.159379758872092, 7501575.410301051102579 ], [ 4174348.493697392288595, 7501573.139622486196458 ], [ 4174323.328244456090033, 7501565.923544976860285 ], [ 4174315.624100805260241, 7501563.786996851675212 ], [ 4174290.33654279820621, 7501557.011216104961932 ], [ 4174282.596284619066864, 7501555.009449232369661 ], [ 4174257.194324245210737, 7501548.676029184833169 ], [ 4174249.420309295877814, 7501546.809653323143721 ], [ 4174223.911684610880911, 7501540.920523284003139 ], [ 4174216.106280931737274, 7501539.190106947906315 ], [ 4174190.498761501163244, 7501533.747060663998127 ], [ 4174182.664346693549305, 7501532.153130956925452 ], [ 4174156.96573333023116, 7501527.157826547510922 ], [ 4174149.104693832807243, 7501525.700868994928896 ], [ 4174123.322814463172108, 7501521.154828047379851 ], [ 4174115.437544825021178, 7501519.835286452434957 ], [ 4174089.580252672079951, 7501515.739893705584109 ], [ 4174081.673154822085053, 7501514.558170014061034 ], [ 4174055.748326410539448, 7501510.914672990329564 ], [ 4174047.821808928158134, 7501509.8711271667853 ], [ 4174021.837341320700943, 7501506.680635721422732 ], [ 4174013.893818699289113, 7501505.775585639290512 ], [ 4173987.857626671437174, 7501503.039071587845683 ], [ 4173979.899518584832549, 7501502.272792935371399 ], [ 4173953.819533491972834, 7501499.991089895367622 ], [ 4173945.849264057353139, 7501499.363816087134182 ], [ 4173919.733429831452668, 7501497.537619058974087 ], [ 4173911.753426870331168, 7501497.04954116884619 ], [ 4173885.609698621556163, 7501495.679406427778304 ], [ 4173877.622392919845879, 7501495.330673129297793 ], [ 4173851.458734329324216, 7501494.417018038220704 ], [ 4173843.466558897402138, 7501494.207735558971763 ], [ 4173817.290939589031041, 7501493.75083842407912 ], [ 4173809.296328921336681, 7501493.681070514023304 ], [ 4173783.116722531151026, 7501493.681070514023304 ], [ 4173775.122111863456666, 7501493.75083842407912 ], [ 4173748.94649255508557, 7501494.207735558971763 ], [ 4173740.954317123163491, 7501494.417018038220704 ], [ 4173714.790658532641828, 7501495.330673129297793 ], [ 4173706.803352830931544, 7501495.679406427778304 ], [ 4173680.659624582156539, 7501497.04954116884619 ], [ 4173672.679621621035039, 7501497.537619058974087 ], [ 4173646.563787395134568, 7501499.363816087134182 ], [ 4173638.593517960514873, 7501499.991089895367622 ], [ 4173612.513532867655158, 7501502.272792935371399 ], [ 4173604.555424781050533, 7501503.039071587845683 ], [ 4173578.519232753198594, 7501505.775585639290512 ], [ 4173570.575710131786764, 7501506.680635721422732 ], [ 4173544.591242524329573, 7501509.8711271667853 ], [ 4173536.664725041948259, 7501510.914672990329564 ], [ 4173510.739896630402654, 7501514.558170014061034 ], [ 4173502.832798780407757, 7501515.739893705584109 ], [ 4173476.97550662746653, 7501519.835286452434957 ], [ 4173469.090236989315599, 7501521.154828047379851 ], [ 4173443.308357619680464, 7501525.700868994928896 ], [ 4173435.447318122256547, 7501527.157826547510922 ], [ 4173409.748704758938402, 7501532.153130956925452 ], [ 4173401.914289951324463, 7501533.747060663998127 ], [ 4173376.306770520750433, 7501539.190106947906315 ], [ 4173368.501366841606796, 7501540.920523284003139 ], [ 4173342.992742156609893, 7501546.809653323143721 ], [ 4173335.21872720727697, 7501548.676029184833169 ], [ 4173309.816766812000424, 7501555.009449237957597 ], [ 4173302.076508633326739, 7501557.011216110549867 ], [ 4173276.788950670044869, 7501563.786996845155954 ], [ 4173269.084807018749416, 7501565.923544970341027 ], [ 4173243.919354060199112, 7501573.139622486196458 ], [ 4173236.253671693615615, 7501575.410301051102579 ], [ 4173211.217989344615489, 7501583.064477276988328 ], [ 4173203.593103304039687, 7501585.468594611622393 ], [ 4173178.694818167481571, 7501593.558537855744362 ], [ 4173171.113051066640764, 7501596.095361640676856 ], [ 4173146.359746625646949, 7501604.61860787961632 ], [ 4173138.823407944757491, 7501607.287365376017988 ], [ 4173114.22262503625825, 7501616.241318095475435 ], [ 4173106.734010416083038, 7501619.041196372359991 ], [ 4173082.293242216575891, 7501628.423128272406757 ], [ 4173074.854632763192058, 7501631.353274459950626 ], [ 4173050.581324354279786, 7501641.160327643156052 ], [ 4173043.19498593872413, 7501644.219849190674722 ], [ 4173019.096530905459076, 7501654.449036462232471 ], [ 4173011.764713478740305, 7501657.637001411058009 ], [ 4172987.848453068174422, 7501668.285206591710448 ], [ 4172980.573389972560108, 7501671.60064385458827 ], [ 4172956.846608723513782, 7501682.664623653516173 ], [ 4172949.630516014061868, 7501686.106523317284882 ], [ 4172926.100441464688629, 7501697.582907486706972 ], [ 4172918.945517233107239, 7501701.150221115909517 ], [ 4172895.619317092932761, 7501713.035513726994395 ], [ 4172888.527740798424929, 7501716.727154682390392 ], [ 4172865.412520224228501, 7501729.017735477536917 ], [ 4172858.386452028993517, 7501732.832579250447452 ], [ 4172835.48925228510052, 7501745.524704322218895 ], [ 4172828.530832398217171, 7501749.461588873527944 ], [ 4172805.858628213405609, 7501762.551392061635852 ], [ 4172798.969976237043738, 7501766.609118177555501 ], [ 4172776.529673436190933, 7501780.092612409964204 ], [ 4172769.71288772020489, 7501784.269944069907069 ], [ 4172747.511322362814099, 7501798.143021826632321 ], [ 4172740.768479366321117, 7501802.438686572946608 ], [ 4172718.812413938343525, 7501816.697122178040445 ], [ 4172712.145567596890032, 7501821.1098115099594 ], [ 4172690.441690163686872, 7501835.749261686578393 ], [ 4172683.852871262468398, 7501840.277631456963718 ], [ 4172662.407793046440929, 7501855.293636881746352 ], [ 4172655.899008604232222, 7501859.936307705007493 ], [ 4172634.719262135215104, 7501875.324294246733189 ], [ 4172628.292494790162891, 7501880.079851919785142 ], [ 4172607.384531256742775, 7501895.835132519714534 ], [ 4172601.041738665197045, 7501900.702128455042839 ], [ 4172580.411927339620888, 7501916.819903521798551 ], [ 4172574.155041577294469, 7501921.796855183318257 ], [ 4172553.809666101820767, 7501938.272215392440557 ], [ 4172547.640593076590449, 7501943.357606753706932 ], [ 4172527.585850951261818, 7501960.185533474199474 ], [ 4172521.506469822954386, 7501965.377815475687385 ], [ 4172501.748470030259341, 7501982.553182661533356 ], [ 4172495.760632636491209, 7501987.850773683749139 ], [ 4172476.3053935659118, 7502005.368349624797702 ], [ 4172470.410923860501498, 7502010.769635969772935 ], [ 4172451.264371593482792, 7502028.624084807932377 ], [ 4172445.465065089520067, 7502034.127421192824841 ], [ 4172426.633032308891416, 7502052.313303857110441 ], [ 4172420.930655530188233, 7502057.917013910599053 ], [ 4172402.41887825448066, 7502076.428791185840964 ], [ 4172396.815168200992048, 7502082.131167964078486 ], [ 4172378.629285408649594, 7502100.963200877420604 ], [ 4172373.125949024222791, 7502106.762507381848991 ], [ 4172355.271500271279365, 7502125.909059558995068 ], [ 4172349.870213926304132, 7502131.80352926440537 ], [ 4172332.352637985255569, 7502151.258768335916102 ], [ 4172327.055046963039786, 7502157.246605729684234 ], [ 4172309.879679813981056, 7502177.004605478607118 ], [ 4172304.687397812493145, 7502183.083986606448889 ], [ 4172287.859471019357443, 7502203.138728817924857 ], [ 4172282.774079658091068, 7502209.307801843620837 ], [ 4172266.298719527665526, 7502229.653177222236991 ], [ 4172261.321767865680158, 7502235.91006298456341 ], [ 4172245.203992681577802, 7502256.539874461479485 ], [ 4172240.336996746715158, 7502262.882667053490877 ], [ 4172224.581716252025217, 7502283.790630447678268 ], [ 4172219.826158578973264, 7502290.217397792264819 ], [ 4172204.438172006513923, 7502311.397144303657115 ], [ 4172199.795501183252782, 7502317.905928745865822 ], [ 4172184.779495758470148, 7502339.351006961427629 ], [ 4172180.251125988084823, 7502345.939825862646103 ], [ 4172165.611675851978362, 7502367.643703235313296 ], [ 4172161.198986519593745, 7502374.310549576766789 ], [ 4172146.940550873987377, 7502396.266615064814687 ], [ 4172142.64488612767309, 7502403.009458061307669 ], [ 4172128.771808307617903, 7502425.211023521609604 ], [ 4172124.594476648140699, 7502432.027809238061309 ], [ 4172111.110982517246157, 7502454.468111871741712 ], [ 4172107.053256400860846, 7502461.356763848103583 ], [ 4172093.963453195523471, 7502484.028968060389161 ], [ 4172090.026568644214422, 7502490.987387946806848 ], [ 4172077.334443534724414, 7502513.884587759152055 ], [ 4172073.51959976227954, 7502520.910655953921378 ], [ 4172061.229018965736032, 7502544.02587653324008 ], [ 4172057.537378010340035, 7502551.117452828213573 ], [ 4172045.652085416950285, 7502574.443652931600809 ], [ 4172042.084771787747741, 7502581.598577163182199 ], [ 4172030.608387618791312, 7502605.1286517130211 ], [ 4172027.166487955022603, 7502612.344744422473013 ], [ 4172016.102508189156651, 7502636.071525598876178 ], [ 4172012.787070925813168, 7502643.346588694490492 ], [ 4172002.13886568043381, 7502667.262849250808358 ], [ 4171998.950900732073933, 7502674.59466667752713 ], [ 4171988.721713492646813, 7502698.6931216372177 ], [ 4171985.662191945128143, 7502706.079460052773356 ], [ 4171975.855138779152185, 7502730.352768416516483 ], [ 4171972.924992591142654, 7502737.791377870365977 ], [ 4171963.543060683645308, 7502762.232146087102592 ], [ 4171960.743182406760752, 7502769.720760706812143 ], [ 4171951.789229639805853, 7502794.321543748490512 ], [ 4171949.120472143869847, 7502801.857882429845631 ], [ 4171940.597225985955447, 7502826.611186634749174 ], [ 4171938.060402200557292, 7502834.192953734658659 ], [ 4171929.97045887215063, 7502859.091239131987095 ], [ 4171927.566341537982225, 7502866.71612517349422 ], [ 4171919.912165359593928, 7502891.751807369291782 ], [ 4171917.641486794687808, 7502899.417489735409617 ], [ 4171910.425409300718457, 7502924.582942614331841 ], [ 4171908.288861175067723, 7502932.287086265161633 ], [ 4171901.513080379460007, 7502957.574644456617534 ], [ 4171899.511313507333398, 7502965.314902636222541 ], [ 4171893.177893511019647, 7502990.71686280425638 ], [ 4171891.311517648864537, 7502998.490877753123641 ], [ 4171885.422387570142746, 7503023.999502605758607 ], [ 4171883.691971234511584, 7503031.804906284436584 ], [ 4171878.248924961779267, 7503057.412425667047501 ], [ 4171876.654995254706591, 7503065.246840475127101 ], [ 4171871.659690851345658, 7503090.945453805848956 ], [ 4171870.202733298763633, 7503098.806493302807212 ], [ 4171865.656692334916443, 7503124.588372772559524 ], [ 4171864.33715074043721, 7503132.473642410710454 ], [ 4171860.241758008021861, 7503158.330934478901327 ], [ 4171859.060034316498786, 7503166.238032328896224 ], [ 4171855.416537302080542, 7503192.162860666401684 ], [ 4171854.372991478070617, 7503200.08937814924866 ], [ 4171851.182500011753291, 7503226.07384592667222 ], [ 4171850.277449930086732, 7503234.017368548549712 ], [ 4171847.540935907047242, 7503260.053560298867524 ], [ 4171846.774657253641635, 7503268.011668385006487 ], [ 4171844.492954197339714, 7503294.091653652489185 ], [ 4171843.865680389106274, 7503302.061923086643219 ], [ 4171842.03948335442692, 7503328.17775740660727 ], [ 4171841.551405464764684, 7503336.15776036772877 ], [ 4171840.181270729284734, 7503362.301488537341356 ], [ 4171839.832537430804223, 7503370.288794239982963 ], [ 4171838.918882337398827, 7503396.452452910132706 ], [ 4171838.709599858615547, 7503404.444628342054784 ], [ 4171838.252702726982534, 7503430.620247474871576 ], [ 4171838.182934816461056, 7503438.614858142100275 ], [ 4171838.182934816461056, 7503464.794464708305895 ], [ 4171838.252702726982534, 7503472.789075375534594 ], [ 4171838.709599858615547, 7503498.964694508351386 ], [ 4171838.918882337398827, 7503506.956869940273464 ], [ 4171839.832537430804223, 7503533.120528610423207 ], [ 4171840.181270729284734, 7503541.107834313064814 ], [ 4171841.551405464764684, 7503567.2515624826774 ], [ 4171842.03948335442692, 7503575.2315654437989 ], [ 4171843.865680389106274, 7503601.347399763762951 ], [ 4171844.492954197339714, 7503609.317669197916985 ], [ 4171846.774657253641635, 7503635.397654465399683 ], [ 4171847.540935907047242, 7503643.355762551538646 ], [ 4171850.277449930086732, 7503669.391954301856458 ], [ 4171851.182500011753291, 7503677.33547692373395 ], [ 4171854.372991478070617, 7503703.31994470115751 ], [ 4171855.416537302080542, 7503711.246462184004486 ], [ 4171859.060034316498786, 7503737.171290521509945 ], [ 4171860.241758008021861, 7503745.078388371504843 ], [ 4171864.33715074043721, 7503770.935680439695716 ], [ 4171865.656692334916443, 7503778.820950077846646 ], [ 4171870.202733298763633, 7503804.602829547598958 ], [ 4171871.659690851345658, 7503812.463869044557214 ], [ 4171876.654995254706591, 7503838.162482375279069 ], [ 4171878.248924961779267, 7503845.996897183358669 ], [ 4171883.691971234511584, 7503871.604416565969586 ], [ 4171885.422387570142746, 7503879.409820244647563 ], [ 4171891.311517648864537, 7503904.918445097282529 ], [ 4171893.177893511019647, 7503912.69246004614979 ], [ 4171899.511313507333398, 7503938.094420214183629 ], [ 4171901.513080379460007, 7503945.834678393788636 ], [ 4171908.288861175067723, 7503971.122236585244536 ], [ 4171910.425409300718457, 7503978.826380236074328 ], [ 4171917.641486794687808, 7504003.991833114996552 ], [ 4171919.912165359593928, 7504011.657515481114388 ], [ 4171927.566341537982225, 7504036.69319767691195 ], [ 4171929.97045887215063, 7504044.318083718419075 ], [ 4171938.060402200557292, 7504069.216369115747511 ], [ 4171940.597225985955447, 7504076.798136215656996 ], [ 4171949.120472143869847, 7504101.551440420560539 ], [ 4171951.789229639805853, 7504109.087779101915658 ], [ 4171960.743182406760752, 7504133.688562143594027 ], [ 4171963.543060683645308, 7504141.177176763303578 ], [ 4171972.924992591142654, 7504165.617944980040193 ], [ 4171975.855138779152185, 7504173.056554433889687 ], [ 4171985.662191945128143, 7504197.329862797632813 ], [ 4171988.721713492646813, 7504204.716201213188469 ], [ 4171998.950900732073933, 7504228.81465617287904 ], [ 4172002.13886568043381, 7504236.146473599597812 ], [ 4172012.787070925813168, 7504260.062734155915678 ], [ 4172016.102508189156651, 7504267.337797251529992 ], [ 4172027.166487955022603, 7504291.064578427933156 ], [ 4172030.608387618791312, 7504298.28067113738507 ], [ 4172042.084771787747741, 7504321.810745687223971 ], [ 4172045.652085416950285, 7504328.965669918805361 ], [ 4172057.537378010340035, 7504352.291870022192597 ], [ 4172061.229018965736032, 7504359.38344631716609 ], [ 4172073.51959976227954, 7504382.498666896484792 ], [ 4172077.334443534724414, 7504389.524735091254115 ], [ 4172090.026568644214422, 7504412.421934903599322 ], [ 4172093.963453195523471, 7504419.380354790017009 ], [ 4172107.053256400860846, 7504442.052559002302587 ], [ 4172111.110982517246157, 7504448.941210978664458 ], [ 4172124.594476648140699, 7504471.381513612344861 ], [ 4172128.771808307617903, 7504478.198299328796566 ], [ 4172142.64488612767309, 7504500.399864789098501 ], [ 4172146.940550873987377, 7504507.142707785591483 ], [ 4172161.198986519593745, 7504529.098773273639381 ], [ 4172165.611675851978362, 7504535.765619615092874 ], [ 4172180.251125988084823, 7504557.469496987760067 ], [ 4172184.779495758470148, 7504564.058315888978541 ], [ 4172199.795501183252782, 7504585.503394104540348 ], [ 4172204.438172006513923, 7504592.012178546749055 ], [ 4172219.826158578973264, 7504613.191925058141351 ], [ 4172224.581716252025217, 7504619.618692402727902 ], [ 4172240.336996746715158, 7504640.526655796915293 ], [ 4172245.203992681577802, 7504646.869448388926685 ], [ 4172261.321767865680158, 7504667.49925986584276 ], [ 4172266.298719527665526, 7504673.756145628169179 ], [ 4172282.774079658091068, 7504694.101521006785333 ], [ 4172287.859471019357443, 7504700.270594032481313 ], [ 4172304.687397812493145, 7504720.325336243957281 ], [ 4172309.879679813981056, 7504726.404717371799052 ], [ 4172327.055046963039786, 7504746.162717120721936 ], [ 4172332.352637985255569, 7504752.150554514490068 ], [ 4172349.870213926304132, 7504771.6057935860008 ], [ 4172355.271500271279365, 7504777.500263291411102 ], [ 4172373.125949024222791, 7504796.646815468557179 ], [ 4172378.629285408649594, 7504802.446121972985566 ], [ 4172396.815168200992048, 7504821.278154886327684 ], [ 4172402.41887825448066, 7504826.980531664565206 ], [ 4172420.930655530188233, 7504845.492308939807117 ], [ 4172426.633032308891416, 7504851.096018993295729 ], [ 4172445.465065089520067, 7504869.281901657581329 ], [ 4172451.264371593482792, 7504874.785238042473793 ], [ 4172470.410923860501498, 7504892.639686880633235 ], [ 4172476.3053935659118, 7504898.040973225608468 ], [ 4172495.760632636491209, 7504915.558549166657031 ], [ 4172501.748470030259341, 7504920.856140188872814 ], [ 4172521.506469822954386, 7504938.031507374718785 ], [ 4172527.585850951261818, 7504943.223789376206696 ], [ 4172547.640593076590449, 7504960.051716096699238 ], [ 4172553.809666101820767, 7504965.137107457965612 ], [ 4172574.155041577294469, 7504981.612467667087913 ], [ 4172580.411927339620888, 7504986.589419328607619 ], [ 4172601.041738665197045, 7505002.707194395363331 ], [ 4172607.384531256742775, 7505007.574190330691636 ], [ 4172628.292494790162891, 7505023.329470930621028 ], [ 4172634.719262135215104, 7505028.085028603672981 ], [ 4172655.899008604232222, 7505043.473015145398676 ], [ 4172662.407793046440929, 7505048.115685968659818 ], [ 4172683.852871262468398, 7505063.131691393442452 ], [ 4172690.441690163686872, 7505067.660061163827777 ], [ 4172712.145567596890032, 7505082.29951134044677 ], [ 4172718.812413938343525, 7505086.712200672365725 ], [ 4172740.768479366321117, 7505100.970636277459562 ], [ 4172747.511322362814099, 7505105.266301023773849 ], [ 4172769.71288772020489, 7505119.139378780499101 ], [ 4172776.529673436190933, 7505123.316710440441966 ], [ 4172798.969976237043738, 7505136.800204672850668 ], [ 4172805.858628213405609, 7505140.857930788770318 ], [ 4172828.530832398217171, 7505153.947733976878226 ], [ 4172835.48925228510052, 7505157.884618528187275 ], [ 4172858.386452028993517, 7505170.576743599958718 ], [ 4172865.412520224228501, 7505174.391587372869253 ], [ 4172888.527740798424929, 7505186.682168168015778 ], [ 4172895.619317092932761, 7505190.373809123411775 ], [ 4172918.945517233107239, 7505202.259101734496653 ], [ 4172926.100441464688629, 7505205.826415363699198 ], [ 4172949.630516014061868, 7505217.302799533121288 ], [ 4172956.846608723513782, 7505220.744699196889997 ], [ 4172980.573389972560108, 7505231.8086789958179 ], [ 4172987.848453068174422, 7505235.124116258695722 ], [ 4173011.764713478740305, 7505245.772321439348161 ], [ 4173019.096530905459076, 7505248.960286388173699 ], [ 4173043.19498593872413, 7505259.189473659731448 ], [ 4173050.581324354279786, 7505262.248995207250118 ], [ 4173074.854632763192058, 7505272.056048390455544 ], [ 4173082.293242216575891, 7505274.986194577999413 ], [ 4173106.734010416083038, 7505284.368126478046179 ], [ 4173114.22262503625825, 7505287.168004754930735 ], [ 4173138.823407944757491, 7505296.121957474388182 ], [ 4173146.359746625646949, 7505298.79071497078985 ], [ 4173171.113051066640764, 7505307.313961209729314 ], [ 4173178.694818167481571, 7505309.850784994661808 ], [ 4173203.593103304039687, 7505317.940728238783777 ], [ 4173211.217989344615489, 7505320.344845573417842 ], [ 4173236.253671693615615, 7505327.999021799303591 ], [ 4173243.919354060199112, 7505330.269700364209712 ], [ 4173269.084806996397674, 7505337.485777873545885 ], [ 4173276.788950647227466, 7505339.622325998730958 ], [ 4173302.076508654281497, 7505346.398106745444238 ], [ 4173309.816766833420843, 7505348.399873618036509 ], [ 4173335.21872720727697, 7505354.733293665573001 ], [ 4173342.992742156609893, 7505356.599669527262449 ], [ 4173368.501366841606796, 7505362.488799566403031 ], [ 4173376.306770520750433, 7505364.219215902499855 ], [ 4173401.914289951324463, 7505369.662262186408043 ], [ 4173409.748704758938402, 7505371.256191893480718 ], [ 4173435.447318122256547, 7505376.251496302895248 ], [ 4173443.308357619680464, 7505377.708453855477273 ], [ 4173469.090236989315599, 7505382.254494803026319 ], [ 4173476.97550662746653, 7505383.574036397971213 ], [ 4173502.832798780407757, 7505387.669429144822061 ], [ 4173510.739896630402654, 7505388.851152836345136 ], [ 4173536.664725041948259, 7505392.494649860076606 ], [ 4173544.591242524329573, 7505393.53819568362087 ], [ 4173570.575710131786764, 7505396.728687128983438 ], [ 4173578.519232753198594, 7505397.633737211115658 ], [ 4173604.555424781050533, 7505400.370251262560487 ], [ 4173612.513532867655158, 7505401.136529915034771 ], [ 4173638.593517960514873, 7505403.418232955038548 ], [ 4173646.563787395134568, 7505404.045506763271987 ], [ 4173672.679621621035039, 7505405.871703791432083 ], [ 4173680.659624582156539, 7505406.35978168155998 ], [ 4173706.803352830931544, 7505407.729916422627866 ], [ 4173714.790658532641828, 7505408.078649721108377 ], [ 4173740.954317123163491, 7505408.992304812185466 ], [ 4173748.94649255508557, 7505409.201587291434407 ], [ 4173775.122111863456666, 7505409.65848442632705 ], [ 4173783.116722531151026, 7505409.728252336382866 ] ] ] ] } },
{ "type": "Feature", "properties": { "id": null }, "geometry": { "type": "MultiPolygon", "coordinates": [ [ [ [ 4186638.561814423184842, 7498529.094735380262136 ], [ 4186664.741420904640108, 7498529.094735380262136 ], [ 4186676.52255249209702, 7498528.991923002526164 ], [ 4186702.69817170035094, 7498528.535025870427489 ], [ 4186714.475714641157538, 7498528.226620054803789 ], [ 4186740.639373218175024, 7498527.312964964658022 ], [ 4186752.409739958122373, 7498526.799059654586017 ], [ 4186778.553468331694603, 7498525.428924907930195 ], [ 4186790.313073503784835, 7498524.709676642902195 ], [ 4186816.428907689638436, 7498522.883479615673423 ], [ 4186828.174169203732163, 7498521.959107487462461 ], [ 4186854.254154329188168, 7498519.677404444664717 ], [ 4186865.981494465377182, 7498518.548190025612712 ], [ 4186892.017686473205686, 7498515.811675976030529 ], [ 4186903.723532969132066, 7498514.477963234297931 ], [ 4186929.708000572863966, 7498511.287471788935363 ], [ 4186941.388787715230137, 7498509.749666987918317 ], [ 4186967.313616031780839, 7498506.106169977225363 ], [ 4186978.965785739012063, 7498504.364741547033191 ], [ 4187004.823077871464193, 7498500.269348804838955 ], [ 4187016.443080780096352, 7498498.324827200733125 ], [ 4187042.224960249848664, 7498493.778786236420274 ], [ 4187053.809256794396788, 7498491.631763778626919 ], [ 4187079.507870237343013, 7498486.636459353379905 ], [ 4187091.052931728772819, 7498484.28759004548192 ], [ 4187116.660450919996947, 7498478.844543812796474 ], [ 4187128.162760620936751, 7498476.294543144293129 ], [ 4187153.671385538298637, 7498470.405413051135838 ], [ 4187165.127439734060317, 7498467.655057775788009 ], [ 4187190.529400062281638, 7498461.321637738496065 ], [ 4187201.93570912675932, 7498458.371765641495585 ], [ 4187227.223267054185271, 7498451.595984917134047 ], [ 4187238.576356516219676, 7498448.447494558990002 ], [ 4187263.741809546947479, 7498441.231417021714151 ], [ 4187275.038221144583076, 7498437.885267461650074 ], [ 4187300.073903344105929, 7498430.231091282330453 ], [ 4187311.310196081642061, 7498426.688301790505648 ], [ 4187336.208481409121305, 7498418.598358484916389 ], [ 4187347.381232602987438, 7498414.860008229501545 ], [ 4187372.134536876343191, 7498406.336762047372758 ], [ 4187383.240343197714537, 7498402.403989765793085 ], [ 4187407.841126174665987, 7498393.450037023052573 ], [ 4187418.876604687888175, 7498389.324040676467121 ], [ 4187443.317372888326645, 7498379.942108776420355 ], [ 4187454.279162079561502, 7498375.624145182780921 ], [ 4187478.552470630034804, 7498365.817091939970851 ], [ 4187489.43723143171519, 7498361.308476392179728 ], [ 4187513.535686191637069, 7498351.079289236105978 ], [ 4187524.340103000868112, 7498346.381395103409886 ], [ 4187548.256363580003381, 7498335.733189849182963 ], [ 4187558.977145266253501, 7498330.847448155283928 ], [ 4187582.703926573507488, 7498319.783468328416348 ], [ 4187593.337807483039796, 7498314.711367316544056 ], [ 4187616.867881924845278, 7498303.23498319927603 ], [ 4187627.411622874438763, 7498297.978067881427705 ], [ 4187650.737823037430644, 7498286.092775258235633 ], [ 4187661.188212301116437, 7498280.652646942064166 ], [ 4187684.303432818502188, 7498268.362066177651286 ], [ 4187694.657287107314914, 7498262.740381978452206 ], [ 4187717.554486824199557, 7498250.048256923444569 ], [ 4187727.808652253355831, 7498244.246729261241853 ], [ 4187750.480856620240957, 7498231.156925966963172 ], [ 4187760.632209671195596, 7498225.177322042174637 ], [ 4187783.07251233048737, 7498211.693827894516289 ], [ 4187793.117960803676397, 7498205.537969152443111 ], [ 4187815.319526157341897, 7498191.664891398511827 ], [ 4187825.256010110955685, 7498185.334652975201607 ], [ 4187847.212075657211244, 7498171.076217292807996 ], [ 4187857.036568342708051, 7498164.573527437634766 ], [ 4187878.740445731207728, 7498149.934077289886773 ], [ 4187888.449954512063414, 7498143.260916787199676 ], [ 4187909.895032609347254, 7498128.244911446236074 ], [ 4187919.486599876079708, 7498121.40331300534308 ], [ 4187940.66634648386389, 7498106.015326363965869 ], [ 4187950.137050551827997, 7498099.007374000735581 ], [ 4187971.045014012139291, 7498083.252093454822898 ], [ 4187980.391970012802631, 7498076.079921859316528 ], [ 4188001.021781396120787, 7498059.96214674692601 ], [ 4188010.24214215669781, 7498052.627940633334219 ], [ 4188030.587517573032528, 7498036.152580472640693 ], [ 4188039.678474481683224, 7498028.658573911525309 ], [ 4188059.73321659816429, 7498011.83064719941467 ], [ 4188068.692000462207943, 7498004.179122935980558 ], [ 4188088.450000300072134, 7497987.003755711019039 ], [ 4188097.273882186040282, 7497979.197044475004077 ], [ 4188116.729121290147305, 7497961.679468502290547 ], [ 4188125.415413359180093, 7497953.719948292709887 ], [ 4188144.561965486034751, 7497935.865499586798251 ], [ 4188153.10802180878818, 7497927.755594951100647 ], [ 4188171.940054662991315, 7497909.569712216965854 ], [ 4188180.34327202802524, 7497901.31189351156354 ], [ 4188198.855049413163215, 7497882.800116126425564 ], [ 4188207.112868119031191, 7497874.396898760460317 ], [ 4188225.298750824294984, 7497855.564865935593843 ], [ 4188233.408655459992588, 7497847.018809612840414 ], [ 4188251.263104141689837, 7497827.872257512062788 ], [ 4188259.222624350804836, 7497819.185965443961322 ], [ 4188276.740200399886817, 7497799.730726254172623 ], [ 4188284.546911635901779, 7497790.906844367273152 ], [ 4188301.722278758417815, 7497771.148844647221267 ], [ 4188309.373803021851927, 7497762.190060784108937 ], [ 4188326.201729755382985, 7497742.135318644344807 ], [ 4188333.69573631696403, 7497733.04436173569411 ], [ 4188350.171096506994218, 7497712.698986283503473 ], [ 4188357.505302620586008, 7497703.47862552292645 ], [ 4188373.623077760916203, 7497682.848814102821052 ], [ 4188380.795249355956912, 7497673.501858102157712 ], [ 4188396.550529893953353, 7497652.593894651159644 ], [ 4188403.558482257183641, 7497643.123190582729876 ], [ 4188418.946468850597739, 7497621.943444041535258 ], [ 4188425.788067291956395, 7497612.351876774802804 ], [ 4188440.804072679486126, 7497590.906798611395061 ], [ 4188447.477233182173222, 7497581.197289830073714 ], [ 4188462.1166833024472, 7497559.49341248255223 ], [ 4188468.619373157154769, 7497549.668919797986746 ], [ 4188482.877808838617057, 7497527.712854253128171 ], [ 4188489.208047262392938, 7497517.776370299048722 ], [ 4188503.081125036347657, 7497495.574804913252592 ], [ 4188509.236983777955174, 7497485.529356440529227 ], [ 4188522.720477945636958, 7497463.089053747244179 ], [ 4188528.700081870425493, 7497452.937700695358217 ], [ 4188541.789885093923658, 7497430.265496450476348 ], [ 4188547.591412756592035, 7497420.011331021785736 ], [ 4188560.283537838142365, 7497397.114131258800626 ], [ 4188565.905222037341446, 7497386.76027697045356 ], [ 4188578.195802827365696, 7497363.645056404173374 ], [ 4188583.635931143537164, 7497353.19466714002192 ], [ 4188595.521223754622042, 7497329.868467001244426 ], [ 4188600.778139072470367, 7497319.324726051650941 ], [ 4188612.254523212555796, 7497295.794651561416686 ], [ 4188617.326624223962426, 7497285.160770651884377 ], [ 4188628.39060401590541, 7497261.433989419601858 ], [ 4188633.276345710270107, 7497250.713207732886076 ], [ 4188643.924550957977772, 7497226.796947170048952 ], [ 4188648.622445090673864, 7497215.992530361749232 ], [ 4188658.85163230355829, 7497191.894075466319919 ], [ 4188663.360247850883752, 7497181.00931466370821 ], [ 4188673.167301047127694, 7497156.736006225459278 ], [ 4188677.485264640767127, 7497145.774217034690082 ], [ 4188686.867196522187442, 7497121.333448885940015 ], [ 4188690.993192869238555, 7497110.297970373183489 ], [ 4188699.947145664598793, 7497085.697187253274024 ], [ 4188703.879917945712805, 7497074.591380931437016 ], [ 4188712.403164102230221, 7497049.83807672932744 ], [ 4188716.141514357645065, 7497038.665325535461307 ], [ 4188724.231457662768662, 7497013.767040207982063 ], [ 4188727.774247154593468, 7497002.530747470445931 ], [ 4188735.428423339501023, 7496977.495065255090594 ], [ 4188738.774572899565101, 7496966.198653656989336 ], [ 4188745.990650407969952, 7496941.033200727775693 ], [ 4188749.139140766579658, 7496929.680111266672611 ], [ 4188755.914921537041664, 7496904.392553169280291 ], [ 4188758.864793633576483, 7496892.986244103871286 ], [ 4188765.198213642463088, 7496867.584283887408674 ], [ 4188767.948568917810917, 7496856.128229692578316 ], [ 4188773.837699019815773, 7496830.619604735635221 ], [ 4188776.387699688319117, 7496819.117295034229755 ], [ 4188781.830745929386467, 7496793.509775798767805 ], [ 4188784.17961523681879, 7496781.964714307337999 ], [ 4188789.174919649492949, 7496756.266100931912661 ], [ 4188791.321942107286304, 7496744.681804387830198 ], [ 4188795.867983066476882, 7496718.899924946017563 ], [ 4188797.812504671048373, 7496707.279922036454082 ], [ 4188801.907897410914302, 7496681.422629923559725 ], [ 4188803.649325841572136, 7496669.770460216328502 ], [ 4188807.292822858784348, 7496643.8456318564713 ], [ 4188808.830627659801394, 7496632.164844715036452 ], [ 4188812.02111911540851, 7496606.180377025157213 ], [ 4188813.354831856675446, 7496594.47453052829951 ], [ 4188816.091345892287791, 7496568.438338655978441 ], [ 4188817.220560311805457, 7496556.710998520255089 ], [ 4188819.502263360656798, 7496530.6310133356601 ], [ 4188820.42663548886776, 7496518.885751822032034 ], [ 4188822.252832523081452, 7496492.769917513243854 ], [ 4188822.972080787178129, 7496481.010312341153622 ], [ 4188824.342215524520725, 7496454.866584141738713 ], [ 4188824.856120835058391, 7496443.096217401325703 ], [ 4188825.769775927066803, 7496416.932558769360185 ], [ 4188826.078181742690504, 7496405.155015829019248 ], [ 4188826.535078875720501, 7496378.979396618902683 ], [ 4188826.637891253456473, 7496367.19826503098011 ], [ 4188826.637891253456473, 7496341.018658550456166 ], [ 4188826.535078875720501, 7496329.237526962533593 ], [ 4188826.078181742690504, 7496303.061907752417028 ], [ 4188825.769775927066803, 7496291.284364812076092 ], [ 4188824.856120835058391, 7496265.120706180110574 ], [ 4188824.342215524520725, 7496253.350339439697564 ], [ 4188822.972080787178129, 7496227.206611240282655 ], [ 4188822.252832523081452, 7496215.447006068192422 ], [ 4188820.42663548886776, 7496189.331171759404242 ], [ 4188819.502263360656798, 7496177.585910245776176 ], [ 4188817.220560311805457, 7496151.505925061181188 ], [ 4188816.091345892287791, 7496139.778584925457835 ], [ 4188813.354831856675446, 7496113.742393053136766 ], [ 4188812.02111911540851, 7496102.036546556279063 ], [ 4188808.830627659801394, 7496076.052078866399825 ], [ 4188807.292822858784348, 7496064.371291724964976 ], [ 4188803.649325841572136, 7496038.446463365107775 ], [ 4188801.907897410914302, 7496026.794293657876551 ], [ 4188797.812504671048373, 7496000.937001544982195 ], [ 4188795.867983066476882, 7495989.316998635418713 ], [ 4188791.321942107286304, 7495963.535119193606079 ], [ 4188789.174919649492949, 7495951.950822649523616 ], [ 4188784.17961523681879, 7495926.252209274098277 ], [ 4188781.830745929386467, 7495914.707147782668471 ], [ 4188776.387699688319117, 7495889.099628547206521 ], [ 4188773.837699019815773, 7495877.597318845801055 ], [ 4188767.948568917810917, 7495852.088693888857961 ], [ 4188765.198213642463088, 7495840.632639694027603 ], [ 4188758.864793633576483, 7495815.230679477564991 ], [ 4188755.914921537041664, 7495803.824370412155986 ], [ 4188749.139140766579658, 7495778.536812314763665 ], [ 4188745.990650407969952, 7495767.183722853660583 ], [ 4188738.774572899565101, 7495742.01826992444694 ], [ 4188735.428423339501023, 7495730.721858326345682 ], [ 4188727.774247154593468, 7495705.686176110990345 ], [ 4188724.231457662768662, 7495694.449883373454213 ], [ 4188716.141514357645065, 7495669.55159804597497 ], [ 4188712.403164102230221, 7495658.378846852108836 ], [ 4188703.879917945712805, 7495633.625542649999261 ], [ 4188699.947145664598793, 7495622.519736328162253 ], [ 4188690.993192869238555, 7495597.918953208252788 ], [ 4188686.867196522187442, 7495586.883474695496261 ], [ 4188677.485264640767127, 7495562.442706546746194 ], [ 4188673.167301047127694, 7495551.480917355976999 ], [ 4188663.360247850883752, 7495527.207608917728066 ], [ 4188658.85163230355829, 7495516.322848115116358 ], [ 4188648.622445090673864, 7495492.224393219687045 ], [ 4188643.924550957977772, 7495481.419976411387324 ], [ 4188633.276345710270107, 7495457.5037158485502 ], [ 4188628.39060401590541, 7495446.782934161834419 ], [ 4188617.326624223962426, 7495423.056152929551899 ], [ 4188612.254523212555796, 7495412.422272020019591 ], [ 4188600.778139072470367, 7495388.892197529785335 ], [ 4188595.521223754622042, 7495378.348456580191851 ], [ 4188583.635931143537164, 7495355.022256441414356 ], [ 4188578.195802827365696, 7495344.571867177262902 ], [ 4188565.905222037341446, 7495321.456646610982716 ], [ 4188560.283537838142365, 7495311.102792322635651 ], [ 4188547.591412756592035, 7495288.20559255965054 ], [ 4188541.789885093923658, 7495277.951427130959928 ], [ 4188528.700081870425493, 7495255.27922288607806 ], [ 4188522.720477945636958, 7495245.127869834192097 ], [ 4188509.236983777955174, 7495222.687567140907049 ], [ 4188503.081125036347657, 7495212.642118668183684 ], [ 4188489.208047262392938, 7495190.440553282387555 ], [ 4188482.877808838617057, 7495180.504069328308105 ], [ 4188468.619373157154769, 7495158.548003783449531 ], [ 4188462.1166833024472, 7495148.723511098884046 ], [ 4188447.477233182173222, 7495127.019633751362562 ], [ 4188440.804072679486126, 7495117.310124970041215 ], [ 4188425.788067291956395, 7495095.865046806633472 ], [ 4188418.946468850597739, 7495086.273479539901018 ], [ 4188403.558482257183641, 7495065.0937329987064 ], [ 4188396.550529893953353, 7495055.623028930276632 ], [ 4188380.795249355956912, 7495034.715065479278564 ], [ 4188373.623077760916203, 7495025.368109478615224 ], [ 4188357.505302620586008, 7495004.738298058509827 ], [ 4188350.171096506994218, 7494995.517937297932804 ], [ 4188333.69573631696403, 7494975.172561845742166 ], [ 4188326.201729755382985, 7494966.08160493709147 ], [ 4188309.373803021851927, 7494946.02686279732734 ], [ 4188301.722278758417815, 7494937.068078934215009 ], [ 4188284.546911635901779, 7494917.310079214163125 ], [ 4188276.740200399886817, 7494908.486197327263653 ], [ 4188259.222624350804836, 7494889.030958137474954 ], [ 4188251.263104141689837, 7494880.344666069373488 ], [ 4188233.408655459992588, 7494861.198113968595862 ], [ 4188225.298750824294984, 7494852.652057645842433 ], [ 4188207.112868119031191, 7494833.820024820975959 ], [ 4188198.855049413163215, 7494825.416807455010712 ], [ 4188180.34327202802524, 7494806.905030069872737 ], [ 4188171.940054662991315, 7494798.647211364470422 ], [ 4188153.10802180878818, 7494780.461328630335629 ], [ 4188144.561965486034751, 7494772.351423994638026 ], [ 4188125.415413359180093, 7494754.496975288726389 ], [ 4188116.729121290147305, 7494746.53745507914573 ], [ 4188097.273882156703621, 7494729.019879080355167 ], [ 4188088.450000270269811, 7494721.213167844340205 ], [ 4188068.692000491078943, 7494704.037800670601428 ], [ 4188059.733216627500951, 7494696.386276407167315 ], [ 4188039.678474481683224, 7494679.558349669910967 ], [ 4188030.587517573032528, 7494672.064343108795583 ], [ 4188010.24214215669781, 7494655.588982948102057 ], [ 4188001.021781396120787, 7494648.254776834510267 ], [ 4187980.391970012802631, 7494632.137001722119749 ], [ 4187971.045014012139291, 7494624.964830126613379 ], [ 4187950.137050551827997, 7494609.209549580700696 ], [ 4187940.66634648386389, 7494602.201597217470407 ], [ 4187919.486599876079708, 7494586.813610576093197 ], [ 4187909.895032609347254, 7494579.972012135200202 ], [ 4187888.449954512063414, 7494564.9560067942366 ], [ 4187878.740445731207728, 7494558.282846291549504 ], [ 4187857.036568342708051, 7494543.64339614380151 ], [ 4187847.212075657211244, 7494537.14070628862828 ], [ 4187825.256010110955685, 7494522.88227060623467 ], [ 4187815.319526157341897, 7494516.552032182924449 ], [ 4187793.117960803676397, 7494502.678954428993165 ], [ 4187783.07251233048737, 7494496.523095686919987 ], [ 4187760.632209671195596, 7494483.039601539261639 ], [ 4187750.480856620240957, 7494477.059997614473104 ], [ 4187727.808652253355831, 7494463.970194320194423 ], [ 4187717.554486824199557, 7494458.168666657991707 ], [ 4187694.657287107314914, 7494445.476541602984071 ], [ 4187684.303432818502188, 7494439.85485740378499 ], [ 4187661.188212276436388, 7494427.564276627264917 ], [ 4187650.737823012284935, 7494422.12414831109345 ], [ 4187627.411622897721827, 7494410.238855712115765 ], [ 4187616.867881948594004, 7494404.98194039426744 ], [ 4187593.337807483039796, 7494393.50555626489222 ], [ 4187582.703926573507488, 7494388.433455253019929 ], [ 4187558.977145266253501, 7494377.369475426152349 ], [ 4187548.256363580003381, 7494372.483733732253313 ], [ 4187524.340103000868112, 7494361.83552847802639 ], [ 4187513.535686191637069, 7494357.137634345330298 ], [ 4187489.43723143171519, 7494346.908447189256549 ], [ 4187478.552470630034804, 7494342.399831641465425 ], [ 4187454.279162079561502, 7494332.592778398655355 ], [ 4187443.317372888326645, 7494328.274814805015922 ], [ 4187418.876604687888175, 7494318.892882904969156 ], [ 4187407.841126174665987, 7494314.766886558383703 ], [ 4187383.240343197714537, 7494305.812933815643191 ], [ 4187372.134536876343191, 7494301.880161534063518 ], [ 4187347.381232602987438, 7494293.356915351934731 ], [ 4187336.208481409121305, 7494289.618565096519887 ], [ 4187311.310196081642061, 7494281.528621790930629 ], [ 4187300.073903344105929, 7494277.985832299105823 ], [ 4187275.038221144583076, 7494270.331656119786203 ], [ 4187263.741809546947479, 7494266.985506559722126 ], [ 4187238.576356516219676, 7494259.769429022446275 ], [ 4187227.223267054185271, 7494256.62093866430223 ], [ 4187201.93570912675932, 7494249.845157939940691 ], [ 4187190.529400062281638, 7494246.895285842940211 ], [ 4187165.127439734060317, 7494240.561865805648267 ], [ 4187153.671385538298637, 7494237.811510530300438 ], [ 4187128.162760620936751, 7494231.922380437143147 ], [ 4187116.660450919996947, 7494229.372379768639803 ], [ 4187091.052931728772819, 7494223.929333535954356 ], [ 4187079.507870237343013, 7494221.580464228056371 ], [ 4187053.809256794396788, 7494216.585159802809358 ], [ 4187042.224960249848664, 7494214.438137345016003 ], [ 4187016.443080780096352, 7494209.892096380703151 ], [ 4187004.823077871464193, 7494207.947574776597321 ], [ 4186978.965785739012063, 7494203.852182034403086 ], [ 4186967.313616031780839, 7494202.110753604210913 ], [ 4186941.388787715230137, 7494198.467256593517959 ], [ 4186929.708000572863966, 7494196.929451792500913 ], [ 4186903.723532969132066, 7494193.738960347138345 ], [ 4186892.017686473205686, 7494192.405247605405748 ], [ 4186865.981494465377182, 7494189.668733555823565 ], [ 4186854.254154329188168, 7494188.53951913677156 ], [ 4186828.174169203732163, 7494186.257816093973815 ], [ 4186816.428907689638436, 7494185.333443965762854 ], [ 4186790.313073503784835, 7494183.507246938534081 ], [ 4186778.553468331694603, 7494182.787998673506081 ], [ 4186752.409739958122373, 7494181.417863926850259 ], [ 4186740.639373218175024, 7494180.903958616778255 ], [ 4186714.475714641157538, 7494179.990303526632488 ], [ 4186702.69817170035094, 7494179.681897711008787 ], [ 4186676.52255249209702, 7494179.225000578910112 ], [ 4186664.741420904640108, 7494179.12218820117414 ], [ 4186638.561814423184842, 7494179.12218820117414 ], [ 4186626.78068283572793, 7494179.225000578910112 ], [ 4186600.60506362747401, 7494179.681897711008787 ], [ 4186588.827520686667413, 7494179.990303526632488 ], [ 4186562.663862109649926, 7494180.903958616778255 ], [ 4186550.893495369702578, 7494181.417863926850259 ], [ 4186524.749766996130347, 7494182.787998673506081 ], [ 4186512.990161824040115, 7494183.507246938534081 ], [ 4186486.874327638186514, 7494185.333443965762854 ], [ 4186475.129066124092788, 7494186.257816093973815 ], [ 4186449.049080998636782, 7494188.53951913677156 ], [ 4186437.321740862447768, 7494189.668733555823565 ], [ 4186411.285548854619265, 7494192.405247605405748 ], [ 4186399.579702358692884, 7494193.738960347138345 ], [ 4186373.595234754960984, 7494196.929451792500913 ], [ 4186361.914447612594813, 7494198.467256593517959 ], [ 4186335.989619296044111, 7494202.110753604210913 ], [ 4186324.337449588812888, 7494203.852182034403086 ], [ 4186298.480157456360757, 7494207.947574776597321 ], [ 4186286.860154547728598, 7494209.892096380703151 ], [ 4186261.078275077976286, 7494214.438137345016003 ], [ 4186249.493978533428162, 7494216.585159802809358 ], [ 4186223.795365090481937, 7494221.580464228056371 ], [ 4186212.250303599052131, 7494223.929333535954356 ], [ 4186186.642784407828003, 7494229.372379768639803 ], [ 4186175.140474706888199, 7494231.922380437143147 ], [ 4186149.631849789526314, 7494237.811510530300438 ], [ 4186138.175795593764633, 7494240.561865805648267 ], [ 4186112.773835265543312, 7494246.895285842940211 ], [ 4186101.36752620106563, 7494249.845157939940691 ], [ 4186076.079968273639679, 7494256.62093866430223 ], [ 4186064.726878811605275, 7494259.769429022446275 ], [ 4186039.561425780877471, 7494266.985506559722126 ], [ 4186028.265014183241874, 7494270.331656119786203 ], [ 4186003.229331983719021, 7494277.985832299105823 ], [ 4185991.993039246182889, 7494281.528621790930629 ], [ 4185967.094753918703645, 7494289.618565096519887 ], [ 4185955.922002724837512, 7494293.356915351934731 ], [ 4185931.16869845148176, 7494301.880161534063518 ], [ 4185920.062892130110413, 7494305.812933815643191 ], [ 4185895.462109153158963, 7494314.766886558383703 ], [ 4185884.426630639936775, 7494318.892882904969156 ], [ 4185859.985862439498305, 7494328.274814805015922 ], [ 4185849.024073248263448, 7494332.592778398655355 ], [ 4185824.750764697790146, 7494342.399831641465425 ], [ 4185813.86600389610976, 7494346.908447189256549 ], [ 4185789.767549136187881, 7494357.137634345330298 ], [ 4185778.963132326956838, 7494361.83552847802639 ], [ 4185755.046871747821569, 7494372.483733732253313 ], [ 4185744.326090061571449, 7494377.369475426152349 ], [ 4185720.599308754317462, 7494388.433455253019929 ], [ 4185709.965427844785154, 7494393.50555626489222 ], [ 4185686.435353402979672, 7494404.981940382160246 ], [ 4185675.891612453386188, 7494410.238855700008571 ], [ 4185652.565412290394306, 7494422.124148323200643 ], [ 4185642.115023026708513, 7494427.56427663937211 ], [ 4185618.999802509322762, 7494439.85485740378499 ], [ 4185608.645948220510036, 7494445.476541602984071 ], [ 4185585.748748503625393, 7494458.168666657991707 ], [ 4185575.494583074469119, 7494463.970194320194423 ], [ 4185552.822378707583994, 7494477.059997614473104 ], [ 4185542.671025656629354, 7494483.039601539261639 ], [ 4185520.23072299733758, 7494496.523095686919987 ], [ 4185510.185274524148554, 7494502.678954428993165 ], [ 4185487.983709170483053, 7494516.552032182924449 ], [ 4185478.047225216869265, 7494522.88227060623467 ], [ 4185456.091159670613706, 7494537.14070628862828 ], [ 4185446.266666985116899, 7494543.64339614380151 ], [ 4185424.562789596617222, 7494558.282846291549504 ], [ 4185414.853280815761536, 7494564.9560067942366 ], [ 4185393.408202718477696, 7494579.972012135200202 ], [ 4185383.816635451745242, 7494586.813610576093197 ], [ 4185362.63688884396106, 7494602.201597217470407 ], [ 4185353.166184775996953, 7494609.209549580700696 ], [ 4185332.25822131568566, 7494624.964830126613379 ], [ 4185322.91126531502232, 7494632.137001722119749 ], [ 4185302.281453931704164, 7494648.254776834510267 ], [ 4185293.061093171127141, 7494655.588982948102057 ], [ 4185272.715717754792422, 7494672.064343108795583 ], [ 4185263.624760846141726, 7494679.558349669910967 ], [ 4185243.57001872966066, 7494696.386276382021606 ], [ 4185234.611234865617007, 7494704.037800645455718 ], [ 4185214.853235027752817, 7494721.213167870417237 ], [ 4185206.029353141784668, 7494729.019879106432199 ], [ 4185186.574114037677646, 7494746.53745507914573 ], [ 4185177.887821968644857, 7494754.496975288726389 ], [ 4185158.741269841790199, 7494772.351423994638026 ], [ 4185150.19521351903677, 7494780.461328630335629 ], [ 4185131.363180604297668, 7494798.647211423143744 ], [ 4185122.959963239263743, 7494806.905030129477382 ], [ 4185104.448185972869396, 7494825.41680739633739 ], [ 4185096.19036726700142, 7494833.820024761371315 ], [ 4185078.004484503529966, 7494852.652057645842433 ], [ 4185069.894579867832363, 7494861.198113968595862 ], [ 4185052.040131186135113, 7494880.344666069373488 ], [ 4185044.080610977020115, 7494889.030958137474954 ], [ 4185026.563034927938133, 7494908.486197327263653 ], [ 4185018.756323691923171, 7494917.310079214163125 ], [ 4185001.580956569407135, 7494937.068078934215009 ], [ 4184993.929432305973023, 7494946.02686279732734 ], [ 4184977.101505572441965, 7494966.08160493709147 ], [ 4184969.60749901086092, 7494975.172561845742166 ], [ 4184953.132138820830733, 7494995.517937297932804 ], [ 4184945.797932707238942, 7495004.738298058509827 ], [ 4184929.680157566908747, 7495025.368109478615224 ], [ 4184922.507985971868038, 7495034.715065479278564 ], [ 4184906.752705433871597, 7495055.623028930276632 ], [ 4184899.744753070641309, 7495065.0937329987064 ], [ 4184884.356766477227211, 7495086.273479539901018 ], [ 4184877.515168035868555, 7495095.865046806633472 ], [ 4184862.499162648338825, 7495117.310124970041215 ], [ 4184855.826002145651728, 7495127.019633751362562 ], [ 4184841.18655202537775, 7495148.723511098884046 ], [ 4184834.683862170670182, 7495158.548003783449531 ], [ 4184820.425426489207894, 7495180.504069328308105 ], [ 4184814.095188065432012, 7495190.440553282387555 ], [ 4184800.222110291477293, 7495212.642118668183684 ], [ 4184794.066251549869776, 7495222.687567140907049 ], [ 4184780.582757382187992, 7495245.127869834192097 ], [ 4184774.603153457399458, 7495255.27922288607806 ], [ 4184761.513350233901292, 7495277.951427130959928 ], [ 4184755.711822571232915, 7495288.20559255965054 ], [ 4184743.019697489682585, 7495311.102792322635651 ], [ 4184737.398013290483505, 7495321.456646610982716 ], [ 4184725.107432500459254, 7495344.571867177262902 ], [ 4184719.667304184287786, 7495355.022256441414356 ], [ 4184707.782011573202908, 7495378.348456580191851 ], [ 4184702.525096255354583, 7495388.892197529785335 ], [ 4184691.048712115269154, 7495412.422272020019591 ], [ 4184685.976611103862524, 7495423.056152929551899 ], [ 4184674.91263131191954, 7495446.782934161834419 ], [ 4184670.026889617554843, 7495457.5037158485502 ], [ 4184659.378684369847178, 7495481.419976411387324 ], [ 4184654.680790237151086, 7495492.224393219687045 ], [ 4184644.45160302426666, 7495516.322848115116358 ], [ 4184639.942987476941198, 7495527.207608917728066 ], [ 4184630.135934280697256, 7495551.480917355976999 ], [ 4184625.817970687057823, 7495562.442706546746194 ], [ 4184616.436038805637509, 7495586.883474695496261 ], [ 4184612.310042458586395, 7495597.918953208252788 ], [ 4184603.356089663226157, 7495622.519736328162253 ], [ 4184599.423317382112145, 7495633.625542649999261 ], [ 4184590.900071225594729, 7495658.378846852108836 ], [ 4184587.161720970179886, 7495669.55159804597497 ], [ 4184579.071777665056288, 7495694.449883373454213 ], [ 4184575.528988173231483, 7495705.686176110990345 ], [ 4184567.874811988323927, 7495730.721858326345682 ], [ 4184564.52866242825985, 7495742.01826992444694 ], [ 4184557.312584919854999, 7495767.183722853660583 ], [ 4184554.164094561245292, 7495778.536812314763665 ], [ 4184547.388313790783286, 7495803.824370412155986 ], [ 4184544.438441694248468, 7495815.230679477564991 ], [ 4184538.105021685361862, 7495840.632639694027603 ], [ 4184535.354666410014033, 7495852.088693888857961 ], [ 4184529.465536308009177, 7495877.597318845801055 ], [ 4184526.915535639505833, 7495889.099628547206521 ], [ 4184521.472489398438483, 7495914.707147782668471 ], [ 4184519.12362009100616, 7495926.252209274098277 ], [ 4184514.128315678332001, 7495951.950822649523616 ], [ 4184511.981293220538646, 7495963.535119193606079 ], [ 4184507.435252261348069, 7495989.316998635418713 ], [ 4184505.490730656776577, 7496000.937001544982195 ], [ 4184501.395337916910648, 7496026.794293657876551 ], [ 4184499.653909486252815, 7496038.446463365107775 ], [ 4184496.010412469040602, 7496064.371291724964976 ], [ 4184494.472607668023556, 7496076.052078866399825 ], [ 4184491.28211621241644, 7496102.036546556279063 ], [ 4184489.948403471149504, 7496113.742393053136766 ], [ 4184487.211889435537159, 7496139.778584925457835 ], [ 4184486.082675016019493, 7496151.505925061181188 ], [ 4184483.800971967168152, 7496177.585910245776176 ], [ 4184482.876599838957191, 7496189.331171759404242 ], [ 4184481.050402804743499, 7496215.447006068192422 ], [ 4184480.331154540646821, 7496227.206611240282655 ], [ 4184478.961019803304225, 7496253.350339439697564 ], [ 4184478.447114492766559, 7496265.120706180110574 ], [ 4184477.533459400758147, 7496291.284364812076092 ], [ 4184477.225053585134447, 7496303.061907752417028 ], [ 4184476.768156452104449, 7496329.237526962533593 ], [ 4184476.665344074368477, 7496341.018658550456166 ], [ 4184476.665344074368477, 7496367.19826503098011 ], [ 4184476.768156452104449, 7496378.979396618902683 ], [ 4184477.225053585134447, 7496405.155015829019248 ], [ 4184477.533459400758147, 7496416.932558769360185 ], [ 4184478.447114492766559, 7496443.096217401325703 ], [ 4184478.961019803304225, 7496454.866584141738713 ], [ 4184480.331154540646821, 7496481.010312341153622 ], [ 4184481.050402804743499, 7496492.769917513243854 ], [ 4184482.876599838957191, 7496518.885751822032034 ], [ 4184483.800971967168152, 7496530.6310133356601 ], [ 4184486.082675016019493, 7496556.710998520255089 ], [ 4184487.211889435537159, 7496568.438338655978441 ], [ 4184489.948403471149504, 7496594.47453052829951 ], [ 4184491.28211621241644, 7496606.180377025157213 ], [ 4184494.472607668023556, 7496632.164844715036452 ], [ 4184496.010412469040602, 7496643.8456318564713 ], [ 4184499.653909486252815, 7496669.770460216328502 ], [ 4184501.395337916910648, 7496681.422629923559725 ], [ 4184505.490730656776577, 7496707.279922036454082 ], [ 4184507.435252261348069, 7496718.899924946017563 ], [ 4184511.981293220538646, 7496744.681804387830198 ], [ 4184514.128315678332001, 7496756.266100931912661 ], [ 4184519.12362009100616, 7496781.964714307337999 ], [ 4184521.472489398438483, 7496793.509775798767805 ], [ 4184526.915535639505833, 7496819.117295034229755 ], [ 4184529.465536308009177, 7496830.619604735635221 ], [ 4184535.354666410014033, 7496856.128229692578316 ], [ 4184538.105021685361862, 7496867.584283887408674 ], [ 4184544.438441694248468, 7496892.986244103871286 ], [ 4184547.388313790783286, 7496904.392553169280291 ], [ 4184554.164094561245292, 7496929.680111266672611 ], [ 4184557.312584919854999, 7496941.033200727775693 ], [ 4184564.52866242825985, 7496966.198653656989336 ], [ 4184567.874811988323927, 7496977.495065255090594 ], [ 4184575.528988173231483, 7497002.530747470445931 ], [ 4184579.071777665056288, 7497013.767040207982063 ], [ 4184587.161720970179886, 7497038.665325535461307 ], [ 4184590.900071225594729, 7497049.83807672932744 ], [ 4184599.423317382112145, 7497074.591380931437016 ], [ 4184603.356089663226157, 7497085.697187253274024 ], [ 4184612.310042458586395, 7497110.297970373183489 ], [ 4184616.436038805637509, 7497121.333448885940015 ], [ 4184625.817970687057823, 7497145.774217034690082 ], [ 4184630.135934280697256, 7497156.736006225459278 ], [ 4184639.942987476941198, 7497181.00931466370821 ], [ 4184644.45160302426666, 7497191.894075466319919 ], [ 4184654.680790237151086, 7497215.992530361749232 ], [ 4184659.378684369847178, 7497226.796947170048952 ], [ 4184670.026889617554843, 7497250.713207732886076 ], [ 4184674.91263131191954, 7497261.433989419601858 ], [ 4184685.976611103862524, 7497285.160770651884377 ], [ 4184691.048712115269154, 7497295.794651561416686 ], [ 4184702.525096255354583, 7497319.324726051650941 ], [ 4184707.782011573202908, 7497329.868467001244426 ], [ 4184719.667304184287786, 7497353.19466714002192 ], [ 4184725.107432500459254, 7497363.645056404173374 ], [ 4184737.398013290483505, 7497386.76027697045356 ], [ 4184743.019697489682585, 7497397.114131258800626 ], [ 4184755.711822571232915, 7497420.011331021785736 ], [ 4184761.513350233901292, 7497430.265496450476348 ], [ 4184774.603153457399458, 7497452.937700695358217 ], [ 4184780.582757382187992, 7497463.089053747244179 ], [ 4184794.066251549869776, 7497485.529356440529227 ], [ 4184800.222110291477293, 7497495.574804913252592 ], [ 4184814.095188065432012, 7497517.776370299048722 ], [ 4184820.425426489207894, 7497527.712854253128171 ], [ 4184834.683862170670182, 7497549.668919797986746 ], [ 4184841.18655202537775, 7497559.49341248255223 ], [ 4184855.826002145651728, 7497581.197289830073714 ], [ 4184862.499162648338825, 7497590.906798611395061 ], [ 4184877.515168035868555, 7497612.351876774802804 ], [ 4184884.356766477227211, 7497621.943444041535258 ], [ 4184899.744753070641309, 7497643.123190582729876 ], [ 4184906.752705433871597, 7497652.593894651159644 ], [ 4184922.507985971868038, 7497673.501858102157712 ], [ 4184929.680157566908747, 7497682.848814102821052 ], [ 4184945.797932707238942, 7497703.47862552292645 ], [ 4184953.132138820830733, 7497712.698986283503473 ], [ 4184969.60749901086092, 7497733.04436173569411 ], [ 4184977.101505572441965, 7497742.135318644344807 ], [ 4184993.929432305973023, 7497762.190060784108937 ], [ 4185001.580956569407135, 7497771.148844647221267 ], [ 4185018.756323691923171, 7497790.906844367273152 ], [ 4185026.563034927938133, 7497799.730726254172623 ], [ 4185044.080610977020115, 7497819.185965443961322 ], [ 4185052.040131186135113, 7497827.872257512062788 ], [ 4185069.894579867832363, 7497847.018809612840414 ], [ 4185078.004484503529966, 7497855.564865935593843 ], [ 4185096.190367208793759, 7497874.396898760460317 ], [ 4185104.448185914661735, 7497882.800116126425564 ], [ 4185122.959963299799711, 7497901.31189351156354 ], [ 4185131.363180664833635, 7497909.569712216965854 ], [ 4185150.19521351903677, 7497927.755594951100647 ], [ 4185158.741269841790199, 7497935.865499586798251 ], [ 4185177.887821968644857, 7497953.719948292709887 ], [ 4185186.574114037677646, 7497961.679468502290547 ], [ 4185206.029353171121329, 7497979.197044501081109 ], [ 4185214.853235057555139, 7497987.003755737096071 ], [ 4185234.611234836746007, 7498004.179122910834849 ], [ 4185243.570018700323999, 7498011.830647174268961 ], [ 4185263.624760846141726, 7498028.658573911525309 ], [ 4185272.715717754792422, 7498036.152580472640693 ], [ 4185293.061093171127141, 7498052.627940633334219 ], [ 4185302.281453931704164, 7498059.96214674692601 ], [ 4185322.91126531502232, 7498076.079921859316528 ], [ 4185332.25822131568566, 7498083.252093454822898 ], [ 4185353.166184775996953, 7498099.007374000735581 ], [ 4185362.63688884396106, 7498106.015326363965869 ], [ 4185383.816635451745242, 7498121.40331300534308 ], [ 4185393.408202718477696, 7498128.244911446236074 ], [ 4185414.853280815761536, 7498143.260916787199676 ], [ 4185424.562789596617222, 7498149.934077289886773 ], [ 4185446.266666985116899, 7498164.573527437634766 ], [ 4185456.091159670613706, 7498171.076217292807996 ], [ 4185478.047225216869265, 7498185.334652975201607 ], [ 4185487.983709170483053, 7498191.664891398511827 ], [ 4185510.185274524148554, 7498205.537969152443111 ], [ 4185520.23072299733758, 7498211.693827894516289 ], [ 4185542.671025656629354, 7498225.177322042174637 ], [ 4185552.822378707583994, 7498231.156925966963172 ], [ 4185575.494583074469119, 7498244.246729261241853 ], [ 4185585.748748503625393, 7498250.048256923444569 ], [ 4185608.645948220510036, 7498262.740381978452206 ], [ 4185618.999802509322762, 7498268.362066177651286 ], [ 4185642.115023051388562, 7498280.65264695417136 ], [ 4185652.565412315540016, 7498286.092775270342827 ], [ 4185675.891612430103123, 7498297.978067869320512 ], [ 4185686.435353379230946, 7498303.234983187168837 ], [ 4185709.965427844785154, 7498314.711367316544056 ], [ 4185720.599308754317462, 7498319.783468328416348 ], [ 4185744.326090061571449, 7498330.847448155283928 ], [ 4185755.046871747821569, 7498335.733189849182963 ], [ 4185778.963132326956838, 7498346.381395103409886 ], [ 4185789.767549136187881, 7498351.079289236105978 ], [ 4185813.86600389610976, 7498361.308476392179728 ], [ 4185824.750764697790146, 7498365.817091939970851 ], [ 4185849.024073248263448, 7498375.624145182780921 ], [ 4185859.985862439498305, 7498379.942108776420355 ], [ 4185884.426630639936775, 7498389.324040676467121 ], [ 4185895.462109153158963, 7498393.450037023052573 ], [ 4185920.062892130110413, 7498402.403989765793085 ], [ 4185931.16869845148176, 7498406.336762047372758 ], [ 4185955.922002724837512, 7498414.860008229501545 ], [ 4185967.094753918703645, 7498418.598358484916389 ], [ 4185991.993039246182889, 7498426.688301790505648 ], [ 4186003.229331983719021, 7498430.231091282330453 ], [ 4186028.265014183241874, 7498437.885267461650074 ], [ 4186039.561425780877471, 7498441.231417021714151 ], [ 4186064.726878811605275, 7498448.447494558990002 ], [ 4186076.079968273639679, 7498451.595984917134047 ], [ 4186101.36752620106563, 7498458.371765641495585 ], [ 4186112.773835265543312, 7498461.321637738496065 ], [ 4186138.175795593764633, 7498467.655057775788009 ], [ 4186149.631849789526314, 7498470.405413051135838 ], [ 4186175.140474706888199, 7498476.294543144293129 ], [ 4186186.642784407828003, 7498478.844543812796474 ], [ 4186212.250303599052131, 7498484.28759004548192 ], [ 4186223.795365090481937, 7498486.636459353379905 ], [ 4186249.493978533428162, 7498491.631763778626919 ], [ 4186261.078275077976286, 7498493.778786236420274 ], [ 4186286.860154547728598, 7498498.324827200733125 ], [ 4186298.480157456360757, 7498500.269348804838955 ], [ 4186324.337449588812888, 7498504.364741547033191 ], [ 4186335.989619296044111, 7498506.106169977225363 ], [ 4186361.914447612594813, 7498509.749666987918317 ], [ 4186373.595234754960984, 7498511.287471788935363 ], [ 4186399.579702358692884, 7498514.477963234297931 ], [ 4186411.285548854619265, 7498515.811675976030529 ], [ 4186437.321740862447768, 7498518.548190025612712 ], [ 4186449.049080998636782, 7498519.677404444664717 ], [ 4186475.129066124092788, 7498521.959107487462461 ], [ 4186486.874327638186514, 7498522.883479615673423 ], [ 4186512.990161824040115, 7498524.709676642902195 ], [ 4186524.749766996130347, 7498525.428924907930195 ], [ 4186550.893495369702578, 7498526.799059654586017 ], [ 4186562.663862109649926, 7498527.312964964658022 ], [ 4186588.827520686667413, 7498528.226620054803789 ], [ 4186600.60506362747401, 7498528.535025870427489 ], [ 4186626.78068283572793, 7498528.991923002526164 ], [ 4186638.561814423184842, 7498529.094735380262136 ] ] ] ] } },
{ "type": "Feature", "properties": { "id": null }, "geometry": { "type": "MultiPolygon", "coordinates": [ [ [ [ 4191909.88352256314829, 7500502.171462870202959 ], [ 4191936.063129124697298, 7500502.171462870202959 ], [ 4191948.646861271932721, 7500502.061646303161979 ], [ 4191974.82248043641448, 7500501.604749171063304 ], [ 4191987.402379456441849, 7500501.275332922115922 ], [ 4192013.56603808933869, 7500500.361677829176188 ], [ 4192026.138272023759782, 7500499.812762240879238 ], [ 4192052.282000212464482, 7500498.442627504467964 ], [ 4192064.842739437241107, 7500497.674379782751203 ], [ 4192090.958573716226965, 7500495.84818275179714 ], [ 4192103.503992107696831, 7500494.860836911946535 ], [ 4192129.58397743338719, 7500492.579133850522339 ], [ 4192142.110253535676748, 7500491.372990646399558 ], [ 4192168.146445302292705, 7500488.636476621031761 ], [ 4192180.649763491004705, 7500487.211903457529843 ], [ 4192206.634231090545654, 7500484.021412013098598 ], [ 4192219.110782733652741, 7500482.378842828795314 ], [ 4192245.035611203406006, 7500478.735345797613263 ], [ 4192257.4815958221443, 7500476.875280933454633 ], [ 4192283.338887961115688, 7500472.77988818846643 ], [ 4192295.750514388084412, 7500470.702894238755107 ], [ 4192321.532393759582192, 7500466.156853292137384 ], [ 4192333.905881293118, 7500463.863562930375338 ], [ 4192359.604494656901807, 7500458.868258520960808 ], [ 4192371.93607421265915, 7500456.359370305202901 ], [ 4192397.543593619950116, 7500450.916324026882648 ], [ 4192409.829508879687637, 7500448.192602187395096 ], [ 4192435.338133617769927, 7500442.303472135215998 ], [ 4192447.574642173014581, 7500439.36574634630233 ], [ 4192472.976602503098547, 7500433.032326309941709 ], [ 4192485.159976993687451, 7500429.881491430103779 ], [ 4192510.447535069659352, 7500423.105710665695369 ], [ 4192522.57406432274729, 7500419.742726469412446 ], [ 4192547.739517260342836, 7500412.526648958213627 ], [ 4192559.805507417302579, 7500408.952539843507111 ], [ 4192584.841189592145383, 7500401.298363671638072 ], [ 4192596.842965235002339, 7500397.514218347147107 ], [ 4192621.741250598803163, 7500389.424275030381978 ], [ 4192633.675155871082097, 7500385.431246182881296 ], [ 4192658.428460175171494, 7500376.907999989576638 ], [ 4192670.290859893895686, 7500372.707303933799267 ], [ 4192694.891642799135298, 7500363.753351217135787 ], [ 4192706.678923561703414, 7500359.346267527900636 ], [ 4192731.119691844563931, 7500349.964335596188903 ], [ 4192742.828263131435961, 7500345.352206711657345 ], [ 4192767.101571589242667, 7500335.545153506100178 ], [ 4192778.727866855915636, 7500330.729384326376021 ], [ 4192802.826321675442159, 7500320.500197146087885 ], [ 4192814.3667994402349, 7500315.482254601083696 ], [ 4192838.283060044515878, 7500304.834049334749579 ], [ 4192849.734204966109246, 7500299.615461938083172 ], [ 4192873.46098618209362, 7500288.55148215405643 ], [ 4192884.819310130551457, 7500283.133839538320899 ], [ 4192908.349384597502649, 7500271.657455409877002 ], [ 4192919.611427716910839, 7500266.042407841421664 ], [ 4192942.937627950217575, 7500254.157115181908011 ], [ 4192954.099959713872522, 7500248.346373057924211 ], [ 4192977.215180230326951, 7500236.055792293511331 ], [ 4192988.274400483351201, 7500230.05112562328577 ], [ 4193011.171600145287812, 7500217.359000598080456 ], [ 4193022.124340142589062, 7500211.162238461896777 ], [ 4193044.796544555574656, 7500198.072435141541064 ], [ 4193055.639467985834926, 7500191.685465130954981 ], [ 4193078.079770567361265, 7500178.201971029862761 ], [ 4193088.809574571438134, 7500171.626738679595292 ], [ 4193111.011139994952828, 7500157.753660881891847 ], [ 4193121.624556170776486, 7500150.992169070988894 ], [ 4193143.58062160294503, 7500136.733733464032412 ], [ 4193154.074417000636458, 7500129.788041808642447 ], [ 4193175.778294518124312, 7500115.148591574281454 ], [ 4193186.149272625800222, 7500108.020815798081458 ], [ 4193207.594350690953434, 7500093.004810479469597 ], [ 4193217.839352409355342, 7500085.697121773846447 ], [ 4193239.019099056255072, 7500070.309135102666914 ], [ 4193249.135003657080233, 7500062.823759458959103 ], [ 4193270.042967058718204, 7500047.068478956818581 ], [ 4193280.026693140622228, 7500039.40769649296999 ], [ 4193300.656504514161497, 7500023.289921388961375 ], [ 4193310.505010937340558, 7500015.456065654754639 ], [ 4193330.850386377889663, 7499998.980705474503338 ], [ 4193340.560673191212118, 7499990.976162738166749 ], [ 4193360.615415360312909, 7499974.148235981352627 ], [ 4193370.184524716809392, 7499965.975444502197206 ], [ 4193389.942524490877986, 7499948.800077332183719 ], [ 4193399.367541546933353, 7499940.461526623927057 ], [ 4193418.822780633810908, 7499922.94395066704601 ], [ 4193428.100834438111633, 7499914.442180732265115 ], [ 4193447.247386610601097, 7499896.58773198351264 ], [ 4193456.375650978181511, 7499887.925332542508841 ], [ 4193475.207683828193694, 7499869.73944981303066 ], [ 4193484.183378200978041, 7499860.91905951872468 ], [ 4193502.695155529305339, 7499842.407282190397382 ], [ 4193511.51554582407698, 7499833.431587817147374 ], [ 4193529.701428557746112, 7499814.599554963409901 ], [ 4193538.363827997818589, 7499805.471290596760809 ], [ 4193556.218276766594499, 7499786.324738401919603 ], [ 4193564.720046701841056, 7499777.046684596687555 ], [ 4193582.237622607499361, 7499757.591445566155016 ], [ 4193590.576173316221684, 7499748.166428510099649 ], [ 4193607.751540545374155, 7499728.408428668044508 ], [ 4193615.924332023598254, 7499718.839319312013686 ], [ 4193632.752258717548102, 7499698.784577218815684 ], [ 4193640.756801454816014, 7499689.074290405027568 ], [ 4193657.232161645311862, 7499668.728914952836931 ], [ 4193665.066017379518598, 7499658.880408530123532 ], [ 4193681.183792538009584, 7499638.250597085803747 ], [ 4193688.844575000926852, 7499628.266871004365385 ], [ 4193704.599855489563197, 7499607.35890761949122 ], [ 4193712.085231133271009, 7499597.243003018200397 ], [ 4193727.473217758350074, 7499576.063256435096264 ], [ 4193734.780906464438885, 7499565.818254716694355 ], [ 4193749.79691183520481, 7499544.373176576569676 ], [ 4193756.924687610939145, 7499534.002198468893766 ], [ 4193771.564137794077396, 7499512.298321027308702 ], [ 4193778.509829449933022, 7499501.804525629617274 ], [ 4193792.768265066668391, 7499479.848460184410214 ], [ 4193799.529756877571344, 7499469.235044009052217 ], [ 4193813.402834706008434, 7499447.033478535711765 ], [ 4193819.978067056275904, 7499436.303674531169236 ], [ 4193833.461561152245849, 7499413.863371957093477 ], [ 4193839.848531162366271, 7499403.020448527298868 ], [ 4193852.938334438949823, 7499380.34824419207871 ], [ 4193859.135096576064825, 7499369.395504194311798 ], [ 4193871.827221645507962, 7499346.498304452747107 ], [ 4193877.831888315267861, 7499335.439084200188518 ], [ 4193890.122469091787934, 7499312.323863659054041 ], [ 4193895.933211215306073, 7499301.161531895399094 ], [ 4193907.818503852002323, 7499277.83533170633018 ], [ 4193913.433551420923322, 7499266.573288585990667 ], [ 4193924.90993554983288, 7499243.043214118108153 ], [ 4193930.327578165568411, 7499231.684890169650316 ], [ 4193941.391557930503041, 7499207.958108996041119 ], [ 4193946.610145327169448, 7499196.506964075379074 ], [ 4193957.258350612595677, 7499172.590703429654241 ], [ 4193962.276293157599866, 7499161.0502256648615 ], [ 4193972.505480354186147, 7499136.951770805753767 ], [ 4193977.321249533910304, 7499125.325475538149476 ], [ 4193987.128302741795778, 7499101.052167071960866 ], [ 4193991.740431625861675, 7499089.343595785088837 ], [ 4194001.122363502159715, 7499064.902827646583319 ], [ 4194005.529447192326188, 7499053.115546884015203 ], [ 4194014.483399968594313, 7499028.514763818122447 ], [ 4194018.684096023440361, 7499016.652364100329578 ], [ 4194027.20734219904989, 7498991.899059843271971 ], [ 4194031.200371046550572, 7498979.965154570527375 ], [ 4194039.290314341895282, 7498955.066869273781776 ], [ 4194043.074459666851908, 7498943.065093630924821 ], [ 4194050.728635874576867, 7498918.029411339201033 ], [ 4194054.302744988817722, 7498905.96342118177563 ], [ 4194061.518822472076863, 7498880.797968339174986 ], [ 4194064.881806668359786, 7498868.671439087018371 ], [ 4194071.657587434630841, 7498843.383881007321179 ], [ 4194074.808422314934433, 7498831.200506515800953 ], [ 4194081.14184234244749, 7498805.79854622669518 ], [ 4194084.079568131826818, 7498793.562037671916187 ], [ 4194089.968698219861835, 7498768.053412773646414 ], [ 4194092.692420058418065, 7498755.767497514374554 ], [ 4194098.135466309729964, 7498730.159978233277798 ], [ 4194100.644354525953531, 7498717.828398676589131 ], [ 4194105.639658940024674, 7498692.129785290919244 ], [ 4194107.932949301786721, 7498679.756297757849097 ], [ 4194112.478990260977298, 7498653.974418313242495 ], [ 4194114.55598421022296, 7498641.56279188580811 ], [ 4194118.651376941706985, 7498615.705499826930463 ], [ 4194120.511441805865616, 7498603.259515209123492 ], [ 4194124.154938826803118, 7498577.334686824120581 ], [ 4194125.797508012037724, 7498564.858135180547833 ], [ 4194128.987999469041824, 7498538.873667479492724 ], [ 4194130.412572632543743, 7498526.370349290780723 ], [ 4194133.149086668621749, 7498500.334157414734364 ], [ 4194134.355229871813208, 7498487.807881312444806 ], [ 4194136.636932918801904, 7498461.727896147407591 ], [ 4194137.62427875911817, 7498449.182477755472064 ], [ 4194139.450475791003555, 7498423.066643487662077 ], [ 4194140.218723513185978, 7498410.505904263816774 ], [ 4194141.588858255650848, 7498384.362175954505801 ], [ 4194142.137773843482137, 7498371.789942019619048 ], [ 4194143.05142893223092, 7498345.626283498480916 ], [ 4194143.380845181643963, 7498333.046384477987885 ], [ 4194143.837742315605283, 7498306.870765204541385 ], [ 4194143.947558882180601, 7498294.287033057771623 ], [ 4194143.947558882180601, 7498268.107426607050002 ], [ 4194143.837742315605283, 7498255.52369446028024 ], [ 4194143.380845181643963, 7498229.348075186833739 ], [ 4194143.05142893223092, 7498216.768176166340709 ], [ 4194142.137773843482137, 7498190.604517645202577 ], [ 4194141.588858255650848, 7498178.032283710315824 ], [ 4194140.218723513185978, 7498151.888555401004851 ], [ 4194139.450475791003555, 7498139.327816177159548 ], [ 4194137.62427875911817, 7498113.211981909349561 ], [ 4194136.636932918801904, 7498100.666563517414033 ], [ 4194134.355229871813208, 7498074.586578352376819 ], [ 4194133.149086668621749, 7498062.060302250087261 ], [ 4194130.412572632543743, 7498036.024110374040902 ], [ 4194128.987999469041824, 7498023.520792185328901 ], [ 4194125.797508012037724, 7497997.536324484273791 ], [ 4194124.154938826803118, 7497985.059772840701044 ], [ 4194120.511441805865616, 7497959.134944455698133 ], [ 4194118.651376941706985, 7497946.688959837891161 ], [ 4194114.55598421022296, 7497920.831667779013515 ], [ 4194112.478990260977298, 7497908.42004135157913 ], [ 4194107.932949301786721, 7497882.638161906972528 ], [ 4194105.639658940024674, 7497870.26467437390238 ], [ 4194100.644354525953531, 7497844.566060988232493 ], [ 4194098.135466309729964, 7497832.234481431543827 ], [ 4194092.692420058418065, 7497806.626962150447071 ], [ 4194089.968698219861835, 7497794.34104689117521 ], [ 4194084.079568131826818, 7497768.832421992905438 ], [ 4194081.14184234244749, 7497756.595913438126445 ], [ 4194074.808422314934433, 7497731.193953149020672 ], [ 4194071.657587434630841, 7497719.010578657500446 ], [ 4194064.881806668359786, 7497693.723020577803254 ], [ 4194061.518822472076863, 7497681.596491325646639 ], [ 4194054.302744988817722, 7497656.431038483045995 ], [ 4194050.728635874576867, 7497644.365048325620592 ], [ 4194043.074459666851908, 7497619.329366033896804 ], [ 4194039.290314341895282, 7497607.327590391039848 ], [ 4194031.200371046550572, 7497582.42930509429425 ], [ 4194027.20734219904989, 7497570.495399821549654 ], [ 4194018.684096023440361, 7497545.742095564492047 ], [ 4194014.483399968594313, 7497533.879695846699178 ], [ 4194005.529447192326188, 7497509.278912780806422 ], [ 4194001.122363502159715, 7497497.491632018238306 ], [ 4193991.740431625861675, 7497473.050863879732788 ], [ 4193987.128302741795778, 7497461.342292592860758 ], [ 4193977.321249533910304, 7497437.068984126672149 ], [ 4193972.505480354186147, 7497425.442688859067857 ], [ 4193962.276293157599866, 7497401.344234 ], [ 4193957.258350612595677, 7497389.803756235167384 ], [ 4193946.610145327169448, 7497365.887495589442551 ], [ 4193941.391557930503041, 7497354.436350668780506 ], [ 4193930.327578165568411, 7497330.709569495171309 ], [ 4193924.90993554983288, 7497319.351245546713471 ], [ 4193913.433551420923322, 7497295.821171078830957 ], [ 4193907.818503852002323, 7497284.559127958491445 ], [ 4193895.933211215306073, 7497261.232927769422531 ], [ 4193890.122469091787934, 7497250.070596005767584 ], [ 4193877.831888315267861, 7497226.955375464633107 ], [ 4193871.827221645507962, 7497215.896155212074518 ], [ 4193859.13509654905647, 7497192.998955423012376 ], [ 4193852.938334411941469, 7497182.046215426176786 ], [ 4193839.84853119077161, 7497159.374011186882854 ], [ 4193833.461561180651188, 7497148.531087756156921 ], [ 4193819.978067056275904, 7497126.090785133652389 ], [ 4193813.402834706008434, 7497115.360981129109859 ], [ 4193799.529756877571344, 7497093.159415655769408 ], [ 4193792.768265066668391, 7497082.54599948041141 ], [ 4193778.509829449933022, 7497060.589934035204351 ], [ 4193771.564137794077396, 7497050.096138637512922 ], [ 4193756.924687610939145, 7497028.392261195927858 ], [ 4193749.79691183520481, 7497018.021283088251948 ], [ 4193734.780906464438885, 7496996.57620494812727 ], [ 4193727.473217758350074, 7496986.331203229725361 ], [ 4193712.085231133271009, 7496965.151456646621227 ], [ 4193704.599855489563197, 7496955.035552045330405 ], [ 4193688.844575000926852, 7496934.12758866045624 ], [ 4193681.183792538009584, 7496924.143862579017878 ], [ 4193665.066017379518598, 7496903.514051134698093 ], [ 4193657.232161645311862, 7496893.665544711984694 ], [ 4193640.756801454816014, 7496873.320169259794056 ], [ 4193632.752258717548102, 7496863.60988244600594 ], [ 4193615.924332023598254, 7496843.555140352807939 ], [ 4193607.751540545374155, 7496833.986030996777117 ], [ 4193590.576173316221684, 7496814.228031154721975 ], [ 4193582.237622607499361, 7496804.803014098666608 ], [ 4193564.720046729780734, 7496785.347775097936392 ], [ 4193556.218276794999838, 7496776.069721292704344 ], [ 4193538.363827970344573, 7496756.923169039189816 ], [ 4193529.701428529806435, 7496747.794904672540724 ], [ 4193511.51554582407698, 7496728.962871847674251 ], [ 4193502.695155529305339, 7496719.987177474424243 ], [ 4193484.183378200978041, 7496701.475400146096945 ], [ 4193475.207683828193694, 7496692.655009851790965 ], [ 4193456.375650978181511, 7496674.469127122312784 ], [ 4193447.247386610601097, 7496665.806727681308985 ], [ 4193428.100834438111633, 7496647.95227893255651 ], [ 4193418.822780633810908, 7496639.450508997775614 ], [ 4193399.367541546933353, 7496621.932933040894568 ], [ 4193389.942524490877986, 7496613.594382332637906 ], [ 4193370.184524716809392, 7496596.419015162624419 ], [ 4193360.615415360312909, 7496588.246223683468997 ], [ 4193340.560673191212118, 7496571.418296926654875 ], [ 4193330.850386377889663, 7496563.413754190318286 ], [ 4193310.505010937340558, 7496546.938394010066986 ], [ 4193300.656504514161497, 7496539.10453827586025 ], [ 4193280.026693140622228, 7496522.986763171851635 ], [ 4193270.042967058718204, 7496515.325980708003044 ], [ 4193249.135003657080233, 7496499.570700205862522 ], [ 4193239.019099056255072, 7496492.08532456215471 ], [ 4193217.839352409355342, 7496476.697337890975177 ], [ 4193207.594350690953434, 7496469.389649185352027 ], [ 4193186.149272625800222, 7496454.373643866740167 ], [ 4193175.778294518124312, 7496447.245868090540171 ], [ 4193154.074417000636458, 7496432.606417856179178 ], [ 4193143.58062160294503, 7496425.660726200789213 ], [ 4193121.624556170776486, 7496411.402290593832731 ], [ 4193111.011139994952828, 7496404.640798782929778 ], [ 4193088.809574571438134, 7496390.767720985226333 ], [ 4193078.079770567361265, 7496384.192488634958863 ], [ 4193055.639467985834926, 7496370.708994533866644 ], [ 4193044.796544555574656, 7496364.322024523280561 ], [ 4193022.124340142589062, 7496351.232221202924848 ], [ 4193011.171600145287812, 7496345.035459066741168 ], [ 4192988.274400483351201, 7496332.343334041535854 ], [ 4192977.215180230326951, 7496326.338667371310294 ], [ 4192954.099959713872522, 7496314.048086606897414 ], [ 4192942.937627950217575, 7496308.237344482913613 ], [ 4192919.611427716910839, 7496296.352051823399961 ], [ 4192908.349384597502649, 7496290.737004254944623 ], [ 4192884.819310130551457, 7496279.260620126500726 ], [ 4192873.46098618209362, 7496273.842977510765195 ], [ 4192849.734204966109246, 7496262.778997726738453 ], [ 4192838.283060044515878, 7496257.560410330072045 ], [ 4192814.3667994402349, 7496246.912205063737929 ], [ 4192802.826321675442159, 7496241.89426251873374 ], [ 4192778.727866855915636, 7496231.665075338445604 ], [ 4192767.101571589242667, 7496226.849306158721447 ], [ 4192742.828263131435961, 7496217.042252953164279 ], [ 4192731.119691844563931, 7496212.430124068632722 ], [ 4192706.678923561703414, 7496203.048192136920989 ], [ 4192694.891642799135298, 7496198.641108447685838 ], [ 4192670.290859893895686, 7496189.687155731022358 ], [ 4192658.428460175171494, 7496185.486459675244987 ], [ 4192633.675155871082097, 7496176.963213481940329 ], [ 4192621.741250598803163, 7496172.970184634439647 ], [ 4192596.842965235002339, 7496164.880241317674518 ], [ 4192584.841189592145383, 7496161.096095993183553 ], [ 4192559.805507417302579, 7496153.441919821314514 ], [ 4192547.739517260342836, 7496149.867810706607997 ], [ 4192522.57406432274729, 7496142.651733195409179 ], [ 4192510.447535069659352, 7496139.288748999126256 ], [ 4192485.159976993687451, 7496132.512968234717846 ], [ 4192472.976602503098547, 7496129.362133354879916 ], [ 4192447.574642173014581, 7496123.028713318519294 ], [ 4192435.338133617769927, 7496120.090987529605627 ], [ 4192409.829508879687637, 7496114.201857477426529 ], [ 4192397.543593619950116, 7496111.478135637938976 ], [ 4192371.93607421265915, 7496106.035089359618723 ], [ 4192359.604494656901807, 7496103.526201143860817 ], [ 4192333.905881293118, 7496098.530896734446287 ], [ 4192321.532393759582192, 7496096.23760637268424 ], [ 4192295.750514388084412, 7496091.691565426066518 ], [ 4192283.338887961115688, 7496089.614571476355195 ], [ 4192257.4815958221443, 7496085.519178731366992 ], [ 4192245.035611203406006, 7496083.659113867208362 ], [ 4192219.110782733652741, 7496080.015616836026311 ], [ 4192206.634231090545654, 7496078.373047651723027 ], [ 4192180.649763491004705, 7496075.182556207291782 ], [ 4192168.146445302292705, 7496073.757983043789864 ], [ 4192142.110253535676748, 7496071.021469018422067 ], [ 4192129.58397743338719, 7496069.815325814299285 ], [ 4192103.503992107696831, 7496067.53362275287509 ], [ 4192090.958573716226965, 7496066.546276913024485 ], [ 4192064.842739437241107, 7496064.720079882070422 ], [ 4192052.282000212464482, 7496063.951832160353661 ], [ 4192026.138272023759782, 7496062.581697423942387 ], [ 4192013.56603808933869, 7496062.032781835645437 ], [ 4191987.402379456441849, 7496061.119126742705703 ], [ 4191974.82248043641448, 7496060.789710493758321 ], [ 4191948.646861271932721, 7496060.332813361659646 ], [ 4191936.063129124697298, 7496060.222996794618666 ], [ 4191909.88352256314829, 7496060.222996794618666 ], [ 4191897.299790415912867, 7496060.332813361659646 ], [ 4191871.124171251431108, 7496060.789710493758321 ], [ 4191858.544272231403738, 7496061.119126742705703 ], [ 4191832.380613598506898, 7496062.032781835645437 ], [ 4191819.808379664085805, 7496062.581697423942387 ], [ 4191793.664651475381106, 7496063.951832160353661 ], [ 4191781.103912250604481, 7496064.720079882070422 ], [ 4191754.988077971618623, 7496066.546276913024485 ], [ 4191742.442659580148757, 7496067.53362275287509 ], [ 4191716.362674254458398, 7496069.815325814299285 ], [ 4191703.83639815216884, 7496071.021469018422067 ], [ 4191677.800206385552883, 7496073.757983043789864 ], [ 4191665.296888196840882, 7496075.182556207291782 ], [ 4191639.312420597299933, 7496078.373047651723027 ], [ 4191626.835868954192847, 7496080.015616836026311 ], [ 4191600.911040484439582, 7496083.659113867208362 ], [ 4191588.465055865701288, 7496085.519178731366992 ], [ 4191562.6077637267299, 7496089.614571476355195 ], [ 4191550.196137299761176, 7496091.691565426066518 ], [ 4191524.414257928263396, 7496096.23760637268424 ], [ 4191512.040770394727588, 7496098.530896734446287 ], [ 4191486.342157030943781, 7496103.526201143860817 ], [ 4191474.010577475186437, 7496106.035089359618723 ], [ 4191448.403058067895472, 7496111.478135637938976 ], [ 4191436.117142808157951, 7496114.201857477426529 ], [ 4191410.608518070075661, 7496120.090987529605627 ], [ 4191398.372009514831007, 7496123.028713318519294 ], [ 4191372.97004918474704, 7496129.362133354879916 ], [ 4191360.786674694158137, 7496132.512968234717846 ], [ 4191335.499116618186235, 7496139.288748999126256 ], [ 4191323.372587365098298, 7496142.651733195409179 ], [ 4191298.207134427502751, 7496149.867810706607997 ], [ 4191286.141144270543009, 7496153.441919821314514 ], [ 4191261.105462095700204, 7496161.096095993183553 ], [ 4191249.103686452843249, 7496164.880241317674518 ], [ 4191224.205401089042425, 7496172.970184634439647 ], [ 4191212.27149581676349, 7496176.963213481940329 ], [ 4191187.518191512674093, 7496185.486459675244987 ], [ 4191175.655791793949902, 7496189.687155731022358 ], [ 4191151.05500888871029, 7496198.641108447685838 ], [ 4191139.267728126142174, 7496203.048192136920989 ], [ 4191114.826959843281657, 7496212.430124068632722 ], [ 4191103.118388556409627, 7496217.042252953164279 ], [ 4191078.845080098602921, 7496226.849306158721447 ], [ 4191067.218784831929952, 7496231.665075338445604 ], [ 4191043.120330012403429, 7496241.89426251873374 ], [ 4191031.579852247610688, 7496246.912205063737929 ], [ 4191007.66359164332971, 7496257.560410330072045 ], [ 4190996.212446721736342, 7496262.778997726738453 ], [ 4190972.485665505751967, 7496273.842977510765195 ], [ 4190961.12734155729413, 7496279.260620126500726 ], [ 4190937.597267090342939, 7496290.737004254944623 ], [ 4190926.335223970934749, 7496296.352051823399961 ], [ 4190903.009023737628013, 7496308.237344482913613 ], [ 4190891.846691973973066, 7496314.048086606897414 ], [ 4190868.731471457518637, 7496326.338667371310294 ], [ 4190857.672251204494387, 7496332.343334041535854 ], [ 4190834.775051542557776, 7496345.035459066741168 ], [ 4190823.822311545256525, 7496351.232221202924848 ], [ 4190801.150107132270932, 7496364.322024523280561 ], [ 4190790.307183702010661, 7496370.708994533866644 ], [ 4190767.866881120484322, 7496384.192488634958863 ], [ 4190757.137077116407454, 7496390.767720985226333 ], [ 4190734.93551169289276, 7496404.640798782929778 ], [ 4190724.322095517069101, 7496411.402290593832731 ], [ 4190702.366030084900558, 7496425.660726200789213 ], [ 4190691.872234687209129, 7496432.606417856179178 ], [ 4190670.168357169721276, 7496447.245868090540171 ], [ 4190659.797379062045366, 7496454.373643866740167 ], [ 4190638.352300996892154, 7496469.389649185352027 ], [ 4190628.107299278490245, 7496476.697337890975177 ], [ 4190606.927552631590515, 7496492.08532456215471 ], [ 4190596.811648030765355, 7496499.570700205862522 ], [ 4190575.903684629127383, 7496515.325980708003044 ], [ 4190565.919958547223359, 7496522.986763171851635 ], [ 4190545.29014717368409, 7496539.10453827586025 ], [ 4190535.44164075050503, 7496546.938394010066986 ], [ 4190515.096265309955925, 7496563.413754190318286 ], [ 4190505.38597849663347, 7496571.418296926654875 ], [ 4190485.331236327532679, 7496588.246223683468997 ], [ 4190475.762126971036196, 7496596.419015162624419 ], [ 4190456.004127196967602, 7496613.594382332637906 ], [ 4190446.579110140912235, 7496621.932933040894568 ], [ 4190427.12387105403468, 7496639.450508997775614 ], [ 4190417.845817249733955, 7496647.95227893255651 ], [ 4190398.69926507724449, 7496665.806727681308985 ], [ 4190389.571000709664077, 7496674.469127122312784 ], [ 4190370.738967859651893, 7496692.655009851790965 ], [ 4190361.763273486867547, 7496701.475400146096945 ], [ 4190343.251496158540249, 7496719.987177474424243 ], [ 4190334.431105863768607, 7496728.962871847674251 ], [ 4190316.245223158039153, 7496747.794904672540724 ], [ 4190307.582823717501014, 7496756.923169039189816 ], [ 4190289.72837489284575, 7496776.069721292704344 ], [ 4190281.226604958064854, 7496785.347775097936392 ], [ 4190263.709029080346227, 7496804.803014098666608 ], [ 4190255.370478371623904, 7496814.228031154721975 ], [ 4190238.195111142471433, 7496833.986030996777117 ], [ 4190230.022319664247334, 7496843.555140352807939 ], [ 4190213.194392970297486, 7496863.60988244600594 ], [ 4190205.189850233029574, 7496873.320169259794056 ], [ 4190188.714490042533726, 7496893.665544711984694 ], [ 4190180.880634308326989, 7496903.514051134698093 ], [ 4190164.762859149836004, 7496924.143862579017878 ], [ 4190157.102076686918736, 7496934.12758866045624 ], [ 4190141.346796198282391, 7496955.035552045330405 ], [ 4190133.861420554574579, 7496965.151456646621227 ], [ 4190118.473433929495513, 7496986.331203229725361 ], [ 4190111.165745223406702, 7496996.57620494812727 ], [ 4190096.149739852640778, 7497018.021283088251948 ], [ 4190089.021964076906443, 7497028.392261195927858 ], [ 4190074.382513893768191, 7497050.096138637512922 ], [ 4190067.436822237912565, 7497060.589934035204351 ], [ 4190053.178386621177197, 7497082.54599948041141 ], [ 4190046.416894810274243, 7497093.159415655769408 ], [ 4190032.543816981837153, 7497115.360981129109859 ], [ 4190025.968584631569684, 7497126.090785133652389 ], [ 4190012.4850905071944, 7497148.531087756156921 ], [ 4190006.098120497073978, 7497159.374011186882854 ], [ 4189993.008317275904119, 7497182.046215426176786 ], [ 4189986.811555138789117, 7497192.998955423012376 ], [ 4189974.119430042337626, 7497215.896155212074518 ], [ 4189968.114763372577727, 7497226.955375464633107 ], [ 4189955.824182596057653, 7497250.070596005767584 ], [ 4189950.013440472539514, 7497261.232927769422531 ], [ 4189938.128147835843265, 7497284.559127958491445 ], [ 4189932.513100266922265, 7497295.821171078830957 ], [ 4189921.036716138012707, 7497319.351245546713471 ], [ 4189915.619073522277176, 7497330.709569495171309 ], [ 4189904.555093757342547, 7497354.436350668780506 ], [ 4189899.33650636067614, 7497365.887495589442551 ], [ 4189888.68830107524991, 7497389.803756235167384 ], [ 4189883.670358530245721, 7497401.344234 ], [ 4189873.44117133365944, 7497425.442688859067857 ], [ 4189868.625402153935283, 7497437.068984126672149 ], [ 4189858.818348946049809, 7497461.342292592860758 ], [ 4189854.206220061983913, 7497473.050863879732788 ], [ 4189844.824288185685873, 7497497.491632018238306 ], [ 4189840.4172044955194, 7497509.278912780806422 ], [ 4189831.463251719251275, 7497533.879695846699178 ], [ 4189827.262555664405227, 7497545.742095564492047 ], [ 4189818.739309488795698, 7497570.495399821549654 ], [ 4189814.746280641295016, 7497582.42930509429425 ], [ 4189806.656337345950305, 7497607.327590391039848 ], [ 4189802.87219202099368, 7497619.329366033896804 ], [ 4189795.218015813268721, 7497644.365048325620592 ], [ 4189791.643906699027866, 7497656.431038483045995 ], [ 4189784.427829215768725, 7497681.596491325646639 ], [ 4189781.064845019485801, 7497693.723020577803254 ], [ 4189774.289064253214747, 7497719.010578657500446 ], [ 4189771.138229372911155, 7497731.193953149020672 ], [ 4189764.804809345398098, 7497756.595913438126445 ], [ 4189761.86708355601877, 7497768.832421992905438 ], [ 4189755.977953467983752, 7497794.34104689117521 ], [ 4189753.254231629427522, 7497806.626962150447071 ], [ 4189747.811185378115624, 7497832.234481431543827 ], [ 4189745.302297161892056, 7497844.566060988232493 ], [ 4189740.306992747820914, 7497870.26467437390238 ], [ 4189738.013702386058867, 7497882.638161906972528 ], [ 4189733.46766142686829, 7497908.42004135157913 ], [ 4189731.390667477622628, 7497920.831667779013515 ], [ 4189727.295274746138602, 7497946.688959837891161 ], [ 4189725.435209881979972, 7497959.134944455698133 ], [ 4189721.79171286104247, 7497985.059772840701044 ], [ 4189720.149143675807863, 7497997.536324484273791 ], [ 4189716.958652218803763, 7498023.520792185328901 ], [ 4189715.534079055301845, 7498036.024110374040902 ], [ 4189712.797565019223839, 7498062.060302250087261 ], [ 4189711.59142181603238, 7498074.586578352376819 ], [ 4189709.309718769043684, 7498100.666563517414033 ], [ 4189708.322372928727418, 7498113.211981909349561 ], [ 4189706.496175896842033, 7498139.327816177159548 ], [ 4189705.72792817465961, 7498151.888555401004851 ], [ 4189704.35779343219474, 7498178.032283710315824 ], [ 4189703.808877844363451, 7498190.604517645202577 ], [ 4189702.895222755614668, 7498216.768176166340709 ], [ 4189702.565806506201625, 7498229.348075186833739 ], [ 4189702.108909372240305, 7498255.52369446028024 ], [ 4189701.999092805664986, 7498268.107426607050002 ], [ 4189701.999092805664986, 7498294.287033057771623 ], [ 4189702.108909372240305, 7498306.870765204541385 ], [ 4189702.565806506201625, 7498333.046384477987885 ], [ 4189702.895222755614668, 7498345.626283498480916 ], [ 4189703.808877844363451, 7498371.789942019619048 ], [ 4189704.35779343219474, 7498384.362175954505801 ], [ 4189705.72792817465961, 7498410.505904263816774 ], [ 4189706.496175896842033, 7498423.066643487662077 ], [ 4189708.322372928727418, 7498449.182477755472064 ], [ 4189709.309718769043684, 7498461.727896147407591 ], [ 4189711.59142181603238, 7498487.807881312444806 ], [ 4189712.797565019223839, 7498500.334157414734364 ], [ 4189715.534079055301845, 7498526.370349290780723 ], [ 4189716.958652218803763, 7498538.873667479492724 ], [ 4189720.149143675807863, 7498564.858135180547833 ], [ 4189721.79171286104247, 7498577.334686824120581 ], [ 4189725.435209881979972, 7498603.259515209123492 ], [ 4189727.295274746138602, 7498615.705499826930463 ], [ 4189731.390667477622628, 7498641.56279188580811 ], [ 4189733.46766142686829, 7498653.974418313242495 ], [ 4189738.013702386058867, 7498679.756297757849097 ], [ 4189740.306992747820914, 7498692.129785290919244 ], [ 4189745.302297161892056, 7498717.828398676589131 ], [ 4189747.811185378115624, 7498730.159978233277798 ], [ 4189753.254231629427522, 7498755.767497514374554 ], [ 4189755.977953467983752, 7498768.053412773646414 ], [ 4189761.86708355601877, 7498793.562037671916187 ], [ 4189764.804809345398098, 7498805.79854622669518 ], [ 4189771.138229372911155, 7498831.200506515800953 ], [ 4189774.289064253214747, 7498843.383881007321179 ], [ 4189781.064845019485801, 7498868.671439087018371 ], [ 4189784.427829215768725, 7498880.797968339174986 ], [ 4189791.643906699027866, 7498905.96342118177563 ], [ 4189795.218015813268721, 7498918.029411339201033 ], [ 4189802.87219202099368, 7498943.065093630924821 ], [ 4189806.656337345950305, 7498955.066869273781776 ], [ 4189814.746280641295016, 7498979.965154570527375 ], [ 4189818.739309488795698, 7498991.899059843271971 ], [ 4189827.262555664405227, 7499016.652364100329578 ], [ 4189831.463251719251275, 7499028.514763818122447 ], [ 4189840.4172044955194, 7499053.115546884015203 ], [ 4189844.824288185685873, 7499064.902827646583319 ], [ 4189854.206220061983913, 7499089.343595785088837 ], [ 4189858.818348946049809, 7499101.052167071960866 ], [ 4189868.625402153935283, 7499125.325475538149476 ], [ 4189873.44117133365944, 7499136.951770805753767 ], [ 4189883.670358530245721, 7499161.0502256648615 ], [ 4189888.68830107524991, 7499172.590703429654241 ], [ 4189899.33650636067614, 7499196.506964075379074 ], [ 4189904.555093757342547, 7499207.958108996041119 ], [ 4189915.619073522277176, 7499231.684890169650316 ], [ 4189921.036716138012707, 7499243.043214118108153 ], [ 4189932.513100266922265, 7499266.573288585990667 ], [ 4189938.128147835843265, 7499277.83533170633018 ], [ 4189950.013440472539514, 7499301.161531895399094 ], [ 4189955.824182596057653, 7499312.323863659054041 ], [ 4189968.114763372577727, 7499335.439084200188518 ], [ 4189974.119430042337626, 7499346.498304452747107 ], [ 4189986.811555111780763, 7499369.395504194311798 ], [ 4189993.008317248895764, 7499380.34824419207871 ], [ 4190006.098120525479317, 7499403.020448527298868 ], [ 4190012.485090535599738, 7499413.863371957093477 ], [ 4190025.968584631569684, 7499436.303674531169236 ], [ 4190032.543816981837153, 7499447.033478535711765 ], [ 4190046.416894810274243, 7499469.235044009052217 ], [ 4190053.178386621177197, 7499479.848460184410214 ], [ 4190067.436822237912565, 7499501.804525629617274 ], [ 4190074.382513893768191, 7499512.298321027308702 ], [ 4190089.021964076906443, 7499534.002198468893766 ], [ 4190096.149739852640778, 7499544.373176576569676 ], [ 4190111.165745223406702, 7499565.818254716694355 ], [ 4190118.473433929495513, 7499576.063256435096264 ], [ 4190133.861420554574579, 7499597.243003018200397 ], [ 4190141.346796198282391, 7499607.35890761949122 ], [ 4190157.102076686918736, 7499628.266871004365385 ], [ 4190164.762859149836004, 7499638.250597085803747 ], [ 4190180.880634308326989, 7499658.880408530123532 ], [ 4190188.714490042533726, 7499668.728914952836931 ], [ 4190205.189850233029574, 7499689.074290405027568 ], [ 4190213.194392970297486, 7499698.784577218815684 ], [ 4190230.022319664247334, 7499718.839319312013686 ], [ 4190238.195111142471433, 7499728.408428668044508 ], [ 4190255.370478371623904, 7499748.166428510099649 ], [ 4190263.709029080346227, 7499757.591445566155016 ], [ 4190281.226604986004531, 7499777.046684596687555 ], [ 4190289.728374921251088, 7499786.324738401919603 ], [ 4190307.582823690026999, 7499805.471290596760809 ], [ 4190316.245223130099475, 7499814.599554963409901 ], [ 4190334.431105863768607, 7499833.431587817147374 ], [ 4190343.251496158540249, 7499842.407282190397382 ], [ 4190361.763273486867547, 7499860.91905951872468 ], [ 4190370.738967859651893, 7499869.73944981303066 ], [ 4190389.571000709664077, 7499887.925332542508841 ], [ 4190398.69926507724449, 7499896.58773198351264 ], [ 4190417.845817249733955, 7499914.442180732265115 ], [ 4190427.12387105403468, 7499922.94395066704601 ], [ 4190446.579110140912235, 7499940.461526623927057 ], [ 4190456.004127196967602, 7499948.800077332183719 ], [ 4190475.762126971036196, 7499965.975444502197206 ], [ 4190485.331236327532679, 7499974.148235981352627 ], [ 4190505.38597849663347, 7499990.976162738166749 ], [ 4190515.096265309955925, 7499998.980705474503338 ], [ 4190535.44164075050503, 7500015.456065654754639 ], [ 4190545.29014717368409, 7500023.289921388961375 ], [ 4190565.919958547223359, 7500039.40769649296999 ], [ 4190575.903684629127383, 7500047.068478956818581 ], [ 4190596.811648030765355, 7500062.823759458959103 ], [ 4190606.927552631590515, 7500070.309135102666914 ], [ 4190628.107299278490245, 7500085.697121773846447 ], [ 4190638.352300996892154, 7500093.004810479469597 ], [ 4190659.797379062045366, 7500108.020815798081458 ], [ 4190670.168357169721276, 7500115.148591574281454 ], [ 4190691.872234687209129, 7500129.788041808642447 ], [ 4190702.366030084900558, 7500136.733733464032412 ], [ 4190724.322095517069101, 7500150.992169070988894 ], [ 4190734.93551169289276, 7500157.753660881891847 ], [ 4190757.137077116407454, 7500171.626738679595292 ], [ 4190767.866881120484322, 7500178.201971029862761 ], [ 4190790.307183702010661, 7500191.685465130954981 ], [ 4190801.150107132270932, 7500198.072435141541064 ], [ 4190823.822311545256525, 7500211.162238461896777 ], [ 4190834.775051542557776, 7500217.359000598080456 ], [ 4190857.672251204494387, 7500230.05112562328577 ], [ 4190868.731471457518637, 7500236.055792293511331 ], [ 4190891.846691973973066, 7500248.346373057924211 ], [ 4190903.009023737628013, 7500254.157115181908011 ], [ 4190926.335223970934749, 7500266.042407841421664 ], [ 4190937.597267090342939, 7500271.657455409877002 ], [ 4190961.12734155729413, 7500283.133839538320899 ], [ 4190972.485665505751967, 7500288.55148215405643 ], [ 4190996.212446721736342, 7500299.615461938083172 ], [ 4191007.66359164332971, 7500304.834049334749579 ], [ 4191031.579852247610688, 7500315.482254601083696 ], [ 4191043.120330012403429, 7500320.500197146087885 ], [ 4191067.218784831929952, 7500330.729384326376021 ], [ 4191078.845080098602921, 7500335.545153506100178 ], [ 4191103.118388556409627, 7500345.352206711657345 ], [ 4191114.826959843281657, 7500349.964335596188903 ], [ 4191139.267728126142174, 7500359.346267527900636 ], [ 4191151.05500888871029, 7500363.753351217135787 ], [ 4191175.655791793949902, 7500372.707303933799267 ], [ 4191187.518191512674093, 7500376.907999989576638 ], [ 4191212.27149581676349, 7500385.431246182881296 ], [ 4191224.205401089042425, 7500389.424275030381978 ], [ 4191249.103686452843249, 7500397.514218347147107 ], [ 4191261.105462095700204, 7500401.298363671638072 ], [ 4191286.141144270543009, 7500408.952539843507111 ], [ 4191298.207134427502751, 7500412.526648958213627 ], [ 4191323.372587365098298, 7500419.742726469412446 ], [ 4191335.499116618186235, 7500423.105710665695369 ], [ 4191360.786674694158137, 7500429.881491430103779 ], [ 4191372.97004918474704, 7500433.032326309941709 ], [ 4191398.372009514831007, 7500439.36574634630233 ], [ 4191410.608518070075661, 7500442.303472135215998 ], [ 4191436.117142808157951, 7500448.192602187395096 ], [ 4191448.403058067895472, 7500450.916324026882648 ], [ 4191474.010577475186437, 7500456.359370305202901 ], [ 4191486.342157030943781, 7500458.868258520960808 ], [ 4191512.040770394727588, 7500463.863562930375338 ], [ 4191524.414257928263396, 7500466.156853292137384 ], [ 4191550.196137299761176, 7500470.702894238755107 ], [ 4191562.6077637267299, 7500472.77988818846643 ], [ 4191588.465055865701288, 7500476.875280933454633 ], [ 4191600.911040484439582, 7500478.735345797613263 ], [ 4191626.835868954192847, 7500482.378842828795314 ], [ 4191639.312420597299933, 7500484.021412013098598 ], [ 4191665.296888196840882, 7500487.211903457529843 ], [ 4191677.800206385552883, 7500488.636476621031761 ], [ 4191703.83639815216884, 7500491.372990646399558 ], [ 4191716.362674254458398, 7500492.579133850522339 ], [ 4191742.442659580148757, 7500494.860836911946535 ], [ 4191754.988077971618623, 7500495.84818275179714 ], [ 4191781.103912250604481, 7500497.674379782751203 ], [ 4191793.664651475381106, 7500498.442627504467964 ], [ 4191819.808379664085805, 7500499.812762240879238 ], [ 4191832.380613598506898, 7500500.361677829176188 ], [ 4191858.544272231403738, 7500501.275332922115922 ], [ 4191871.124171251431108, 7500501.604749171063304 ], [ 4191897.299790415912867, 7500502.061646303161979 ], [ 4191909.88352256314829, 7500502.171462870202959 ] ] ] ] } },
{ "type": "Feature", "properties": { "id": null }, "geometry": { "type": "MultiPolygon", "coordinates": [ [ [ [ 4200422.020279582589865, 7499502.35948920249939 ], [ 4200448.199886348098516, 7499502.35948920249939 ], [ 4200451.914922922849655, 7499502.327068569138646 ], [ 4200478.09054199885577, 7499501.870171437039971 ], [ 4200481.804446936585009, 7499501.772919413633645 ], [ 4200507.968105526641011, 7499500.859264323487878 ], [ 4200511.679747537709773, 7499500.697210533544421 ], [ 4200537.823475565761328, 7499499.327075807377696 ], [ 4200541.531724045984447, 7499499.100269614718854 ], [ 4200567.647558787837625, 7499497.274072550237179 ], [ 4200571.351284171454608, 7499496.982583040371537 ], [ 4200597.431269173510373, 7499494.700880005024374 ], [ 4200601.129343267530203, 7499494.344795970246196 ], [ 4200627.165534985251725, 7499491.608281951397657 ], [ 4200630.856831321492791, 7499491.187711858190596 ], [ 4200656.841299116611481, 7499487.997220390476286 ], [ 4200660.524693290702999, 7499487.512292347848415 ], [ 4200686.449521640315652, 7499483.868795331567526 ], [ 4200690.123891653493047, 7499483.319657053798437 ], [ 4200715.981183559633791, 7499479.224264349788427 ], [ 4200719.645410165190697, 7499478.611083109863102 ], [ 4200745.427290124818683, 7499474.065042058005929 ], [ 4200749.080257161520422, 7499473.388004635460675 ], [ 4200774.778870249167085, 7499468.392700276337564 ], [ 4200778.419464989565313, 7499467.652012905105948 ], [ 4200804.026984031312168, 7499462.208966706879437 ], [ 4200807.654097515158355, 7499461.404855007305741 ], [ 4200833.16272288095206, 7499455.515724810771644 ], [ 4200836.775250252336264, 7499454.648433721624315 ], [ 4200862.177210069261491, 7499448.315013811923563 ], [ 4200865.774050919339061, 7499447.384807520546019 ], [ 4200891.061609073542058, 7499440.609026737511158 ], [ 4200894.641667769290507, 7499439.616188592277467 ], [ 4200919.807120771147311, 7499432.400111064314842 ], [ 4200923.369306791573763, 7499431.34494349360466 ], [ 4200948.404989389702678, 7499423.690767189487815 ], [ 4200951.94821765832603, 7499422.57359160669148 ], [ 4200976.846502249129117, 7499414.483648540452123 ], [ 4200980.369693465530872, 7499413.304805250838399 ], [ 4201005.122998161241412, 7499404.781558928079903 ], [ 4201008.625079125165939, 7499403.54140701610595 ], [ 4201033.225862075574696, 7499394.587454281747341 ], [ 4201036.70576602127403, 7499393.286371510475874 ], [ 4201061.146534271538258, 7499383.904439590871334 ], [ 4201064.6032011853531, 7499382.542822282761335 ], [ 4201088.876509804278612, 7499372.735769011080265 ], [ 4201092.308886751532555, 7499371.314031927846372 ], [ 4201116.407341367565095, 7499361.08484483230859 ], [ 4201119.814382814802229, 7499359.603421049192548 ], [ 4201143.730643554590642, 7499348.955215722322464 ], [ 4201147.111311682499945, 7499347.414556494913995 ], [ 4201170.838092913851142, 7499336.350576701574028 ], [ 4201174.191357938572764, 7499334.751151329837739 ], [ 4201197.721432151272893, 7499323.274767325259745 ], [ 4201201.046272636391222, 7499321.617063010111451 ], [ 4201224.372473052702844, 7499309.731770258396864 ], [ 4201227.667876218445599, 7499308.01629195176065 ], [ 4201250.783096649684012, 7499295.725711232982576 ], [ 4201254.048058684915304, 7499293.952981486916542 ], [ 4201276.945258475840092, 7499281.26085638999939 ], [ 4201280.178784841671586, 7499279.431415194645524 ], [ 4201302.85098915360868, 7499266.34161193203181 ], [ 4201306.052094887010753, 7499264.456016552634537 ], [ 4201328.492397435940802, 7499250.972522472031415 ], [ 4201331.660107447765768, 7499249.031347280368209 ], [ 4201353.861673059873283, 7499235.158269364386797 ], [ 4201356.995022435672581, 7499233.16210565995425 ], [ 4201378.951087608933449, 7499218.903670219704509 ], [ 4201382.049121900461614, 7499216.853126054629683 ], [ 4201403.752999582327902, 7499202.213675710372627 ], [ 4201406.814775098115206, 7499200.109375698491931 ], [ 4201428.259853098541498, 7499185.093370424583554 ], [ 4201431.284437191672623, 7499182.935955557972193 ], [ 4201452.464183688163757, 7499167.547968999482691 ], [ 4201455.45065504219383, 7499165.338096446357667 ], [ 4201476.358618735335767, 7499149.58281572535634 ], [ 4201479.306067639961839, 7499147.321158634498715 ], [ 4201499.935878954827785, 7499131.203383574262261 ], [ 4201502.843407590873539, 7499128.890630868263543 ], [ 4201523.188782943412662, 7499112.415270758792758 ], [ 4201526.055505648255348, 7499110.052126925438643 ], [ 4201546.110247747972608, 7499093.224200228229165 ], [ 4201548.935291291214526, 7499090.811385102570057 ], [ 4201568.69329119939357, 7499073.63601781707257 ], [ 4201571.475795043632388, 7499071.174266367219388 ], [ 4201590.93103401735425, 7499053.656690512783825 ], [ 4201593.670150586403906, 7499051.146752611733973 ], [ 4201612.816702970303595, 7499033.292303665541112 ], [ 4201615.511597901582718, 7499030.734943863935769 ], [ 4201634.343630706891418, 7499012.549061172641814 ], [ 4201636.993483110330999, 7499009.945058467797935 ], [ 4201655.505260259844363, 7498991.433281318284571 ], [ 4201658.109262964688241, 7498988.78342891484499 ], [ 4201676.295145655982196, 7498969.95139610953629 ], [ 4201678.85250545758754, 7498967.256501178257167 ], [ 4201696.706954403780401, 7498948.109948794357479 ], [ 4201699.216892304830253, 7498945.370832225307822 ], [ 4201716.734468159265816, 7498925.91559325158596 ], [ 4201719.196219609118998, 7498923.133089407347143 ], [ 4201736.371586894616485, 7498903.375089499168098 ], [ 4201738.784402020275593, 7498900.55004595592618 ], [ 4201755.61232871748507, 7498880.49530385620892 ], [ 4201757.975472550839186, 7498877.628581151366234 ], [ 4201774.45083266030997, 7498857.283205798827112 ], [ 4201776.763585366308689, 7498854.375677162781358 ], [ 4201792.881360426545143, 7498833.745865847915411 ], [ 4201795.143017517402768, 7498830.79841694328934 ], [ 4201810.898298238404095, 7498809.890453250147402 ], [ 4201813.108170791529119, 7498806.90398189611733 ], [ 4201828.49615735001862, 7498785.724235399626195 ], [ 4201830.653572216629982, 7498782.69965130649507 ], [ 4201845.669577490538359, 7498761.254573306068778 ], [ 4201847.773877502419055, 7498758.192797790281475 ], [ 4201862.413327846676111, 7498736.488920108415186 ], [ 4201864.463872011750937, 7498733.390885816887021 ], [ 4201878.722307452000678, 7498711.434820643626153 ], [ 4201880.718471156433225, 7498708.301471267826855 ], [ 4201894.591549072414637, 7498686.09990565571934 ], [ 4201896.532724264077842, 7498682.932195643894374 ], [ 4201910.016218247823417, 7498660.491893258877099 ], [ 4201911.90181362722069, 7498657.290787526406348 ], [ 4201924.991617077961564, 7498634.618582889437675 ], [ 4201926.82105827331543, 7498631.385056522674859 ], [ 4201939.51318327896297, 7498608.487856892868876 ], [ 4201941.285913025029004, 7498605.222894857637584 ], [ 4201953.576493743807077, 7498582.107674426399171 ], [ 4201955.291972050443292, 7498578.812271260656416 ], [ 4201967.177264802157879, 7498555.486070844344795 ], [ 4201968.834969117306173, 7498552.161230359226465 ], [ 4201980.311353121884167, 7498528.631156146526337 ], [ 4201981.910778493620455, 7498525.277891121804714 ], [ 4201992.974758286960423, 7498501.551109890453517 ], [ 4201994.515417514368892, 7498498.170441762544215 ], [ 4202005.163622841238976, 7498474.254181022755802 ], [ 4202006.645046624355018, 7498470.847139575518668 ], [ 4202016.8742337198928, 7498446.748684959486127 ], [ 4202018.295970803126693, 7498443.316308012232184 ], [ 4202028.103024074807763, 7498419.042999393306673 ], [ 4202029.464641382917762, 7498415.58633247949183 ], [ 4202038.846573302522302, 7498391.145564229227602 ], [ 4202040.147656073793769, 7498387.665660283528268 ], [ 4202049.101608808152378, 7498363.064877333119512 ], [ 4202050.341760720126331, 7498359.562796369194984 ], [ 4202058.865007042884827, 7498334.809491673484445 ], [ 4202060.04385033249855, 7498331.286300457082689 ], [ 4202068.133793398737907, 7498306.388015866279602 ], [ 4202069.250968981534243, 7498302.84478759765625 ], [ 4202076.905145285651088, 7498277.809104999527335 ], [ 4202077.96031285636127, 7498274.246918979100883 ], [ 4202085.176390384323895, 7498249.081465977244079 ], [ 4202086.169228529557586, 7498245.501407281495631 ], [ 4202092.945009312592447, 7498220.213849127292633 ], [ 4202093.875215603969991, 7498216.617008277215064 ], [ 4202100.208635513670743, 7498191.215048460289836 ], [ 4202101.075926602818072, 7498187.602521088905632 ], [ 4202106.965056799352169, 7498162.093895723111928 ], [ 4202107.769168498925865, 7498158.46678223926574 ], [ 4202113.212214697152376, 7498132.859263197518885 ], [ 4202113.952902068383992, 7498129.218668457120657 ], [ 4202118.948206427507102, 7498103.520055369473994 ], [ 4202119.625243850052357, 7498099.867088332772255 ], [ 4202124.17128490190953, 7498074.085208373144269 ], [ 4202124.784466141834855, 7498070.420981767587364 ], [ 4202128.879858845844865, 7498044.563689861446619 ], [ 4202129.428997123613954, 7498040.889319848269224 ], [ 4202133.072494139894843, 7498014.964491498656571 ], [ 4202133.557422182522714, 7498011.281097324565053 ], [ 4202136.747913650237024, 7497985.296629529446363 ], [ 4202137.168483743444085, 7497981.605333193205297 ], [ 4202139.904997762292624, 7497955.569141475483775 ], [ 4202140.261081797070801, 7497951.871067381463945 ], [ 4202142.542784832417965, 7497925.791082379408181 ], [ 4202142.834274342283607, 7497922.087356995791197 ], [ 4202144.660471406765282, 7497895.971522253938019 ], [ 4202144.887277599424124, 7497892.2632737737149 ], [ 4202146.257412325590849, 7497866.119545745663345 ], [ 4202146.419466115534306, 7497862.407903734594584 ], [ 4202147.333121205680072, 7497836.244245144538581 ], [ 4202147.430373229086399, 7497832.530340206809342 ], [ 4202147.887270361185074, 7497806.354721130803227 ], [ 4202147.919690994545817, 7497802.639684556052089 ], [ 4202147.919690994545817, 7497776.460077790543437 ], [ 4202147.887270361185074, 7497772.745041215792298 ], [ 4202147.430373229086399, 7497746.569422139786184 ], [ 4202147.333121205680072, 7497742.855517202056944 ], [ 4202146.419466115534306, 7497716.691858612000942 ], [ 4202146.257412325590849, 7497712.980216600932181 ], [ 4202144.887277599424124, 7497686.836488572880626 ], [ 4202144.660471406765282, 7497683.128240092657506 ], [ 4202142.834274342283607, 7497657.012405350804329 ], [ 4202142.542784832417965, 7497653.308679967187345 ], [ 4202140.261081797070801, 7497627.228694965131581 ], [ 4202139.904997762292624, 7497623.530620871111751 ], [ 4202137.168483743444085, 7497597.494429153390229 ], [ 4202136.747913650237024, 7497593.803132817149162 ], [ 4202133.557422182522714, 7497567.818665022030473 ], [ 4202133.072494139894843, 7497564.135270847938955 ], [ 4202129.428997123613954, 7497538.210442498326302 ], [ 4202128.879858845844865, 7497534.536072485148907 ], [ 4202124.784466141834855, 7497508.678780579008162 ], [ 4202124.17128490190953, 7497505.014553973451257 ], [ 4202119.625243850052357, 7497479.232674013823271 ], [ 4202118.948206427507102, 7497475.579706977121532 ], [ 4202113.952902068383992, 7497449.881093889474869 ], [ 4202113.212214697152376, 7497446.240499149076641 ], [ 4202107.769168498925865, 7497420.632980107329786 ], [ 4202106.965056799352169, 7497417.005866623483598 ], [ 4202101.075926602818072, 7497391.497241257689893 ], [ 4202100.208635513670743, 7497387.88471388630569 ], [ 4202093.875215603969991, 7497362.482754069380462 ], [ 4202092.945009312592447, 7497358.885913219302893 ], [ 4202086.169228529557586, 7497333.598355065099895 ], [ 4202085.176390384323895, 7497330.018296369351447 ], [ 4202077.96031285636127, 7497304.852843367494643 ], [ 4202076.905145285651088, 7497301.290657347068191 ], [ 4202069.250968981534243, 7497276.254974748939276 ], [ 4202068.133793398737907, 7497272.711746480315924 ], [ 4202060.04385033249855, 7497247.813461889512837 ], [ 4202058.865007042884827, 7497244.290270673111081 ], [ 4202050.341760720126331, 7497219.536965977400541 ], [ 4202049.101608808152378, 7497216.034885013476014 ], [ 4202040.147656073793769, 7497191.434102063067257 ], [ 4202038.846573302522302, 7497187.954198117367923 ], [ 4202029.464641382917762, 7497163.513429867103696 ], [ 4202028.103024074807763, 7497160.056762953288853 ], [ 4202018.295970803126693, 7497135.783454334363341 ], [ 4202016.8742337198928, 7497132.351077387109399 ], [ 4202006.645046624355018, 7497108.252622771076858 ], [ 4202005.163622841238976, 7497104.845581323839724 ], [ 4201994.515417514368892, 7497080.929320584051311 ], [ 4201992.974758286960423, 7497077.548652456142008 ], [ 4201981.910778493620455, 7497053.821871224790812 ], [ 4201980.311353121884167, 7497050.468606200069189 ], [ 4201968.834969117306173, 7497026.938531987369061 ], [ 4201967.177264802157879, 7497023.613691502250731 ], [ 4201955.291972050443292, 7497000.287491085939109 ], [ 4201953.576493743807077, 7496996.992087920196354 ], [ 4201941.285913025029004, 7496973.876867488957942 ], [ 4201939.51318327896297, 7496970.611905453726649 ], [ 4201926.821058182045817, 7496947.714705662801862 ], [ 4201924.991616986691952, 7496944.481179296970367 ], [ 4201911.901813724078238, 7496921.808974985033274 ], [ 4201910.016218344680965, 7496918.6078692516312 ], [ 4201896.532724264077842, 7496896.167566702701151 ], [ 4201894.591549072414637, 7496892.999856690876186 ], [ 4201880.718471156433225, 7496870.798291078768671 ], [ 4201878.722307452000678, 7496867.664941702969372 ], [ 4201864.463872011750937, 7496845.708876529708505 ], [ 4201862.413327846676111, 7496842.610842238180339 ], [ 4201847.773877502419055, 7496820.906964556314051 ], [ 4201845.669577490538359, 7496817.845189040526748 ], [ 4201830.653572216629982, 7496796.400111040100455 ], [ 4201828.49615735001862, 7496793.37552694696933 ], [ 4201813.108170791529119, 7496772.195780450478196 ], [ 4201810.898298238404095, 7496769.209309096448123 ], [ 4201795.143017517402768, 7496748.301345403306186 ], [ 4201792.881360426545143, 7496745.353896498680115 ], [ 4201776.763585366308689, 7496724.724085183814168 ], [ 4201774.45083266030997, 7496721.816556547768414 ], [ 4201757.975472550839186, 7496701.471181195229292 ], [ 4201755.61232871748507, 7496698.604458490386605 ], [ 4201738.784402020275593, 7496678.549716390669346 ], [ 4201736.371586894616485, 7496675.724672847427428 ], [ 4201719.196219609118998, 7496655.966672939248383 ], [ 4201716.734468159265816, 7496653.184169095009565 ], [ 4201699.216892304830253, 7496633.728930121287704 ], [ 4201696.706954403780401, 7496630.989813552238047 ], [ 4201678.85250545758754, 7496611.843261168338358 ], [ 4201676.295145655982196, 7496609.148366237059236 ], [ 4201658.109262964688241, 7496590.316333431750536 ], [ 4201655.505260259844363, 7496587.666481028310955 ], [ 4201636.993483110330999, 7496569.154703878797591 ], [ 4201634.343630706891418, 7496566.550701173953712 ], [ 4201615.511597901582718, 7496548.364818482659757 ], [ 4201612.816702970303595, 7496545.807458681054413 ], [ 4201593.670150586403906, 7496527.953009734861553 ], [ 4201590.93103401735425, 7496525.4430718338117 ], [ 4201571.475795043632388, 7496507.925495979376137 ], [ 4201568.69329119939357, 7496505.463744529522955 ], [ 4201548.935291291214526, 7496488.288377244025469 ], [ 4201546.110247747972608, 7496485.875562118366361 ], [ 4201526.055505648255348, 7496469.047635421156883 ], [ 4201523.188782943412662, 7496466.684491587802768 ], [ 4201502.843407590873539, 7496450.209131478331983 ], [ 4201499.935878954827785, 7496447.896378772333264 ], [ 4201479.306067639961839, 7496431.77860371209681 ], [ 4201476.358618735335767, 7496429.516946621239185 ], [ 4201455.45065504219383, 7496413.761665900237858 ], [ 4201452.464183688163757, 7496411.551793347112834 ], [ 4201431.284437191672623, 7496396.163806788623333 ], [ 4201428.259853098541498, 7496394.006391922011971 ], [ 4201406.814775098115206, 7496378.990386648103595 ], [ 4201403.752999582327902, 7496376.886086636222899 ], [ 4201382.049121900461614, 7496362.246636291965842 ], [ 4201378.951087608933449, 7496360.196092126891017 ], [ 4201356.995022435672581, 7496345.937656686641276 ], [ 4201353.861673059873283, 7496343.941492982208729 ], [ 4201331.660107447765768, 7496330.068415066227317 ], [ 4201328.492397435940802, 7496328.127239874564111 ], [ 4201306.052095050923526, 7496314.643745890818536 ], [ 4201302.850989318452775, 7496312.758150511421263 ], [ 4201280.178784681484103, 7496299.668347060680389 ], [ 4201276.945258314721286, 7496297.838905865326524 ], [ 4201254.048058684915304, 7496285.146780859678984 ], [ 4201250.783096649684012, 7496283.37405111361295 ], [ 4201227.667876218445599, 7496271.083470394834876 ], [ 4201224.372473052702844, 7496269.367992088198662 ], [ 4201201.046272636391222, 7496257.482699336484075 ], [ 4201197.721432151272893, 7496255.824995021335781 ], [ 4201174.191357938572764, 7496244.348611016757786 ], [ 4201170.838092913851142, 7496242.749185645021498 ], [ 4201147.111311682499945, 7496231.68520585168153 ], [ 4201143.730643554590642, 7496230.144546624273062 ], [ 4201119.814382814802229, 7496219.496341297402978 ], [ 4201116.407341367565095, 7496218.014917514286935 ], [ 4201092.308886751532555, 7496207.785730418749154 ], [ 4201088.876509804278612, 7496206.363993335515261 ], [ 4201064.6032011853531, 7496196.55694006383419 ], [ 4201061.146534271538258, 7496195.195322755724192 ], [ 4201036.70576602127403, 7496185.813390836119652 ], [ 4201033.225862075574696, 7496184.512308064848185 ], [ 4201008.625079125165939, 7496175.558355330489576 ], [ 4201005.122998161241412, 7496174.318203418515623 ], [ 4200980.369693465530872, 7496165.794957095757127 ], [ 4200976.846502249129117, 7496164.616113806143403 ], [ 4200951.94821765832603, 7496156.526170739904046 ], [ 4200948.404989389702678, 7496155.408995157107711 ], [ 4200923.369306791573763, 7496147.754818852990866 ], [ 4200919.807120771147311, 7496146.699651282280684 ], [ 4200894.641667769290507, 7496139.483573754318058 ], [ 4200891.061609073542058, 7496138.490735609084368 ], [ 4200865.774050919339061, 7496131.714954826049507 ], [ 4200862.177210069261491, 7496130.784748534671962 ], [ 4200836.775250252336264, 7496124.451328624971211 ], [ 4200833.16272288095206, 7496123.584037535823882 ], [ 4200807.654097515158355, 7496117.694907339289784 ], [ 4200804.026984031312168, 7496116.890795639716089 ], [ 4200778.419464989565313, 7496111.447749441489577 ], [ 4200774.778870249167085, 7496110.707062070257962 ], [ 4200749.080257161520422, 7496105.711757711134851 ], [ 4200745.427290124818683, 7496105.034720288589597 ], [ 4200719.645410165190697, 7496100.488679236732423 ], [ 4200715.981183559633791, 7496099.875497996807098 ], [ 4200690.123891653493047, 7496095.780105292797089 ], [ 4200686.449521640315652, 7496095.230967015028 ], [ 4200660.524693290702999, 7496091.58746999874711 ], [ 4200656.841299116611481, 7496091.102541956119239 ], [ 4200630.856831321492791, 7496087.91205048840493 ], [ 4200627.165534985251725, 7496087.491480395197868 ], [ 4200601.129343267530203, 7496084.75496637634933 ], [ 4200597.431269173510373, 7496084.398882341571152 ], [ 4200571.351284171454608, 7496082.117179306223989 ], [ 4200567.647558787837625, 7496081.825689796358347 ], [ 4200541.531724045984447, 7496079.999492731876671 ], [ 4200537.823475565761328, 7496079.77268653921783 ], [ 4200511.679747537709773, 7496078.402551813051105 ], [ 4200507.968105526641011, 7496078.240498023107648 ], [ 4200481.804446936585009, 7496077.326842932961881 ], [ 4200478.09054199885577, 7496077.229590909555554 ], [ 4200451.914922922849655, 7496076.77269377745688 ], [ 4200448.199886348098516, 7496076.740273144096136 ], [ 4200422.020279582589865, 7496076.740273144096136 ], [ 4200418.305243007838726, 7496076.77269377745688 ], [ 4200392.129623931832612, 7496077.229590909555554 ], [ 4200388.415718994103372, 7496077.326842932961881 ], [ 4200362.25206040404737, 7496078.240498023107648 ], [ 4200358.540418392978609, 7496078.402551813051105 ], [ 4200332.396690364927053, 7496079.77268653921783 ], [ 4200328.688441884703934, 7496079.999492731876671 ], [ 4200302.572607142850757, 7496081.825689796358347 ], [ 4200298.868881759233773, 7496082.117179306223989 ], [ 4200272.788896757178009, 7496084.398882341571152 ], [ 4200269.090822663158178, 7496084.75496637634933 ], [ 4200243.054630945436656, 7496087.491480395197868 ], [ 4200239.36333460919559, 7496087.91205048840493 ], [ 4200213.3788668140769, 7496091.102541956119239 ], [ 4200209.695472639985383, 7496091.58746999874711 ], [ 4200183.770644290372729, 7496095.230967015028 ], [ 4200180.096274277195334, 7496095.780105292797089 ], [ 4200154.23898237105459, 7496099.875497996807098 ], [ 4200150.574755765497684, 7496100.488679236732423 ], [ 4200124.792875805869699, 7496105.034720288589597 ], [ 4200121.13990876916796, 7496105.711757711134851 ], [ 4200095.441295681521297, 7496110.707062070257962 ], [ 4200091.800700941123068, 7496111.447749441489577 ], [ 4200066.193181899376214, 7496116.890795639716089 ], [ 4200062.566068415530026, 7496117.694907339289784 ], [ 4200037.057443049736321, 7496123.584037535823882 ], [ 4200033.444915678352118, 7496124.451328624971211 ], [ 4200008.04295586142689, 7496130.784748534671962 ], [ 4200004.44611501134932, 7496131.714954826049507 ], [ 4199979.158556857146323, 7496138.490735609084368 ], [ 4199975.578498161397874, 7496139.483573754318058 ], [ 4199950.41304515954107, 7496146.699651282280684 ], [ 4199946.850859139114618, 7496147.754818852990866 ], [ 4199921.815176540985703, 7496155.408995157107711 ], [ 4199918.271948272362351, 7496156.526170739904046 ], [ 4199893.373663681559265, 7496164.616113806143403 ], [ 4199889.850472465157509, 7496165.794957095757127 ], [ 4199865.097167769446969, 7496174.318203418515623 ], [ 4199861.595086805522442, 7496175.558355330489576 ], [ 4199836.994303855113685, 7496184.512308064848185 ], [ 4199833.514399909414351, 7496185.813390836119652 ], [ 4199809.073631659150124, 7496195.195322755724192 ], [ 4199805.616964745335281, 7496196.55694006383419 ], [ 4199781.343656126409769, 7496206.363993335515261 ], [ 4199777.911279179155827, 7496207.785730418749154 ], [ 4199753.812824563123286, 7496218.014917514286935 ], [ 4199750.405783115886152, 7496219.496341297402978 ], [ 4199726.489522376097739, 7496230.144546624273062 ], [ 4199723.108854248188436, 7496231.68520585168153 ], [ 4199699.382073016837239, 7496242.749185645021498 ], [ 4199696.028807992115617, 7496244.348611016757786 ], [ 4199672.498733779415488, 7496255.824995021335781 ], [ 4199669.173893294297159, 7496257.482699336484075 ], [ 4199645.847692877985537, 7496269.367992088198662 ], [ 4199642.552289712242782, 7496271.083470394834876 ], [ 4199619.437069281004369, 7496283.37405111361295 ], [ 4199616.172107245773077, 7496285.146780859678984 ], [ 4199593.274907615967095, 7496297.838905865326524 ], [ 4199590.041381249204278, 7496299.668347060680389 ], [ 4199567.369176612235606, 7496312.758150511421263 ], [ 4199564.168070879764855, 7496314.643745890818536 ], [ 4199541.727768494747579, 7496328.127239874564111 ], [ 4199538.560058482922614, 7496330.068415066227317 ], [ 4199516.358492870815098, 7496343.941492982208729 ], [ 4199513.2251434950158, 7496345.937656686641276 ], [ 4199491.269078321754932, 7496360.196092126891017 ], [ 4199488.171044030226767, 7496362.246636291965842 ], [ 4199466.467166348360479, 7496376.886086636222899 ], [ 4199463.405390832573175, 7496378.990386648103595 ], [ 4199441.960312832146883, 7496394.006391922011971 ], [ 4199438.935728739015758, 7496396.163806788623333 ], [ 4199417.755982242524624, 7496411.551793347112834 ], [ 4199414.769510888494551, 7496413.761665900237858 ], [ 4199393.861547195352614, 7496429.516946621239185 ], [ 4199390.914098290726542, 7496431.77860371209681 ], [ 4199370.284286975860596, 7496447.896378772333264 ], [ 4199367.376758339814842, 7496450.209131478331983 ], [ 4199347.03138298727572, 7496466.684491587802768 ], [ 4199344.164660282433033, 7496469.047635421156883 ], [ 4199324.109918182715774, 7496485.875562118366361 ], [ 4199321.284874639473855, 7496488.288377244025469 ], [ 4199301.526874731294811, 7496505.463744529522955 ], [ 4199298.744370887055993, 7496507.925495979376137 ], [ 4199279.289131913334131, 7496525.4430718338117 ], [ 4199276.550015344284475, 7496527.953009734861553 ], [ 4199257.403462960384786, 7496545.807458681054413 ], [ 4199254.708568029105663, 7496548.364818482659757 ], [ 4199235.876535223796964, 7496566.550701173953712 ], [ 4199233.226682820357382, 7496569.154703878797591 ], [ 4199214.714905670844018, 7496587.666481028310955 ], [ 4199212.11090296600014, 7496590.316333431750536 ], [ 4199193.925020274706185, 7496609.148366237059236 ], [ 4199191.367660473100841, 7496611.843261168338358 ], [ 4199173.51321152690798, 7496630.989813552238047 ], [ 4199171.003273625858128, 7496633.728930121287704 ], [ 4199153.485697771422565, 7496653.184169095009565 ], [ 4199151.023946321569383, 7496655.966672939248383 ], [ 4199133.848579036071897, 7496675.724672847427428 ], [ 4199131.435763910412788, 7496678.549716390669346 ], [ 4199114.607837213203311, 7496698.604458490386605 ], [ 4199112.244693379849195, 7496701.471181195229292 ], [ 4199095.769333270378411, 7496721.816556547768414 ], [ 4199093.456580564379692, 7496724.724085183814168 ], [ 4199077.338805504143238, 7496745.353896498680115 ], [ 4199075.077148413285613, 7496748.301345403306186 ], [ 4199059.321867692284286, 7496769.209309096448123 ], [ 4199057.111995139159262, 7496772.195780450478196 ], [ 4199041.724008580669761, 7496793.37552694696933 ], [ 4199039.566593714058399, 7496796.400111040100455 ], [ 4199024.550588440150023, 7496817.845189040526748 ], [ 4199022.446288428269327, 7496820.906964556314051 ], [ 4199007.80683808401227, 7496842.610842238180339 ], [ 4199005.756293918937445, 7496845.708876529708505 ], [ 4198991.497858478687704, 7496867.664941702969372 ], [ 4198989.501694774255157, 7496870.798291078768671 ], [ 4198975.628616858273745, 7496892.999856690876186 ], [ 4198973.687441666610539, 7496896.167566702701151 ], [ 4198960.203947586007416, 7496918.6078692516312 ], [ 4198958.318352206610143, 7496921.808974985033274 ], [ 4198945.228548943996429, 7496944.481179296970367 ], [ 4198943.399107748642564, 7496947.714705662801862 ], [ 4198930.706982651725411, 7496970.611905453726649 ], [ 4198928.934252905659378, 7496973.876867488957942 ], [ 4198916.643672186881304, 7496996.992087920196354 ], [ 4198914.92819388024509, 7497000.287491085939109 ], [ 4198903.042901128530502, 7497023.613691502250731 ], [ 4198901.385196813382208, 7497026.938531987369061 ], [ 4198889.908812808804214, 7497050.468606200069189 ], [ 4198888.309387437067926, 7497053.821871224790812 ], [ 4198877.245407643727958, 7497077.548652456142008 ], [ 4198875.704748416319489, 7497080.929320584051311 ], [ 4198865.056543089449406, 7497104.845581323839724 ], [ 4198863.575119306333363, 7497108.252622771076858 ], [ 4198853.345932210795581, 7497132.351077387109399 ], [ 4198851.924195127561688, 7497135.783454334363341 ], [ 4198842.117141855880618, 7497160.056762953288853 ], [ 4198840.755524547770619, 7497163.513429867103696 ], [ 4198831.37359262816608, 7497187.954198117367923 ], [ 4198830.072509856894612, 7497191.434102063067257 ], [ 4198821.118557122536004, 7497216.034885013476014 ], [ 4198819.87840521056205, 7497219.536965977400541 ], [ 4198811.355158887803555, 7497244.290270673111081 ], [ 4198810.176315598189831, 7497247.813461889512837 ], [ 4198802.086372531950474, 7497272.711746480315924 ], [ 4198800.969196949154139, 7497276.254974748939276 ], [ 4198793.315020645037293, 7497301.290657347068191 ], [ 4198792.259853074327111, 7497304.852843367494643 ], [ 4198785.043775546364486, 7497330.018296369351447 ], [ 4198784.050937401130795, 7497333.598355065099895 ], [ 4198777.275156618095934, 7497358.885913219302893 ], [ 4198776.34495032671839, 7497362.482754069380462 ], [ 4198770.011530417017639, 7497387.88471388630569 ], [ 4198769.144239327870309, 7497391.497241257689893 ], [ 4198763.255109131336212, 7497417.005866623483598 ], [ 4198762.450997431762516, 7497420.632980107329786 ], [ 4198757.007951233536005, 7497446.240499149076641 ], [ 4198756.267263862304389, 7497449.881093889474869 ], [ 4198751.271959503181279, 7497475.579706977121532 ], [ 4198750.594922080636024, 7497479.232674013823271 ], [ 4198746.048881028778851, 7497505.014553973451257 ], [ 4198745.435699788853526, 7497508.678780579008162 ], [ 4198741.340307084843516, 7497534.536072485148907 ], [ 4198740.791168807074428, 7497538.210442498326302 ], [ 4198737.147671790793538, 7497564.135270847938955 ], [ 4198736.662743748165667, 7497567.818665022030473 ], [ 4198733.472252280451357, 7497593.803132817149162 ], [ 4198733.051682187244296, 7497597.494429153390229 ], [ 4198730.315168168395758, 7497623.530620871111751 ], [ 4198729.95908413361758, 7497627.228694965131581 ], [ 4198727.677381098270416, 7497653.308679967187345 ], [ 4198727.385891588404775, 7497657.012405350804329 ], [ 4198725.559694523923099, 7497683.128240092657506 ], [ 4198725.332888331264257, 7497686.836488572880626 ], [ 4198723.962753605097532, 7497712.980216600932181 ], [ 4198723.800699815154076, 7497716.691858612000942 ], [ 4198722.887044725008309, 7497742.855517202056944 ], [ 4198722.789792701601982, 7497746.569422139786184 ], [ 4198722.332895569503307, 7497772.745041215792298 ], [ 4198722.300474936142564, 7497776.460077790543437 ], [ 4198722.300474936142564, 7497802.639684556052089 ], [ 4198722.332895569503307, 7497806.354721130803227 ], [ 4198722.789792701601982, 7497832.530340206809342 ], [ 4198722.887044725008309, 7497836.244245144538581 ], [ 4198723.800699815154076, 7497862.407903734594584 ], [ 4198723.962753605097532, 7497866.119545745663345 ], [ 4198725.332888331264257, 7497892.2632737737149 ], [ 4198725.559694523923099, 7497895.971522253938019 ], [ 4198727.385891588404775, 7497922.087356995791197 ], [ 4198727.677381098270416, 7497925.791082379408181 ], [ 4198729.95908413361758, 7497951.871067381463945 ], [ 4198730.315168168395758, 7497955.569141475483775 ], [ 4198733.051682187244296, 7497981.605333193205297 ], [ 4198733.472252280451357, 7497985.296629529446363 ], [ 4198736.662743748165667, 7498011.281097324565053 ], [ 4198737.147671790793538, 7498014.964491498656571 ], [ 4198740.791168807074428, 7498040.889319848269224 ], [ 4198741.340307084843516, 7498044.563689861446619 ], [ 4198745.435699788853526, 7498070.420981767587364 ], [ 4198746.048881028778851, 7498074.085208373144269 ], [ 4198750.594922080636024, 7498099.867088332772255 ], [ 4198751.271959503181279, 7498103.520055369473994 ], [ 4198756.267263862304389, 7498129.218668457120657 ], [ 4198757.007951233536005, 7498132.859263197518885 ], [ 4198762.450997431762516, 7498158.46678223926574 ], [ 4198763.255109131336212, 7498162.093895723111928 ], [ 4198769.144239327870309, 7498187.602521088905632 ], [ 4198770.011530417017639, 7498191.215048460289836 ], [ 4198776.34495032671839, 7498216.617008277215064 ], [ 4198777.275156618095934, 7498220.213849127292633 ], [ 4198784.050937401130795, 7498245.501407281495631 ], [ 4198785.043775546364486, 7498249.081465977244079 ], [ 4198792.259853074327111, 7498274.246918979100883 ], [ 4198793.315020645037293, 7498277.809104999527335 ], [ 4198800.969196949154139, 7498302.84478759765625 ], [ 4198802.086372531950474, 7498306.388015866279602 ], [ 4198810.176315598189831, 7498331.286300457082689 ], [ 4198811.355158887803555, 7498334.809491673484445 ], [ 4198819.87840521056205, 7498359.562796369194984 ], [ 4198821.118557122536004, 7498363.064877333119512 ], [ 4198830.072509856894612, 7498387.665660283528268 ], [ 4198831.37359262816608, 7498391.145564229227602 ], [ 4198840.755524547770619, 7498415.58633247949183 ], [ 4198842.117141855880618, 7498419.042999393306673 ], [ 4198851.924195127561688, 7498443.316308012232184 ], [ 4198853.345932210795581, 7498446.748684959486127 ], [ 4198863.575119306333363, 7498470.847139575518668 ], [ 4198865.056543089449406, 7498474.254181022755802 ], [ 4198875.704748416319489, 7498498.170441762544215 ], [ 4198877.245407643727958, 7498501.551109890453517 ], [ 4198888.309387437067926, 7498525.277891121804714 ], [ 4198889.908812808804214, 7498528.631156146526337 ], [ 4198901.385196813382208, 7498552.161230359226465 ], [ 4198903.042901128530502, 7498555.486070844344795 ], [ 4198914.92819388024509, 7498578.812271260656416 ], [ 4198916.643672186881304, 7498582.107674426399171 ], [ 4198928.934252905659378, 7498605.222894857637584 ], [ 4198930.706982651725411, 7498608.487856892868876 ], [ 4198943.399107657372952, 7498631.385056522674859 ], [ 4198945.228548852726817, 7498634.618582889437675 ], [ 4198958.318352303467691, 7498657.290787526406348 ], [ 4198960.203947682864964, 7498660.491893258877099 ], [ 4198973.687441666610539, 7498682.932195643894374 ], [ 4198975.628616858273745, 7498686.09990565571934 ], [ 4198989.501694774255157, 7498708.301471267826855 ], [ 4198991.497858478687704, 7498711.434820643626153 ], [ 4199005.756293918937445, 7498733.390885816887021 ], [ 4199007.80683808401227, 7498736.488920108415186 ], [ 4199022.446288428269327, 7498758.192797790281475 ], [ 4199024.550588440150023, 7498761.254573306068778 ], [ 4199039.566593714058399, 7498782.69965130649507 ], [ 4199041.724008580669761, 7498785.724235399626195 ], [ 4199057.111995139159262, 7498806.90398189611733 ], [ 4199059.321867692284286, 7498809.890453250147402 ], [ 4199075.077148413285613, 7498830.79841694328934 ], [ 4199077.338805504143238, 7498833.745865847915411 ], [ 4199093.456580564379692, 7498854.375677162781358 ], [ 4199095.769333270378411, 7498857.283205798827112 ], [ 4199112.244693379849195, 7498877.628581151366234 ], [ 4199114.607837213203311, 7498880.49530385620892 ], [ 4199131.435763910412788, 7498900.55004595592618 ], [ 4199133.848579036071897, 7498903.375089499168098 ], [ 4199151.023946321569383, 7498923.133089407347143 ], [ 4199153.485697771422565, 7498925.91559325158596 ], [ 4199171.003273625858128, 7498945.370832225307822 ], [ 4199173.51321152690798, 7498948.109948794357479 ], [ 4199191.367660473100841, 7498967.256501178257167 ], [ 4199193.925020274706185, 7498969.95139610953629 ], [ 4199212.11090296600014, 7498988.78342891484499 ], [ 4199214.714905670844018, 7498991.433281318284571 ], [ 4199233.226682820357382, 7499009.945058467797935 ], [ 4199235.876535223796964, 7499012.549061172641814 ], [ 4199254.708568029105663, 7499030.734943863935769 ], [ 4199257.403462960384786, 7499033.292303665541112 ], [ 4199276.550015344284475, 7499051.146752611733973 ], [ 4199279.289131913334131, 7499053.656690512783825 ], [ 4199298.744370887055993, 7499071.174266367219388 ], [ 4199301.526874731294811, 7499073.63601781707257 ], [ 4199321.284874639473855, 7499090.811385102570057 ], [ 4199324.109918182715774, 7499093.224200228229165 ], [ 4199344.164660282433033, 7499110.052126925438643 ], [ 4199347.03138298727572, 7499112.415270758792758 ], [ 4199367.376758339814842, 7499128.890630868263543 ], [ 4199370.284286975860596, 7499131.203383574262261 ], [ 4199390.914098290726542, 7499147.321158634498715 ], [ 4199393.861547195352614, 7499149.58281572535634 ], [ 4199414.769510888494551, 7499165.338096446357667 ], [ 4199417.755982242524624, 7499167.547968999482691 ], [ 4199438.935728739015758, 7499182.935955557972193 ], [ 4199441.960312832146883, 7499185.093370424583554 ], [ 4199463.405390832573175, 7499200.109375698491931 ], [ 4199466.467166348360479, 7499202.213675710372627 ], [ 4199488.171044030226767, 7499216.853126054629683 ], [ 4199491.269078321754932, 7499218.903670219704509 ], [ 4199513.2251434950158, 7499233.16210565995425 ], [ 4199516.358492870815098, 7499235.158269364386797 ], [ 4199538.560058482922614, 7499249.031347280368209 ], [ 4199541.727768494747579, 7499250.972522472031415 ], [ 4199564.168071043677628, 7499264.456016552634537 ], [ 4199567.369176777079701, 7499266.34161193203181 ], [ 4199590.041381089016795, 7499279.431415194645524 ], [ 4199593.274907454848289, 7499281.26085638999939 ], [ 4199616.172107245773077, 7499293.952981486916542 ], [ 4199619.437069281004369, 7499295.725711232982576 ], [ 4199642.552289712242782, 7499308.01629195176065 ], [ 4199645.847692877985537, 7499309.731770258396864 ], [ 4199669.173893294297159, 7499321.617063010111451 ], [ 4199672.498733779415488, 7499323.274767325259745 ], [ 4199696.028807992115617, 7499334.751151329837739 ], [ 4199699.382073016837239, 7499336.350576701574028 ], [ 4199723.108854248188436, 7499347.414556494913995 ], [ 4199726.489522376097739, 7499348.955215722322464 ], [ 4199750.405783115886152, 7499359.603421049192548 ], [ 4199753.812824563123286, 7499361.08484483230859 ], [ 4199777.911279179155827, 7499371.314031927846372 ], [ 4199781.343656126409769, 7499372.735769011080265 ], [ 4199805.616964745335281, 7499382.542822282761335 ], [ 4199809.073631659150124, 7499383.904439590871334 ], [ 4199833.514399909414351, 7499393.286371510475874 ], [ 4199836.994303855113685, 7499394.587454281747341 ], [ 4199861.595086805522442, 7499403.54140701610595 ], [ 4199865.097167769446969, 7499404.781558928079903 ], [ 4199889.850472465157509, 7499413.304805250838399 ], [ 4199893.373663681559265, 7499414.483648540452123 ], [ 4199918.271948272362351, 7499422.57359160669148 ], [ 4199921.815176540985703, 7499423.690767189487815 ], [ 4199946.850859139114618, 7499431.34494349360466 ], [ 4199950.41304515954107, 7499432.400111064314842 ], [ 4199975.578498161397874, 7499439.616188592277467 ], [ 4199979.158556857146323, 7499440.609026737511158 ], [ 4200004.44611501134932, 7499447.384807520546019 ], [ 4200008.04295586142689, 7499448.315013811923563 ], [ 4200033.444915678352118, 7499454.648433721624315 ], [ 4200037.057443049736321, 7499455.515724810771644 ], [ 4200062.566068415530026, 7499461.404855007305741 ], [ 4200066.193181899376214, 7499462.208966706879437 ], [ 4200091.800700941123068, 7499467.652012905105948 ], [ 4200095.441295681521297, 7499468.392700276337564 ], [ 4200121.13990876916796, 7499473.388004635460675 ], [ 4200124.792875805869699, 7499474.065042058005929 ], [ 4200150.574755765497684, 7499478.611083109863102 ], [ 4200154.23898237105459, 7499479.224264349788427 ], [ 4200180.096274277195334, 7499483.319657053798437 ], [ 4200183.770644290372729, 7499483.868795331567526 ], [ 4200209.695472639985383, 7499487.512292347848415 ], [ 4200213.3788668140769, 7499487.997220390476286 ], [ 4200239.36333460919559, 7499491.187711858190596 ], [ 4200243.054630945436656, 7499491.608281951397657 ], [ 4200269.090822663158178, 7499494.344795970246196 ], [ 4200272.788896757178009, 7499494.700880005024374 ], [ 4200298.868881759233773, 7499496.982583040371537 ], [ 4200302.572607142850757, 7499497.274072550237179 ], [ 4200328.688441884703934, 7499499.100269614718854 ], [ 4200332.396690364927053, 7499499.327075807377696 ], [ 4200358.540418392978609, 7499500.697210533544421 ], [ 4200362.25206040404737, 7499500.859264323487878 ], [ 4200388.415718994103372, 7499501.772919413633645 ], [ 4200392.129623931832612, 7499501.870171437039971 ], [ 4200418.305243007838726, 7499502.327068569138646 ], [ 4200422.020279582589865, 7499502.35948920249939 ] ] ] ] } },
{ "type": "Feature", "properties": { "id": null }, "geometry": { "type": "MultiPolygon", "coordinates": [ [ [ [ 4195234.880240397527814, 7505496.995607140474021 ], [ 4195261.059847055003047, 7505496.995607140474021 ], [ 4195263.940064800903201, 7505496.970471860840917 ], [ 4195290.115683716721833, 7505496.513574734330177 ], [ 4195292.995024120435119, 7505496.438176552765071 ], [ 4195319.158683181740344, 7505495.524521445855498 ], [ 4195322.036269169300795, 7505495.398883327841759 ], [ 4195348.179996863007545, 7505494.028748617507517 ], [ 4195351.054951891303062, 7505493.852908835746348 ], [ 4195377.170786651782691, 7505492.026711771264672 ], [ 4195380.042234984226525, 7505491.800723886117339 ], [ 4195406.122219928540289, 7505489.519020857289433 ], [ 4195408.98928689211607, 7505489.242953708395362 ], [ 4195435.025478862226009, 7505486.506439662538469 ], [ 4195437.887291122227907, 7505486.180377341806889 ], [ 4195463.871758895926178, 7505482.989885875023901 ], [ 4195466.727444715797901, 7505482.613927704282105 ], [ 4195492.652272893115878, 7505478.970430712215602 ], [ 4195495.500962403602898, 7505478.5446912124753 ], [ 4195521.358254642225802, 7505474.449298452585936 ], [ 4195524.199080104008317, 7505473.973907307721674 ], [ 4195549.980959253385663, 7505469.427866402082145 ], [ 4195552.813055324368179, 7505468.902968421578407 ], [ 4195578.511669047176838, 7505463.907663942314684 ], [ 4195581.334173044189811, 7505463.333419013768435 ], [ 4195606.94169211667031, 7505457.89037280716002 ], [ 4195609.753744276240468, 7505457.266955852508545 ], [ 4195635.26236956845969, 7505451.377825670875609 ], [ 4195638.063113312236965, 7505450.705426587723196 ], [ 4195663.46507297642529, 7505444.37200671620667 ], [ 4195666.253655171953142, 7505443.65083032567054 ], [ 4195691.541213846765459, 7505436.875049400143325 ], [ 4195694.316785064525902, 7505436.105315377004445 ], [ 4195719.482237664051354, 7505428.889237960800529 ], [ 4195722.24395243730396, 7505428.071180775761604 ], [ 4195747.279634634964168, 7505420.417004597373307 ], [ 4195750.026651718653738, 7505419.550873437896371 ], [ 4195774.924936982803047, 7505411.460930153727531 ], [ 4195777.656419610604644, 7505410.546988851390779 ], [ 4195802.409723959863186, 7505402.023742645047605 ], [ 4195805.124840093776584, 7505401.062269595451653 ], [ 4195829.725623135454953, 7505392.108316828496754 ], [ 4195832.423545725643635, 7505391.099604905582964 ], [ 4195856.864314110018313, 7505381.717672931961715 ], [ 4195859.5442213434726, 7505380.662029398605227 ], [ 4195883.817529568448663, 7505370.85497628711164 ], [ 4195886.478605118580163, 7505369.752722703851759 ], [ 4195910.577059618197381, 7505359.52353566326201 ], [ 4195913.218492897227407, 7505358.375007786788046 ], [ 4195937.134754240512848, 7505347.726802191697061 ], [ 4195939.75574063975364, 7505346.532349873334169 ], [ 4195963.48252135887742, 7505335.468370318412781 ], [ 4195966.082262502983212, 7505334.228357401676476 ], [ 4195989.61233711335808, 7505322.751973204314709 ], [ 4195992.190041094087064, 7505321.466777408495545 ], [ 4196015.516241118311882, 7505309.581484857946634 ], [ 4196018.071122743189335, 7505308.251497666351497 ], [ 4196041.186343481764197, 7505295.960916786454618 ], [ 4196043.717624508775771, 7505294.586543325334787 ], [ 4196066.614824302494526, 7505281.894418224692345 ], [ 4196069.121733678504825, 7505280.476077142171562 ], [ 4196091.793937899172306, 7505267.386273931711912 ], [ 4196094.2757119955495, 7505265.924397268332541 ], [ 4196116.71601471491158, 7505252.44090308342129 ], [ 4196119.171897560358047, 7505250.935936139896512 ], [ 4196141.373462769202888, 7505237.06285847723484 ], [ 4196143.802706276066601, 7505235.515259683132172 ], [ 4196165.758771921508014, 7505221.256823937408626 ], [ 4196168.160636120475829, 7505219.66706470400095 ], [ 4196189.864513297565281, 7505205.027614701539278 ], [ 4196192.23826655652374, 7505203.396179286763072 ], [ 4196213.683345274999738, 7505188.38017350807786 ], [ 4196216.028264525346458, 7505186.707558861002326 ], [ 4196237.208010695874691, 7505171.319572531618178 ], [ 4196239.523381653241813, 7505169.606288149021566 ], [ 4196260.431345072574914, 7505153.85100763477385 ], [ 4196262.716462452895939, 7505152.097575398162007 ], [ 4196283.346273752860725, 7505135.97980035468936 ], [ 4196285.600441486574709, 7505134.186754377558827 ], [ 4196305.945817050524056, 7505117.711394098587334 ], [ 4196308.168348495848477, 7505115.879280559718609 ], [ 4196328.223090498708189, 7505099.051353944465518 ], [ 4196330.413308652117848, 7505097.180730923078954 ], [ 4196350.171308742836118, 7505080.005363478325307 ], [ 4196352.328546442091465, 7505078.096800783649087 ], [ 4196371.783785334788263, 7505060.579225000925362 ], [ 4196373.907385463826358, 7505058.633304001763463 ], [ 4196393.053937698714435, 7505040.778855195268989 ], [ 4196395.143253389745951, 7505038.796168635599315 ], [ 4196413.975286040455103, 7505020.61028609983623 ], [ 4196416.029680866748095, 7505018.591437927447259 ], [ 4196434.541458551771939, 7505000.079660242423415 ], [ 4196436.56030672416091, 7504998.025265416130424 ], [ 4196454.746189259923995, 7504979.193232765421271 ], [ 4196456.728875819593668, 7504977.103917074389756 ], [ 4196474.583324626088142, 7504957.957364839501679 ], [ 4196476.529245625250041, 7504955.833764710463583 ], [ 4196494.046821407973766, 7504936.378525817766786 ], [ 4196495.955384102649987, 7504934.221288118511438 ], [ 4196513.130751547403634, 7504914.463288027793169 ], [ 4196515.001374568790197, 7504912.273069874383509 ], [ 4196531.829301184043288, 7504892.218327871523798 ], [ 4196533.661414722912014, 7504889.995796426199377 ], [ 4196550.136775001883507, 7504869.65042086225003 ], [ 4196551.929820979014039, 7504867.396253128536046 ], [ 4196568.047596022486687, 7504846.76644182857126 ], [ 4196569.80102825909853, 7504844.481324448250234 ], [ 4196585.556308773346245, 7504823.573361028917134 ], [ 4196587.269593155942857, 7504821.257990071550012 ], [ 4196602.657579485327005, 7504800.078243901021779 ], [ 4196604.330194132402539, 7504797.733324650675058 ], [ 4196619.346199911087751, 7504776.288245932199061 ], [ 4196620.977635325863957, 7504773.914492673240602 ], [ 4196635.617085328325629, 7504752.210615496151149 ], [ 4196637.206844561733305, 7504749.808751297183335 ], [ 4196651.465280307456851, 7504727.852685651741922 ], [ 4196653.01287910155952, 7504725.423442144878209 ], [ 4196666.885956764221191, 7504703.221876936033368 ], [ 4196668.390923707745969, 7504700.765994090586901 ], [ 4196681.87441789265722, 7504678.325691371224821 ], [ 4196683.336294556036592, 7504675.843917274847627 ], [ 4196696.426097766496241, 7504653.171713054180145 ], [ 4196697.844438849017024, 7504650.664803678169847 ], [ 4196710.536563949659467, 7504627.767603884451091 ], [ 4196711.910937410779297, 7504625.236322857439518 ], [ 4196724.201518290676177, 7504602.121102118864655 ], [ 4196725.531505482271314, 7504599.566220493987203 ], [ 4196737.416798032820225, 7504576.240020469762385 ], [ 4196738.701993828639388, 7504573.662316489033401 ], [ 4196750.178378026001155, 7504550.132241878658533 ], [ 4196751.41839094273746, 7504547.532500734552741 ], [ 4196762.482370497658849, 7504523.80572001542896 ], [ 4196763.67682281602174, 7504521.184733616188169 ], [ 4196774.325028411112726, 7504497.268472272902727 ], [ 4196775.473556287586689, 7504494.627038993872702 ], [ 4196785.702743328176439, 7504470.528584494255483 ], [ 4196786.804996911436319, 7504467.867508944123983 ], [ 4196796.612050022929907, 7504443.594200719147921 ], [ 4196797.667693556286395, 7504440.914293485693634 ], [ 4196807.049625529907644, 7504416.473525101318955 ], [ 4196808.058337452821434, 7504413.775602511130273 ], [ 4196817.012290219776332, 7504389.174819469451904 ], [ 4196817.973763269372284, 7504386.459703335538507 ], [ 4196826.497009475715458, 7504361.706398986279964 ], [ 4196827.410950778052211, 7504358.974916358478367 ], [ 4196835.50089406222105, 7504334.076631094329059 ], [ 4196836.367025221697986, 7504331.329614010639489 ], [ 4196844.021201400086284, 7504306.293931812979281 ], [ 4196844.839258585125208, 7504303.532217039726675 ], [ 4196852.055336001329124, 7504278.366764440201223 ], [ 4196852.825070024468005, 7504275.591193222440779 ], [ 4196859.60085094999522, 7504250.303634547628462 ], [ 4196860.322027340531349, 7504247.515052352100611 ], [ 4196866.655447212047875, 7504222.113092687912285 ], [ 4196867.327846295200288, 7504219.31234894413501 ], [ 4196873.216976476833224, 7504193.803723651915789 ], [ 4196873.840393431484699, 7504190.991671492345631 ], [ 4196879.283439638093114, 7504165.384152419865131 ], [ 4196879.857684566639364, 7504162.561648422852159 ], [ 4196884.852989045903087, 7504136.863034700043499 ], [ 4196885.377887026406825, 7504134.030938629060984 ], [ 4196889.923927932046354, 7504108.249059479683638 ], [ 4196890.399319076910615, 7504105.408234017901123 ], [ 4196894.494711836799979, 7504079.550941779278219 ], [ 4196894.920451336540282, 7504076.702252268791199 ], [ 4196898.563948328606784, 7504050.777424091473222 ], [ 4196898.939906499348581, 7504047.921738271601498 ], [ 4196902.130397966131568, 7504021.937270497903228 ], [ 4196902.456460286863148, 7504019.07545823790133 ], [ 4196905.192974332720041, 7503993.03926626779139 ], [ 4196905.469041481614113, 7503990.17219930421561 ], [ 4196907.750744510442019, 7503964.092214359901845 ], [ 4196907.976732395589352, 7503961.220766027458012 ], [ 4196909.802929460071027, 7503935.104931266978383 ], [ 4196909.978769241832197, 7503932.229976238682866 ], [ 4196911.348903952166438, 7503906.086248544976115 ], [ 4196911.474542070180178, 7503903.208662557415664 ], [ 4196912.388197177089751, 7503877.045003496110439 ], [ 4196912.463595358654857, 7503874.165663092397153 ], [ 4196912.920492485165596, 7503847.990044176578522 ], [ 4196912.945627764798701, 7503845.109826430678368 ], [ 4196912.945627764798701, 7503818.930219773203135 ], [ 4196912.920492485165596, 7503816.05000202730298 ], [ 4196912.463595358654857, 7503789.874383111484349 ], [ 4196912.388197177089751, 7503786.995042707771063 ], [ 4196911.474542070180178, 7503760.831383646465838 ], [ 4196911.348903952166438, 7503757.953797658905387 ], [ 4196909.978769241832197, 7503731.810069965198636 ], [ 4196909.802929460071027, 7503728.935114936903119 ], [ 4196907.976732395589352, 7503702.81928017642349 ], [ 4196907.750744510442019, 7503699.947831843979657 ], [ 4196905.469041481614113, 7503673.867846899665892 ], [ 4196905.192974332720041, 7503671.000779936090112 ], [ 4196902.456460286863148, 7503644.964587965980172 ], [ 4196902.130397966131568, 7503642.102775705978274 ], [ 4196898.939906499348581, 7503616.118307932280004 ], [ 4196898.563948328606784, 7503613.26262211240828 ], [ 4196894.920451336540282, 7503587.337793935090303 ], [ 4196894.494711836799979, 7503584.489104424603283 ], [ 4196890.399319076910615, 7503558.63181218598038 ], [ 4196889.923927932046354, 7503555.790986724197865 ], [ 4196885.377887026406825, 7503530.009107574820518 ], [ 4196884.852989045903087, 7503527.177011503838003 ], [ 4196879.857684566639364, 7503501.478397781029344 ], [ 4196879.283439638093114, 7503498.655893784016371 ], [ 4196873.840393431484699, 7503473.048374711535871 ], [ 4196873.216976476833224, 7503470.236322551965714 ], [ 4196867.327846295200288, 7503444.727697259746492 ], [ 4196866.655447212047875, 7503441.926953515969217 ], [ 4196860.322027340531349, 7503416.524993851780891 ], [ 4196859.60085094999522, 7503413.73641165625304 ], [ 4196852.825070024468005, 7503388.448852981440723 ], [ 4196852.055336001329124, 7503385.673281763680279 ], [ 4196844.839258585125208, 7503360.507829164154828 ], [ 4196844.021201400086284, 7503357.746114390902221 ], [ 4196836.367025221697986, 7503332.710432193242013 ], [ 4196835.50089406222105, 7503329.963415109552443 ], [ 4196827.410950778052211, 7503305.065129845403135 ], [ 4196826.497009475715458, 7503302.333647217601538 ], [ 4196817.973763269372284, 7503277.580342868342996 ], [ 4196817.012290219776332, 7503274.865226734429598 ], [ 4196808.058337452821434, 7503250.264443692751229 ], [ 4196807.049625529907644, 7503247.566521102562547 ], [ 4196797.667693556286395, 7503223.125752718187869 ], [ 4196796.612050022929907, 7503220.445845484733582 ], [ 4196786.804996911436319, 7503196.172537259757519 ], [ 4196785.702743328176439, 7503193.511461709626019 ], [ 4196775.473556287586689, 7503169.4130072100088 ], [ 4196774.325028411112726, 7503166.771573930978775 ], [ 4196763.67682281602174, 7503142.855312587693334 ], [ 4196762.482370497658849, 7503140.234326188452542 ], [ 4196751.41839094273746, 7503116.507545469328761 ], [ 4196750.178378026001155, 7503113.907804325222969 ], [ 4196738.701993828639388, 7503090.377729714848101 ], [ 4196737.416798032820225, 7503087.800025734119117 ], [ 4196725.531505482271314, 7503064.4738257098943 ], [ 4196724.201518290676177, 7503061.918944085016847 ], [ 4196711.910937410779297, 7503038.803723346441984 ], [ 4196710.536563949659467, 7503036.272442319430411 ], [ 4196697.844438849017024, 7503013.375242525711656 ], [ 4196696.426097766496241, 7503010.868333149701357 ], [ 4196683.336294556036592, 7502988.196128929033875 ], [ 4196681.87441789265722, 7502985.714354832656682 ], [ 4196668.390923707745969, 7502963.274052113294601 ], [ 4196666.885956764221191, 7502960.818169267848134 ], [ 4196653.01287910155952, 7502938.616604059003294 ], [ 4196651.465280307456851, 7502936.18736055213958 ], [ 4196637.206844561733305, 7502914.231294906698167 ], [ 4196635.617085328325629, 7502911.829430707730353 ], [ 4196620.977635325863957, 7502890.1255535306409 ], [ 4196619.346199911087751, 7502887.751800271682441 ], [ 4196604.330194132402539, 7502866.306721553206444 ], [ 4196602.657579485327005, 7502863.961802302859724 ], [ 4196587.269593155942857, 7502842.782056132331491 ], [ 4196585.556308773346245, 7502840.466685174964368 ], [ 4196569.80102825909853, 7502819.558721755631268 ], [ 4196568.047596022486687, 7502817.273604375310242 ], [ 4196551.929820979014039, 7502796.643793075345457 ], [ 4196550.136775001883507, 7502794.389625341631472 ], [ 4196533.661414722912014, 7502774.044249777682126 ], [ 4196531.829301184043288, 7502771.821718332357705 ], [ 4196515.001374568790197, 7502751.766976329497993 ], [ 4196513.130751547403634, 7502749.576758176088333 ], [ 4196495.955384102649987, 7502729.818758085370064 ], [ 4196494.046821407973766, 7502727.661520386114717 ], [ 4196476.529245625250041, 7502708.206281493417919 ], [ 4196474.583324626088142, 7502706.082681364379823 ], [ 4196456.728875819593668, 7502686.936129129491746 ], [ 4196454.746189259923995, 7502684.846813438460231 ], [ 4196436.56030672416091, 7502666.014780787751079 ], [ 4196434.541458551771939, 7502663.960385961458087 ], [ 4196416.029680866748095, 7502645.448608276434243 ], [ 4196413.975286040455103, 7502643.429760104045272 ], [ 4196395.143253389745951, 7502625.243877568282187 ], [ 4196393.053937698714435, 7502623.261191008612514 ], [ 4196373.907385463826358, 7502605.406742202118039 ], [ 4196371.783785334788263, 7502603.46082120295614 ], [ 4196352.328546442091465, 7502585.943245420232415 ], [ 4196350.171308742836118, 7502584.034682725556195 ], [ 4196330.413308652117848, 7502566.859315280802548 ], [ 4196328.223090498708189, 7502564.988692259415984 ], [ 4196308.168348495848477, 7502548.160765644162893 ], [ 4196305.945817050524056, 7502546.328652105294168 ], [ 4196285.600441486574709, 7502529.853291826322675 ], [ 4196283.346273752860725, 7502528.060245849192142 ], [ 4196262.716462452895939, 7502511.942470805719495 ], [ 4196260.431345072574914, 7502510.189038569107652 ], [ 4196239.523381653241813, 7502494.433758054859936 ], [ 4196237.208010695874691, 7502492.720473672263324 ], [ 4196216.028264525346458, 7502477.332487342879176 ], [ 4196213.683345274999738, 7502475.659872695803642 ], [ 4196192.23826655652374, 7502460.64386691711843 ], [ 4196189.864513297565281, 7502459.012431502342224 ], [ 4196168.160636120475829, 7502444.372981499880552 ], [ 4196165.758771921508014, 7502442.783222266472876 ], [ 4196143.802706276066601, 7502428.524786520749331 ], [ 4196141.373462769202888, 7502426.977187726646662 ], [ 4196119.171897560358047, 7502413.10411006398499 ], [ 4196116.71601471491158, 7502411.599143120460212 ], [ 4196094.2757119955495, 7502398.115648935548961 ], [ 4196091.793937899172306, 7502396.65377227216959 ], [ 4196069.121733678504825, 7502383.56396906170994 ], [ 4196066.614824302494526, 7502382.145627979189157 ], [ 4196043.717624508775771, 7502369.453502878546715 ], [ 4196041.186343481764197, 7502368.079129417426884 ], [ 4196018.071122743189335, 7502355.788548537530005 ], [ 4196015.516241118311882, 7502354.458561345934868 ], [ 4195992.190041094087064, 7502342.573268795385957 ], [ 4195989.61233711335808, 7502341.288072999566793 ], [ 4195966.082262502983212, 7502329.811688802205026 ], [ 4195963.48252135887742, 7502328.571675885468721 ], [ 4195939.75574063975364, 7502317.507696330547333 ], [ 4195937.134754240512848, 7502316.313244012184441 ], [ 4195913.218492897227407, 7502305.665038417093456 ], [ 4195910.577059618197381, 7502304.516510540619493 ], [ 4195886.478605118580163, 7502294.287323500029743 ], [ 4195883.817529568448663, 7502293.185069916769862 ], [ 4195859.5442213434726, 7502283.378016805276275 ], [ 4195856.864314110018313, 7502282.322373271919787 ], [ 4195832.423545725643635, 7502272.940441298298538 ], [ 4195829.725623135454953, 7502271.931729375384748 ], [ 4195805.124840093776584, 7502262.977776608429849 ], [ 4195802.409723959863186, 7502262.016303558833897 ], [ 4195777.656419610604644, 7502253.493057352490723 ], [ 4195774.924936982803047, 7502252.579116050153971 ], [ 4195750.026651718653738, 7502244.489172765985131 ], [ 4195747.279634634964168, 7502243.623041606508195 ], [ 4195722.24395243730396, 7502235.968865428119898 ], [ 4195719.482237664051354, 7502235.150808243080974 ], [ 4195694.316785064525902, 7502227.934730826877058 ], [ 4195691.541213846765459, 7502227.164996803738177 ], [ 4195666.253655171953142, 7502220.389215878210962 ], [ 4195663.46507297642529, 7502219.668039487674832 ], [ 4195638.063113312236965, 7502213.334619616158307 ], [ 4195635.26236956845969, 7502212.662220533005893 ], [ 4195609.753744276240468, 7502206.773090351372957 ], [ 4195606.94169211667031, 7502206.149673396721482 ], [ 4195581.334173044189811, 7502200.706627190113068 ], [ 4195578.511669047176838, 7502200.132382261566818 ], [ 4195552.813055324368179, 7502195.137077782303095 ], [ 4195549.980959253385663, 7502194.612179801799357 ], [ 4195524.199080104008317, 7502190.066138896159828 ], [ 4195521.358254642225802, 7502189.590747751295567 ], [ 4195495.500962403602898, 7502185.495354991406202 ], [ 4195492.652272893115878, 7502185.0696154916659 ], [ 4195466.727444715797901, 7502181.426118499599397 ], [ 4195463.871758895926178, 7502181.050160328857601 ], [ 4195437.887291122227907, 7502177.859668862074614 ], [ 4195435.025478862226009, 7502177.533606541343033 ], [ 4195408.98928689211607, 7502174.79709249548614 ], [ 4195406.122219928540289, 7502174.521025346592069 ], [ 4195380.042234984226525, 7502172.239322317764163 ], [ 4195377.170786651782691, 7502172.01333443261683 ], [ 4195351.054951891303062, 7502170.187137368135154 ], [ 4195348.179996863007545, 7502170.011297586373985 ], [ 4195322.036269169300795, 7502168.641162876039743 ], [ 4195319.158683181740344, 7502168.515524758026004 ], [ 4195292.995024120435119, 7502167.601869651116431 ], [ 4195290.115683716721833, 7502167.526471469551325 ], [ 4195263.940064800903201, 7502167.069574343040586 ], [ 4195261.059847055003047, 7502167.044439063407481 ], [ 4195234.880240397527814, 7502167.044439063407481 ], [ 4195232.00002265162766, 7502167.069574343040586 ], [ 4195205.824403735809028, 7502167.526471469551325 ], [ 4195202.945063332095742, 7502167.601869651116431 ], [ 4195176.781404270790517, 7502168.515524758026004 ], [ 4195173.903818283230066, 7502168.641162876039743 ], [ 4195147.760090589523315, 7502170.011297586373985 ], [ 4195144.885135561227798, 7502170.187137368135154 ], [ 4195118.769300800748169, 7502172.01333443261683 ], [ 4195115.897852468304336, 7502172.239322317764163 ], [ 4195089.817867523990571, 7502174.521025346592069 ], [ 4195086.950800560414791, 7502174.79709249548614 ], [ 4195060.914608590304852, 7502177.533606541343033 ], [ 4195058.052796330302954, 7502177.859668862074614 ], [ 4195032.068328556604683, 7502181.050160328857601 ], [ 4195029.21264273673296, 7502181.426118499599397 ], [ 4195003.287814559414983, 7502185.0696154916659 ], [ 4195000.439125048927963, 7502185.495354991406202 ], [ 4194974.581832810305059, 7502189.590747751295567 ], [ 4194971.741007348522544, 7502190.066138896159828 ], [ 4194945.959128199145198, 7502194.612179801799357 ], [ 4194943.127032128162682, 7502195.137077782303095 ], [ 4194917.428418405354023, 7502200.132382261566818 ], [ 4194914.60591440834105, 7502200.706627190113068 ], [ 4194888.99839533586055, 7502206.149673396721482 ], [ 4194886.186343176290393, 7502206.773090351372957 ], [ 4194860.677717884071171, 7502212.662220533005893 ], [ 4194857.876974140293896, 7502213.334619616158307 ], [ 4194832.475014476105571, 7502219.668039487674832 ], [ 4194829.686432280577719, 7502220.389215878210962 ], [ 4194804.398873605765402, 7502227.164996803738177 ], [ 4194801.623302388004959, 7502227.934730826877058 ], [ 4194776.457849788479507, 7502235.150808243080974 ], [ 4194773.696135015226901, 7502235.968865428119898 ], [ 4194748.660452817566693, 7502243.623041606508195 ], [ 4194745.913435733877122, 7502244.489172765985131 ], [ 4194721.015150469727814, 7502252.579116050153971 ], [ 4194718.283667841926217, 7502253.493057352490723 ], [ 4194693.530363492667675, 7502262.016303558833897 ], [ 4194690.815247358754277, 7502262.977776608429849 ], [ 4194666.214464317075908, 7502271.931729375384748 ], [ 4194663.516541726887226, 7502272.940441298298538 ], [ 4194639.075773342512548, 7502282.322373271919787 ], [ 4194636.395866109058261, 7502283.378016805276275 ], [ 4194612.122557884082198, 7502293.185069916769862 ], [ 4194609.461482333950698, 7502294.287323500029743 ], [ 4194585.363027834333479, 7502304.516510540619493 ], [ 4194582.721594555303454, 7502305.665038417093456 ], [ 4194558.805333212018013, 7502316.313244012184441 ], [ 4194556.184346812777221, 7502317.507696330547333 ], [ 4194532.45756609365344, 7502328.571675885468721 ], [ 4194529.857824949547648, 7502329.811688802205026 ], [ 4194506.327750339172781, 7502341.288072999566793 ], [ 4194503.750046358443797, 7502342.573268795385957 ], [ 4194480.423846334218979, 7502354.458561345934868 ], [ 4194477.868964709341526, 7502355.788548537530005 ], [ 4194454.753743970766664, 7502368.079129417426884 ], [ 4194452.22246294375509, 7502369.453502878546715 ], [ 4194429.325263150036335, 7502382.145627979189157 ], [ 4194426.818353774026036, 7502383.56396906170994 ], [ 4194404.146149553358555, 7502396.65377227216959 ], [ 4194401.664375456981361, 7502398.115648935548961 ], [ 4194379.224072737619281, 7502411.599143120460212 ], [ 4194376.768189892172813, 7502413.10411006398499 ], [ 4194354.566624683327973, 7502426.977187726646662 ], [ 4194352.13738117646426, 7502428.524786520749331 ], [ 4194330.181315531022847, 7502442.783222266472876 ], [ 4194327.779451332055032, 7502444.372981499880552 ], [ 4194306.07557415496558, 7502459.012431502342224 ], [ 4194303.701820896007121, 7502460.64386691711843 ], [ 4194282.256742177531123, 7502475.659872695803642 ], [ 4194279.911822927184403, 7502477.332487342879176 ], [ 4194258.73207675665617, 7502492.720473672263324 ], [ 4194256.416705799289048, 7502494.433758054859936 ], [ 4194235.508742379955947, 7502510.189038569107652 ], [ 4194233.223624999634922, 7502511.942470805719495 ], [ 4194212.593813700135797, 7502528.060245849192142 ], [ 4194210.339645966421813, 7502529.853291826322675 ], [ 4194189.994270401541144, 7502546.328652105294168 ], [ 4194187.771738956216723, 7502548.160765644162893 ], [ 4194167.716996953822672, 7502564.988692259415984 ], [ 4194165.526778800413013, 7502566.859315280802548 ], [ 4194145.768778710160404, 7502584.034682725556195 ], [ 4194143.611541010905057, 7502585.943245420232415 ], [ 4194124.156302117742598, 7502603.46082120295614 ], [ 4194122.032701988704503, 7502605.406742202118039 ], [ 4194102.886149753816426, 7502623.261191008612514 ], [ 4194100.79683406278491, 7502625.243877568282187 ], [ 4194081.964801165275276, 7502643.429760346189141 ], [ 4194079.910406338982284, 7502645.448608519509435 ], [ 4194061.39862913871184, 7502663.960385719314218 ], [ 4194059.379780966322869, 7502666.014780544675887 ], [ 4194041.193898193072528, 7502684.846813438460231 ], [ 4194039.211211633402854, 7502686.936129129491746 ], [ 4194021.35676282690838, 7502706.082681364379823 ], [ 4194019.410841827746481, 7502708.206281493417919 ], [ 4194001.893266044557095, 7502727.661520386114717 ], [ 4193999.984703349880874, 7502729.818758085370064 ], [ 4193982.809335905127227, 7502749.576758176088333 ], [ 4193980.938712883740664, 7502751.766976329497993 ], [ 4193964.110786268487573, 7502771.821718332357705 ], [ 4193962.278672729618847, 7502774.044249777682126 ], [ 4193945.803312450647354, 7502794.389625341631472 ], [ 4193944.010266473516822, 7502796.643793075345457 ], [ 4193927.892491429578513, 7502817.273604375310242 ], [ 4193926.13905919296667, 7502819.558721755631268 ], [ 4193910.383778679650277, 7502840.466685174964368 ], [ 4193908.670494297053665, 7502842.782056132331491 ], [ 4193893.282507967203856, 7502863.961802302859724 ], [ 4193891.609893320128322, 7502866.306721553206444 ], [ 4193876.593887541908771, 7502887.751800271682441 ], [ 4193874.962452127132565, 7502890.1255535306409 ], [ 4193860.323002124670893, 7502911.829430707730353 ], [ 4193858.733242891263217, 7502914.231294906698167 ], [ 4193844.47480714507401, 7502936.18736055213958 ], [ 4193842.927208350971341, 7502938.616604059003294 ], [ 4193829.054130688309669, 7502960.818169267848134 ], [ 4193827.549163744784892, 7502963.274052113294601 ], [ 4193814.065669560339302, 7502985.714354832656682 ], [ 4193812.603792896959931, 7502988.196128929033875 ], [ 4193799.513989685568959, 7503010.868333149701357 ], [ 4193798.095648603048176, 7503013.375242525711656 ], [ 4193785.403523503337055, 7503036.272442319430411 ], [ 4193784.029150042217225, 7503038.803723346441984 ], [ 4193771.738569161854684, 7503061.918944085016847 ], [ 4193770.408581970259547, 7503064.4738257098943 ], [ 4193758.523289419244975, 7503087.800025734119117 ], [ 4193757.238093623425812, 7503090.377729714848101 ], [ 4193745.761709426064044, 7503113.907804325222969 ], [ 4193744.521696509327739, 7503116.507545469328761 ], [ 4193733.457716954406351, 7503140.234326188452542 ], [ 4193732.263264636043459, 7503142.855312587693334 ], [ 4193721.615059041418135, 7503166.771573930978775 ], [ 4193720.466531164944172, 7503169.4130072100088 ], [ 4193710.237344124354422, 7503193.511461709626019 ], [ 4193709.135090541094542, 7503196.172537259757519 ], [ 4193699.328037429135293, 7503220.445845484733582 ], [ 4193698.272393895778805, 7503223.125752718187869 ], [ 4193688.890461922157556, 7503247.566521102562547 ], [ 4193687.881749999243766, 7503250.264443692751229 ], [ 4193678.927797232754529, 7503274.865226734429598 ], [ 4193677.966324183158576, 7503277.580342868342996 ], [ 4193669.443077976349741, 7503302.333647217601538 ], [ 4193668.529136674012989, 7503305.065129845403135 ], [ 4193660.439193390775472, 7503329.963415109552443 ], [ 4193659.573062231298536, 7503332.710432193242013 ], [ 4193651.918886052444577, 7503357.746114390902221 ], [ 4193651.100828867405653, 7503360.507829164154828 ], [ 4193643.884751451201737, 7503385.673281763680279 ], [ 4193643.115017428062856, 7503388.448852981440723 ], [ 4193636.33923650206998, 7503413.73641165625304 ], [ 4193635.61806011153385, 7503416.524993851780891 ], [ 4193629.284640240482986, 7503441.926953515969217 ], [ 4193628.612241157330573, 7503444.727697259746492 ], [ 4193622.723110975697637, 7503470.236322551965714 ], [ 4193622.099694021046162, 7503473.048374711535871 ], [ 4193616.656647814437747, 7503498.655893784016371 ], [ 4193616.082402885891497, 7503501.478397781029344 ], [ 4193611.087098407093436, 7503527.177011503838003 ], [ 4193610.562200426589698, 7503530.009107574820518 ], [ 4193606.016159520484507, 7503555.790986724197865 ], [ 4193605.540768375620246, 7503558.63181218598038 ], [ 4193601.445375615730882, 7503584.489104424603283 ], [ 4193601.019636115990579, 7503587.337793935090303 ], [ 4193597.376139124389738, 7503613.26262211240828 ], [ 4193597.000180953647941, 7503616.118307932280004 ], [ 4193593.809689486399293, 7503642.102775705978274 ], [ 4193593.483627165667713, 7503644.964587965980172 ], [ 4193590.74711311981082, 7503671.000779936090112 ], [ 4193590.471045970916748, 7503673.867846899665892 ], [ 4193588.189342942554504, 7503699.947831843979657 ], [ 4193587.963355057407171, 7503702.81928017642349 ], [ 4193586.137157992459834, 7503728.935114936903119 ], [ 4193585.961318210698664, 7503731.810069965198636 ], [ 4193584.591183500364423, 7503757.953797658905387 ], [ 4193584.465545382350683, 7503760.831383646465838 ], [ 4193583.551890274975449, 7503786.995042707771063 ], [ 4193583.476492093410343, 7503789.874383111484349 ], [ 4193583.019594966899604, 7503816.05000202730298 ], [ 4193582.994459687266499, 7503818.930219773203135 ], [ 4193582.994459687266499, 7503845.109826430678368 ], [ 4193583.019594966899604, 7503847.990044176578522 ], [ 4193583.476492093410343, 7503874.165663092397153 ], [ 4193583.551890274975449, 7503877.045003496110439 ], [ 4193584.465545382350683, 7503903.208662557415664 ], [ 4193584.591183500364423, 7503906.086248544976115 ], [ 4193585.961318210698664, 7503932.229976238682866 ], [ 4193586.137157992459834, 7503935.104931266978383 ], [ 4193587.963355057407171, 7503961.220766027458012 ], [ 4193588.189342942554504, 7503964.092214359901845 ], [ 4193590.471045970916748, 7503990.17219930421561 ], [ 4193590.74711311981082, 7503993.03926626779139 ], [ 4193593.483627165667713, 7504019.07545823790133 ], [ 4193593.809689486399293, 7504021.937270497903228 ], [ 4193597.000180953647941, 7504047.921738271601498 ], [ 4193597.376139124389738, 7504050.777424091473222 ], [ 4193601.019636115990579, 7504076.702252268791199 ], [ 4193601.445375615730882, 7504079.550941779278219 ], [ 4193605.540768375620246, 7504105.408234017901123 ], [ 4193606.016159520484507, 7504108.249059479683638 ], [ 4193610.562200426589698, 7504134.030938629060984 ], [ 4193611.087098407093436, 7504136.863034700043499 ], [ 4193616.082402885891497, 7504162.561648422852159 ], [ 4193616.656647814437747, 7504165.384152419865131 ], [ 4193622.099694021046162, 7504190.991671492345631 ], [ 4193622.723110975697637, 7504193.803723651915789 ], [ 4193628.612241157330573, 7504219.31234894413501 ], [ 4193629.284640240482986, 7504222.113092687912285 ], [ 4193635.61806011153385, 7504247.515052352100611 ], [ 4193636.33923650206998, 7504250.303634547628462 ], [ 4193643.115017428062856, 7504275.591193222440779 ], [ 4193643.884751451201737, 7504278.366764440201223 ], [ 4193651.100828867405653, 7504303.532217039726675 ], [ 4193651.918886052444577, 7504306.293931812979281 ], [ 4193659.573062231298536, 7504331.329614010639489 ], [ 4193660.439193390775472, 7504334.076631094329059 ], [ 4193668.529136674012989, 7504358.974916358478367 ], [ 4193669.443077976349741, 7504361.706398986279964 ], [ 4193677.966324183158576, 7504386.459703335538507 ], [ 4193678.927797232754529, 7504389.174819469451904 ], [ 4193687.881749999243766, 7504413.775602511130273 ], [ 4193688.890461922157556, 7504416.473525101318955 ], [ 4193698.272393895778805, 7504440.914293485693634 ], [ 4193699.328037429135293, 7504443.594200719147921 ], [ 4193709.135090541094542, 7504467.867508944123983 ], [ 4193710.237344124354422, 7504470.528584494255483 ], [ 4193720.466531164944172, 7504494.627038993872702 ], [ 4193721.615059041418135, 7504497.268472272902727 ], [ 4193732.263264636043459, 7504521.184733616188169 ], [ 4193733.457716954406351, 7504523.80572001542896 ], [ 4193744.521696509327739, 7504547.532500734552741 ], [ 4193745.761709426064044, 7504550.132241878658533 ], [ 4193757.238093623425812, 7504573.662316489033401 ], [ 4193758.523289419244975, 7504576.240020469762385 ], [ 4193770.408581970259547, 7504599.566220493987203 ], [ 4193771.738569161854684, 7504602.121102118864655 ], [ 4193784.029150042217225, 7504625.236322857439518 ], [ 4193785.403523503337055, 7504627.767603884451091 ], [ 4193798.095648603048176, 7504650.664803678169847 ], [ 4193799.513989685568959, 7504653.171713054180145 ], [ 4193812.603792896959931, 7504675.843917274847627 ], [ 4193814.065669560339302, 7504678.325691371224821 ], [ 4193827.549163744784892, 7504700.765994090586901 ], [ 4193829.054130688309669, 7504703.221876936033368 ], [ 4193842.927208350971341, 7504725.423442144878209 ], [ 4193844.47480714507401, 7504727.852685651741922 ], [ 4193858.733242891263217, 7504749.808751297183335 ], [ 4193860.323002124670893, 7504752.210615496151149 ], [ 4193874.962452127132565, 7504773.914492673240602 ], [ 4193876.593887541908771, 7504776.288245932199061 ], [ 4193891.609893320128322, 7504797.733324650675058 ], [ 4193893.282507967203856, 7504800.078243901021779 ], [ 4193908.670494297053665, 7504821.257990071550012 ], [ 4193910.383778679650277, 7504823.573361028917134 ], [ 4193926.13905919296667, 7504844.481324448250234 ], [ 4193927.892491429578513, 7504846.76644182857126 ], [ 4193944.010266473516822, 7504867.396253128536046 ], [ 4193945.803312450647354, 7504869.65042086225003 ], [ 4193962.278672729618847, 7504889.995796426199377 ], [ 4193964.110786268487573, 7504892.218327871523798 ], [ 4193980.938712883740664, 7504912.273069874383509 ], [ 4193982.809335905127227, 7504914.463288027793169 ], [ 4193999.984703349880874, 7504934.221288118511438 ], [ 4194001.893266044557095, 7504936.378525817766786 ], [ 4194019.410841827746481, 7504955.833764710463583 ], [ 4194021.35676282690838, 7504957.957364839501679 ], [ 4194039.211211633402854, 7504977.103917074389756 ], [ 4194041.193898193072528, 7504979.193232765421271 ], [ 4194059.379780728369951, 7504998.025265416130424 ], [ 4194061.398628900758922, 7505000.079660242423415 ], [ 4194079.910406585782766, 7505018.591437927447259 ], [ 4194081.964801412075758, 7505020.61028609983623 ], [ 4194100.79683406278491, 7505038.796168635599315 ], [ 4194102.886149753816426, 7505040.778855195268989 ], [ 4194122.032701988704503, 7505058.633304001763463 ], [ 4194124.156302117742598, 7505060.579225000925362 ], [ 4194143.611541010905057, 7505078.096800783649087 ], [ 4194145.768778710160404, 7505080.005363478325307 ], [ 4194165.526778800413013, 7505097.180730923078954 ], [ 4194167.716996953822672, 7505099.051353944465518 ], [ 4194187.771738956216723, 7505115.879280559718609 ], [ 4194189.994270401541144, 7505117.711394098587334 ], [ 4194210.339645966421813, 7505134.186754377558827 ], [ 4194212.593813700135797, 7505135.97980035468936 ], [ 4194233.223624999634922, 7505152.097575398162007 ], [ 4194235.508742379955947, 7505153.85100763477385 ], [ 4194256.416705799289048, 7505169.606288149021566 ], [ 4194258.73207675665617, 7505171.319572531618178 ], [ 4194279.911822927184403, 7505186.707558861002326 ], [ 4194282.256742177531123, 7505188.38017350807786 ], [ 4194303.701820896007121, 7505203.396179286763072 ], [ 4194306.07557415496558, 7505205.027614701539278 ], [ 4194327.779451332055032, 7505219.66706470400095 ], [ 4194330.181315531022847, 7505221.256823937408626 ], [ 4194352.13738117646426, 7505235.515259683132172 ], [ 4194354.566624683327973, 7505237.06285847723484 ], [ 4194376.768189892172813, 7505250.935936139896512 ], [ 4194379.224072737619281, 7505252.44090308342129 ], [ 4194401.664375456981361, 7505265.924397268332541 ], [ 4194404.146149553358555, 7505267.386273931711912 ], [ 4194426.818353774026036, 7505280.476077142171562 ], [ 4194429.325263150036335, 7505281.894418224692345 ], [ 4194452.22246294375509, 7505294.586543325334787 ], [ 4194454.753743970766664, 7505295.960916786454618 ], [ 4194477.868964709341526, 7505308.251497666351497 ], [ 4194480.423846334218979, 7505309.581484857946634 ], [ 4194503.750046358443797, 7505321.466777408495545 ], [ 4194506.327750339172781, 7505322.751973204314709 ], [ 4194529.857824949547648, 7505334.228357401676476 ], [ 4194532.45756609365344, 7505335.468370318412781 ], [ 4194556.184346812777221, 7505346.532349873334169 ], [ 4194558.805333212018013, 7505347.726802191697061 ], [ 4194582.721594555303454, 7505358.375007786788046 ], [ 4194585.363027834333479, 7505359.52353566326201 ], [ 4194609.461482333950698, 7505369.752722703851759 ], [ 4194612.122557884082198, 7505370.85497628711164 ], [ 4194636.395866109058261, 7505380.662029398605227 ], [ 4194639.075773342512548, 7505381.717672931961715 ], [ 4194663.516541726887226, 7505391.099604905582964 ], [ 4194666.214464317075908, 7505392.108316828496754 ], [ 4194690.815247358754277, 7505401.062269595451653 ], [ 4194693.530363492667675, 7505402.023742645047605 ], [ 4194718.283667841926217, 7505410.546988851390779 ], [ 4194721.015150469727814, 7505411.460930153727531 ], [ 4194745.913435733877122, 7505419.550873437896371 ], [ 4194748.660452817566693, 7505420.417004597373307 ], [ 4194773.696135015226901, 7505428.071180775761604 ], [ 4194776.457849788479507, 7505428.889237960800529 ], [ 4194801.623302388004959, 7505436.105315377004445 ], [ 4194804.398873605765402, 7505436.875049400143325 ], [ 4194829.686432280577719, 7505443.65083032567054 ], [ 4194832.475014476105571, 7505444.37200671620667 ], [ 4194857.876974140293896, 7505450.705426587723196 ], [ 4194860.677717884071171, 7505451.377825670875609 ], [ 4194886.186343176290393, 7505457.266955852508545 ], [ 4194888.99839533586055, 7505457.89037280716002 ], [ 4194914.60591440834105, 7505463.333419013768435 ], [ 4194917.428418405354023, 7505463.907663942314684 ], [ 4194943.127032128162682, 7505468.902968421578407 ], [ 4194945.959128199145198, 7505469.427866402082145 ], [ 4194971.741007348522544, 7505473.973907307721674 ], [ 4194974.581832810305059, 7505474.449298452585936 ], [ 4195000.439125048927963, 7505478.5446912124753 ], [ 4195003.287814559414983, 7505478.970430712215602 ], [ 4195029.21264273673296, 7505482.613927704282105 ], [ 4195032.068328556604683, 7505482.989885875023901 ], [ 4195058.052796330302954, 7505486.180377341806889 ], [ 4195060.914608590304852, 7505486.506439662538469 ], [ 4195086.950800560414791, 7505489.242953708395362 ], [ 4195089.817867523990571, 7505489.519020857289433 ], [ 4195115.897852468304336, 7505491.800723886117339 ], [ 4195118.769300800748169, 7505492.026711771264672 ], [ 4195144.885135561227798, 7505493.852908835746348 ], [ 4195147.760090589523315, 7505494.028748617507517 ], [ 4195173.903818283230066, 7505495.398883327841759 ], [ 4195176.781404270790517, 7505495.524521445855498 ], [ 4195202.945063332095742, 7505496.438176552765071 ], [ 4195205.824403735809028, 7505496.513574734330177 ], [ 4195232.00002265162766, 7505496.970471860840917 ], [ 4195234.880240397527814, 7505496.995607140474021 ] ] ] ] } },
{ "type": "Feature", "properties": { "id": null }, "geometry": { "type": "MultiPolygon", "coordinates": [ [ [ [ 4195554.561755092814565, 7505449.427914397791028 ], [ 4195580.741361679509282, 7505449.427914397791028 ], [ 4195593.520059175789356, 7505449.316396393813193 ], [ 4195619.69567830953747, 7505448.859499261714518 ], [ 4195632.470483290962875, 7505448.524979220703244 ], [ 4195658.634141926653683, 7505447.611324128694832 ], [ 4195671.401163063943386, 7505447.053903947584331 ], [ 4195697.54489132296294, 7505445.683769207447767 ], [ 4195710.300239657983184, 7505444.903618682175875 ], [ 4195736.416073912754655, 7505443.077421651221812 ], [ 4195749.155864041298628, 7505442.074778423644602 ], [ 4195775.235849257558584, 7505439.793075372464955 ], [ 4195787.956200517714024, 7505438.568244856782258 ], [ 4195813.992392304353416, 7505435.831730830483139 ], [ 4195826.689429953694344, 7505434.385086122900248 ], [ 4195852.673897683620453, 7505431.194594662636518 ], [ 4195865.343754081055522, 7505429.526576424017549 ], [ 4195891.268582544289529, 7505425.883079391904175 ], [ 4195903.907398328185081, 7505423.994195716455579 ], [ 4195929.764690308831632, 7505419.898802997544408 ], [ 4195942.368615575134754, 7505417.78962925914675 ], [ 4195968.150495029054582, 7505413.243588298559189 ], [ 4195980.715690499171615, 7505410.914766971021891 ], [ 4196006.414303966797888, 7505405.919462541118264 ], [ 4196018.936942160129547, 7505403.37170300539583 ], [ 4196044.5444614328444, 7505397.928656755015254 ], [ 4196057.02072783280164, 7505395.162735084071755 ], [ 4196082.529352584853768, 7505389.273605030030012 ], [ 4196094.955446800217032, 7505386.290363751351833 ], [ 4196120.35740721039474, 7505379.956943694502115 ], [ 4196132.729544132016599, 7505376.757291530258954 ], [ 4196158.017102101817727, 7505369.981510792858899 ], [ 4196170.331513056531549, 7505366.566422389820218 ], [ 4196195.496966038830578, 7505359.350344867445529 ], [ 4196207.749899938702583, 7505355.720860493369401 ], [ 4196232.785582123324275, 7505348.066684317775071 ], [ 4196244.97330660559237, 7505344.223909549415112 ], [ 4196269.871592025272548, 7505336.13396621402353 ], [ 4196281.990394590422511, 7505332.079071597196162 ], [ 4196306.743698787875473, 7505323.555825441144407 ], [ 4196318.789887932129204, 7505319.290046136826277 ], [ 4196343.390670886263251, 7505310.336093402467668 ], [ 4196355.360577223822474, 7505305.860728808678687 ], [ 4196379.801345575600863, 7505296.478796849958599 ], [ 4196391.691322956234217, 7505291.795210204087198 ], [ 4196415.964631247334182, 7505281.988157066516578 ], [ 4196427.771057869307697, 7505277.097775037400424 ], [ 4196451.869512824341655, 7505266.868587800301611 ], [ 4196463.588792335242033, 7505261.772900043055415 ], [ 4196487.505052914842963, 7505251.124694786965847 ], [ 4196499.133615508675575, 7505245.825253498740494 ], [ 4196522.860396738164127, 7505234.761273708194494 ], [ 4196534.394700243137777, 7505229.259693149477243 ], [ 4196557.924774655140936, 7505217.783309047110379 ], [ 4196569.361305609345436, 7505212.081265053711832 ], [ 4196592.687505837529898, 7505200.19597239792347 ], [ 4196604.022780562750995, 7505194.29520186688751 ], [ 4196627.138001123443246, 7505182.004621079191566 ], [ 4196638.36856678687036, 7505175.906921441666782 ], [ 4196661.265766465105116, 7505163.214796407148242 ], [ 4196672.388202126137912, 7505156.922025083564222 ], [ 4196695.060406514443457, 7505143.832221777178347 ], [ 4196706.071324171498418, 7505137.346295604482293 ], [ 4196728.511626737192273, 7505123.862801513634622 ], [ 4196739.407672359608114, 7505117.185696168802679 ], [ 4196761.609237768687308, 7505103.312618380412459 ], [ 4196772.387092313729227, 7505096.446367775090039 ], [ 4196794.343157828785479, 7505082.187932113185525 ], [ 4196804.999538257718086, 7505075.134627772495151 ], [ 4196826.703415685333312, 7505060.495177598670125 ], [ 4196837.235075961798429, 7505053.25696802791208 ], [ 4196858.680154092609882, 7505038.240962663665414 ], [ 4196869.08388617169112, 7505030.820052691735327 ], [ 4196890.263632784597576, 7505015.432066044770181 ], [ 4196900.53626758698374, 7505007.83071615267545 ], [ 4196921.444230923429132, 7504992.075435700826347 ], [ 4196931.582639306783676, 7504984.295961333438754 ], [ 4196952.212450832128525, 7504968.17818611022085 ], [ 4196962.213544537313282, 7504960.222956970334053 ], [ 4196982.558919887989759, 7504943.747596862725914 ], [ 4196992.419652487151325, 7504935.619036191143095 ], [ 4197012.474394670687616, 7504918.791109421290457 ], [ 4197022.191762486472726, 7504910.491693255491555 ], [ 4197041.949762220494449, 7504893.316326120868325 ], [ 4197051.5208052508533, 7504884.848582544364035 ], [ 4197070.976044344715774, 7504867.331006582826376 ], [ 4197080.397847156971693, 7504858.697514951229095 ], [ 4197099.544399339705706, 7504840.843066193163395 ], [ 4197108.814091959968209, 7504832.046456351876259 ], [ 4197127.646124922670424, 7504813.860573511570692 ], [ 4197136.760883713141084, 7504804.903524992987514 ], [ 4197155.272660849615932, 7504786.391747856512666 ], [ 4197164.22970936819911, 7504777.276989066042006 ], [ 4197182.415592208504677, 7504758.444956103339791 ], [ 4197191.212202049791813, 7504749.175263483077288 ], [ 4197209.066650807857513, 7504730.028711300343275 ], [ 4197217.700142439454794, 7504720.606908488087356 ], [ 4197235.217718400992453, 7504701.151669394224882 ], [ 4197243.685461977496743, 7504691.580626363866031 ], [ 4197260.860829112119973, 7504671.822626629844308 ], [ 4197269.160245277918875, 7504662.105258814059198 ], [ 4197285.988172047771513, 7504642.050516630522907 ], [ 4197294.116732719354331, 7504632.189784031361341 ], [ 4197310.592092826962471, 7504611.844408680684865 ], [ 4197318.547321966849267, 7504601.843314975500107 ], [ 4197334.665097190067172, 7504581.213503450155258 ], [ 4197342.444571557454765, 7504571.075095066800714 ], [ 4197358.199852009303868, 7504550.167131730355322 ], [ 4197365.801201901398599, 7504539.894496927969158 ], [ 4197381.189188548363745, 7504518.714750315062702 ], [ 4197388.610098520293832, 7504508.311018235981464 ], [ 4197403.626103884540498, 7504486.865940105170012 ], [ 4197410.864313455298543, 7504476.334279828704894 ], [ 4197425.503763629123569, 7504454.630402401089668 ], [ 4197432.557067969813943, 7504443.974021972157061 ], [ 4197446.815503631718457, 7504422.017956457100809 ], [ 4197453.681754237040877, 7504411.24010191205889 ], [ 4197467.554832025431097, 7504389.038536502979696 ], [ 4197474.23193737026304, 7504378.142490880563855 ], [ 4197487.715431461110711, 7504355.70218831487 ], [ 4197494.201357633806765, 7504344.691270657815039 ], [ 4197507.29116094019264, 7504322.019066269509494 ], [ 4197513.58393226377666, 7504310.896630608476698 ], [ 4197526.2760572982952, 7504287.999430930241942 ], [ 4197532.373756935819983, 7504276.768865266814828 ], [ 4197544.664337723515928, 7504253.653644706122577 ], [ 4197550.565108254551888, 7504242.31836998090148 ], [ 4197562.45040091034025, 7504218.992169752717018 ], [ 4197568.152444903738797, 7504207.555638798512518 ], [ 4197579.628829006105661, 7504184.025564386509359 ], [ 4197585.130409564822912, 7504172.491260881535709 ], [ 4197596.194389355368912, 7504148.764479652047157 ], [ 4197601.493830643594265, 7504137.135917058214545 ], [ 4197612.142035899683833, 7504113.219656478613615 ], [ 4197617.237723656930029, 7504101.500376967713237 ], [ 4197627.466910894028842, 7504077.401922012679279 ], [ 4197632.357292923144996, 7504065.595495390705764 ], [ 4197642.164346060715616, 7504041.322187099605799 ], [ 4197646.847932706587017, 7504029.432209718972445 ], [ 4197656.229864665307105, 7504004.991441367194057 ], [ 4197660.705229259096086, 7503993.021535029634833 ], [ 4197669.659181993454695, 7503968.420752075500786 ], [ 4197673.924961297772825, 7503956.374562931247056 ], [ 4197682.44820745382458, 7503931.621258733794093 ], [ 4197686.503102070651948, 7503919.50245616864413 ], [ 4197694.59304540604353, 7503894.604170748963952 ], [ 4197698.435820174403489, 7503882.416446266695857 ], [ 4197706.089996349997818, 7503857.380764082074165 ], [ 4197709.719480724073946, 7503845.12783018220216 ], [ 4197716.935558246448636, 7503819.962377199903131 ], [ 4197720.350646649487317, 7503807.647966245189309 ], [ 4197727.126427386887372, 7503782.360408275388181 ], [ 4197730.326079551130533, 7503769.988271353766322 ], [ 4197736.659499607980251, 7503744.586310943588614 ], [ 4197739.64274088665843, 7503732.16021672822535 ], [ 4197745.531870940700173, 7503706.651591976173222 ], [ 4197748.297792611643672, 7503694.175325576215982 ], [ 4197753.740838862024248, 7503668.567806303501129 ], [ 4197756.288598397746682, 7503656.04516811016947 ], [ 4197761.283902827650309, 7503630.346554642543197 ], [ 4197763.612724155187607, 7503617.781359172426164 ], [ 4197768.158765115775168, 7503591.999479718506336 ], [ 4197770.267938854172826, 7503579.395554452203214 ], [ 4197774.363331573083997, 7503553.538262471556664 ], [ 4197776.252215248532593, 7503540.899446687661111 ], [ 4197779.895712280645967, 7503514.974618224427104 ], [ 4197781.563730519264936, 7503502.304761826992035 ], [ 4197784.754221979528666, 7503476.320294097065926 ], [ 4197786.200866687111557, 7503463.623256447724998 ], [ 4197788.937380713410676, 7503437.587064661085606 ], [ 4197790.162211229093373, 7503424.866713400930166 ], [ 4197792.44391428027302, 7503398.78672818467021 ], [ 4197793.44655750785023, 7503386.046938056126237 ], [ 4197795.272754538804293, 7503359.931103801354766 ], [ 4197796.052905064076185, 7503347.175755466334522 ], [ 4197797.423039804212749, 7503321.032027207314968 ], [ 4197797.98045998532325, 7503308.265006070025265 ], [ 4197798.894115077331662, 7503282.101347434334457 ], [ 4197799.228635118342936, 7503269.326542452909052 ], [ 4197799.685532250441611, 7503243.150923319160938 ], [ 4197799.797050254419446, 7503230.372225822880864 ], [ 4197799.797050254419446, 7503204.192619236186147 ], [ 4197799.685532250441611, 7503191.413921739906073 ], [ 4197799.228635118342936, 7503165.238302606157959 ], [ 4197798.894115077331662, 7503152.463497624732554 ], [ 4197797.98045998532325, 7503126.299838989041746 ], [ 4197797.423039804212749, 7503113.532817851752043 ], [ 4197796.052905064076185, 7503087.389089592732489 ], [ 4197795.272754538804293, 7503074.633741257712245 ], [ 4197793.44655750785023, 7503048.517907002940774 ], [ 4197792.44391428027302, 7503035.778116874396801 ], [ 4197790.162211229093373, 7503009.698131658136845 ], [ 4197788.937380713410676, 7502996.977780397981405 ], [ 4197786.200866687111557, 7502970.941588611342013 ], [ 4197784.754221979528666, 7502958.244550962001085 ], [ 4197781.563730519264936, 7502932.260083232074976 ], [ 4197779.895712280645967, 7502919.590226834639907 ], [ 4197776.252215248532593, 7502893.6653983714059 ], [ 4197774.363331573083997, 7502881.026582587510347 ], [ 4197770.267938854172826, 7502855.169290606863797 ], [ 4197768.158765115775168, 7502842.565365340560675 ], [ 4197763.612724155187607, 7502816.783485886640847 ], [ 4197761.283902827650309, 7502804.218290416523814 ], [ 4197756.288598397746682, 7502778.519676948897541 ], [ 4197753.740838862024248, 7502765.997038755565882 ], [ 4197748.297792611643672, 7502740.389519482851028 ], [ 4197745.531870940700173, 7502727.913253082893789 ], [ 4197739.64274088665843, 7502702.40462833084166 ], [ 4197736.659499607980251, 7502689.978534115478396 ], [ 4197730.326079551130533, 7502664.576573705300689 ], [ 4197727.126427386887372, 7502652.20443678367883 ], [ 4197720.350646649487317, 7502626.916878813877702 ], [ 4197716.935558246448636, 7502614.60246785916388 ], [ 4197709.719480724073946, 7502589.437014876864851 ], [ 4197706.089996349997818, 7502577.184080976992846 ], [ 4197698.435820174403489, 7502552.148398792371154 ], [ 4197694.59304540604353, 7502539.960674310103059 ], [ 4197686.503102070651948, 7502515.062388890422881 ], [ 4197682.44820745382458, 7502502.943586325272918 ], [ 4197673.924961297772825, 7502478.190282127819955 ], [ 4197669.659181993454695, 7502466.144092983566225 ], [ 4197660.705229259096086, 7502441.543310029432178 ], [ 4197656.229864665307105, 7502429.573403691872954 ], [ 4197646.847932706587017, 7502405.132635340094566 ], [ 4197642.164346060715616, 7502393.242657959461212 ], [ 4197632.357292923144996, 7502368.969349668361247 ], [ 4197627.466910894028842, 7502357.162923046387732 ], [ 4197617.237723656930029, 7502333.064468091353774 ], [ 4197612.142035899683833, 7502321.345188580453396 ], [ 4197601.493830643594265, 7502297.428928000852466 ], [ 4197596.194389355368912, 7502285.800365407019854 ], [ 4197585.130409564822912, 7502262.073584177531302 ], [ 4197579.628829006105661, 7502250.539280672557652 ], [ 4197568.152444903738797, 7502227.009206260554492 ], [ 4197562.45040091034025, 7502215.572675306349993 ], [ 4197550.565108254551888, 7502192.246475078165531 ], [ 4197544.664337723515928, 7502180.911200352944434 ], [ 4197532.373756935819983, 7502157.795979792252183 ], [ 4197526.2760572982952, 7502146.565414128825068 ], [ 4197513.58393226377666, 7502123.668214450590312 ], [ 4197507.29116094019264, 7502112.545778789557517 ], [ 4197494.201357633806765, 7502089.873574401251972 ], [ 4197487.715431461110711, 7502078.862656744197011 ], [ 4197474.23193737026304, 7502056.422354178503156 ], [ 4197467.554832025431097, 7502045.526308556087315 ], [ 4197453.681754237040877, 7502023.324743147008121 ], [ 4197446.815503631718457, 7502012.546888601966202 ], [ 4197432.557067969813943, 7501990.59082308690995 ], [ 4197425.503763629123569, 7501979.934442657977343 ], [ 4197410.864313455298543, 7501958.230565230362117 ], [ 4197403.626103884540498, 7501947.698904953896999 ], [ 4197388.610098520293832, 7501926.253826823085546 ], [ 4197381.189188548363745, 7501915.850094744004309 ], [ 4197365.801201901398599, 7501894.670348131097853 ], [ 4197358.199852009303868, 7501884.397713328711689 ], [ 4197342.444571557454765, 7501863.489749992266297 ], [ 4197334.665097190067172, 7501853.351341608911753 ], [ 4197318.547321966849267, 7501832.721530083566904 ], [ 4197310.592092826962471, 7501822.720436378382146 ], [ 4197294.116732719354331, 7501802.375061027705669 ], [ 4197285.988172047771513, 7501792.514328428544104 ], [ 4197269.160245277918875, 7501772.459586245007813 ], [ 4197260.860829112119973, 7501762.742218429222703 ], [ 4197243.685461977496743, 7501742.98421869520098 ], [ 4197235.217718400992453, 7501733.413175664842129 ], [ 4197217.700142439454794, 7501713.957936570979655 ], [ 4197209.066650807857513, 7501704.536133758723736 ], [ 4197191.212202049791813, 7501685.389581575989723 ], [ 4197182.415592208504677, 7501676.11988895572722 ], [ 4197164.22970936819911, 7501657.287855993025005 ], [ 4197155.272660849615932, 7501648.173097202554345 ], [ 4197136.760883713141084, 7501629.661320066079497 ], [ 4197127.646124922670424, 7501620.704271547496319 ], [ 4197108.814091959968209, 7501602.518388707190752 ], [ 4197099.544399339705706, 7501593.721778865903616 ], [ 4197080.397847156971693, 7501575.867330107837915 ], [ 4197070.976044344715774, 7501567.233838476240635 ], [ 4197051.5208052508533, 7501549.716262514702976 ], [ 4197041.949762220494449, 7501541.248518938198686 ], [ 4197022.191762486472726, 7501524.073151803575456 ], [ 4197012.474394670687616, 7501515.773735637776554 ], [ 4196992.419652487151325, 7501498.945808867923915 ], [ 4196982.558919887989759, 7501490.817248196341097 ], [ 4196962.213544537313282, 7501474.341888088732958 ], [ 4196952.212450832128525, 7501466.386658948846161 ], [ 4196931.582639306783676, 7501450.268883725628257 ], [ 4196921.444230923429132, 7501442.489409358240664 ], [ 4196900.53626758698374, 7501426.734128906391561 ], [ 4196890.263632784597576, 7501419.13277901429683 ], [ 4196869.08388617169112, 7501403.744792367331684 ], [ 4196858.680154092609882, 7501396.323882395401597 ], [ 4196837.235075961798429, 7501381.307877031154931 ], [ 4196826.703415685333312, 7501374.069667460396886 ], [ 4196804.999538257718086, 7501359.43021728657186 ], [ 4196794.343157828785479, 7501352.376912945881486 ], [ 4196772.387092313729227, 7501338.118477283976972 ], [ 4196761.609237768687308, 7501331.252226678654552 ], [ 4196739.407672359608114, 7501317.379148890264332 ], [ 4196728.511626737192273, 7501310.702043545432389 ], [ 4196706.071324171498418, 7501297.218549454584718 ], [ 4196695.060406514443457, 7501290.732623281888664 ], [ 4196672.388202126137912, 7501277.642819975502789 ], [ 4196661.265766465105116, 7501271.350048651918769 ], [ 4196638.36856678687036, 7501258.657923617400229 ], [ 4196627.138001123443246, 7501252.560223979875445 ], [ 4196604.022780562750995, 7501240.269643192179501 ], [ 4196592.687505837529898, 7501234.368872661143541 ], [ 4196569.361305609345436, 7501222.483580005355179 ], [ 4196557.924774655140936, 7501216.781536011956632 ], [ 4196534.394700243137777, 7501205.305151909589767 ], [ 4196522.860396738164127, 7501199.803571350872517 ], [ 4196499.133615508675575, 7501188.739591560326517 ], [ 4196487.505052914842963, 7501183.440150272101164 ], [ 4196463.588792335242033, 7501172.791945016011596 ], [ 4196451.869512824341655, 7501167.696257258765399 ], [ 4196427.771057869307697, 7501157.467070021666586 ], [ 4196415.964631247334182, 7501152.576687992550433 ], [ 4196391.691322956234217, 7501142.769634854979813 ], [ 4196379.801345575600863, 7501138.086048209108412 ], [ 4196355.360577223822474, 7501128.704116250388324 ], [ 4196343.390670886263251, 7501124.228751656599343 ], [ 4196318.789887932129204, 7501115.274798922240734 ], [ 4196306.743698787875473, 7501111.009019617922604 ], [ 4196281.990394590422511, 7501102.485773461870849 ], [ 4196269.871592025272548, 7501098.43087884504348 ], [ 4196244.97330660559237, 7501090.340935509651899 ], [ 4196232.785582123324275, 7501086.49816074129194 ], [ 4196207.749899938702583, 7501078.84398456569761 ], [ 4196195.496966038830578, 7501075.214500191621482 ], [ 4196170.331513056531549, 7501067.998422669246793 ], [ 4196158.017102101817727, 7501064.583334266208112 ], [ 4196132.729544132016599, 7501057.807553528808057 ], [ 4196120.35740721039474, 7501054.607901364564896 ], [ 4196094.955446800217032, 7501048.274481307715178 ], [ 4196082.529352584853768, 7501045.291240029036999 ], [ 4196057.02072783280164, 7501039.402109974995255 ], [ 4196044.5444614328444, 7501036.636188304051757 ], [ 4196018.936942160129547, 7501031.193142053671181 ], [ 4196006.414303966797888, 7501028.645382517948747 ], [ 4195980.715690499171615, 7501023.65007808804512 ], [ 4195968.150495029054582, 7501021.321256760507822 ], [ 4195942.368615575134754, 7501016.775215799920261 ], [ 4195929.764690308831632, 7501014.666042061522603 ], [ 4195903.907398328185081, 7501010.570649342611432 ], [ 4195891.268582544289529, 7501008.681765667162836 ], [ 4195865.343754081055522, 7501005.038268635049462 ], [ 4195852.673897683620453, 7501003.370250396430492 ], [ 4195826.689429953694344, 7501000.179758936166763 ], [ 4195813.992392304353416, 7500998.733114228583872 ], [ 4195787.956200517714024, 7500995.996600202284753 ], [ 4195775.235849257558584, 7500994.771769686602056 ], [ 4195749.155864041298628, 7500992.490066635422409 ], [ 4195736.416073912754655, 7500991.487423407845199 ], [ 4195710.300239657983184, 7500989.661226376891136 ], [ 4195697.54489132296294, 7500988.881075851619244 ], [ 4195671.401163063943386, 7500987.51094111148268 ], [ 4195658.634141926653683, 7500986.953520930372179 ], [ 4195632.470483290962875, 7500986.039865838363767 ], [ 4195619.69567830953747, 7500985.705345797352493 ], [ 4195593.520059175789356, 7500985.248448665253818 ], [ 4195580.741361679509282, 7500985.136930661275983 ], [ 4195554.561755092814565, 7500985.136930661275983 ], [ 4195541.783057596534491, 7500985.248448665253818 ], [ 4195515.607438462786376, 7500985.705345797352493 ], [ 4195502.832633481360972, 7500986.039865838363767 ], [ 4195476.668974845670164, 7500986.953520930372179 ], [ 4195463.901953708380461, 7500987.51094111148268 ], [ 4195437.758225449360907, 7500988.881075851619244 ], [ 4195425.002877114340663, 7500989.661226376891136 ], [ 4195398.887042859569192, 7500991.487423407845199 ], [ 4195386.147252731025219, 7500992.490066635422409 ], [ 4195360.067267514765263, 7500994.771769686602056 ], [ 4195347.346916254609823, 7500995.996600202284753 ], [ 4195321.310724467970431, 7500998.733114228583872 ], [ 4195308.613686818629503, 7501000.179758936166763 ], [ 4195282.629219088703394, 7501003.370250396430492 ], [ 4195269.959362691268325, 7501005.038268635049462 ], [ 4195244.034534228034317, 7501008.681765667162836 ], [ 4195231.395718444138765, 7501010.570649342611432 ], [ 4195205.538426463492215, 7501014.666042061522603 ], [ 4195192.934501197189093, 7501016.775215799920261 ], [ 4195167.152621743269265, 7501021.321256760507822 ], [ 4195154.587426273152232, 7501023.65007808804512 ], [ 4195128.888812805525959, 7501028.645382517948747 ], [ 4195116.3661746121943, 7501031.193142053671181 ], [ 4195090.758655339479446, 7501036.636188304051757 ], [ 4195078.282388939522207, 7501039.402109974995255 ], [ 4195052.773764187470078, 7501045.291240029036999 ], [ 4195040.347669972106814, 7501048.274481307715178 ], [ 4195014.945709561929107, 7501054.607901364564896 ], [ 4195002.573572640307248, 7501057.807553528808057 ], [ 4194977.28601467050612, 7501064.583334266208112 ], [ 4194964.971603715792298, 7501067.998422669246793 ], [ 4194939.806150733493268, 7501075.214500191621482 ], [ 4194927.553216833621264, 7501078.84398456569761 ], [ 4194902.517534648999572, 7501086.49816074129194 ], [ 4194890.329810166731477, 7501090.340935509651899 ], [ 4194865.431524747051299, 7501098.43087884504348 ], [ 4194853.312722181901336, 7501102.485773461870849 ], [ 4194828.559417984448373, 7501111.009019617922604 ], [ 4194816.513228840194643, 7501115.274798922240734 ], [ 4194791.912445886060596, 7501124.228751656599343 ], [ 4194779.942539548501372, 7501128.704116250388324 ], [ 4194755.501771196722984, 7501138.086048209108412 ], [ 4194743.61179381608963, 7501142.769634854979813 ], [ 4194719.338485524989665, 7501152.576687992550433 ], [ 4194707.53205890301615, 7501157.467070021666586 ], [ 4194683.433603947982192, 7501167.696257258765399 ], [ 4194671.714324437081814, 7501172.791945016011596 ], [ 4194647.798063857480884, 7501183.440150272101164 ], [ 4194636.169501263648272, 7501188.739591560326517 ], [ 4194612.44272003415972, 7501199.803571350872517 ], [ 4194600.90841652918607, 7501205.305151909589767 ], [ 4194577.37834211718291, 7501216.781536011956632 ], [ 4194565.941811162978411, 7501222.483580005355179 ], [ 4194542.615610934793949, 7501234.368872661143541 ], [ 4194531.280336209572852, 7501240.269643192179501 ], [ 4194508.165115648880601, 7501252.560223979875445 ], [ 4194496.934549985453486, 7501258.657923617400229 ], [ 4194474.03735030721873, 7501271.350048651918769 ], [ 4194462.914914646185935, 7501277.642819975502789 ], [ 4194440.24271025788039, 7501290.732623281888664 ], [ 4194429.231792600825429, 7501297.218549454584718 ], [ 4194406.791490035131574, 7501310.702043545432389 ], [ 4194395.895444412715733, 7501317.379148890264332 ], [ 4194373.693879003636539, 7501331.252226678654552 ], [ 4194362.91602445859462, 7501338.118477283976972 ], [ 4194340.959958943538368, 7501352.376912945881486 ], [ 4194330.303578514605761, 7501359.43021728657186 ], [ 4194308.599701086990535, 7501374.069667460396886 ], [ 4194298.068040810525417, 7501381.307877031154931 ], [ 4194276.622962679713964, 7501396.323882395401597 ], [ 4194266.219230600632727, 7501403.744792367331684 ], [ 4194245.039483987726271, 7501419.13277901429683 ], [ 4194234.766849185340106, 7501426.734128906391561 ], [ 4194213.858885848894715, 7501442.489409358240664 ], [ 4194203.720477465540171, 7501450.268883725628257 ], [ 4194183.090665939729661, 7501466.386658948846161 ], [ 4194173.089572234544903, 7501474.341888088732958 ], [ 4194152.744196883868426, 7501490.817248196341097 ], [ 4194142.883464284706861, 7501498.945808867923915 ], [ 4194122.828722102101892, 7501515.773735637776554 ], [ 4194113.111354286316782, 7501524.073151803575456 ], [ 4194093.353354551363736, 7501541.248518938198686 ], [ 4194083.782311521004885, 7501549.716262514702976 ], [ 4194064.327072427142411, 7501567.233838476240635 ], [ 4194054.905269614886492, 7501575.867330107837915 ], [ 4194035.75871743215248, 7501593.721778865903616 ], [ 4194026.489024811889976, 7501602.518388707190752 ], [ 4194007.656991849187762, 7501620.704271547496319 ], [ 4193998.542233058717102, 7501629.661320066079497 ], [ 4193980.030455922707915, 7501648.173097202554345 ], [ 4193971.073407404124737, 7501657.287855993025005 ], [ 4193952.887524563353509, 7501676.11988895572722 ], [ 4193944.090914722066373, 7501685.389581575989723 ], [ 4193926.236465964931995, 7501704.536133758723736 ], [ 4193917.602974333334714, 7501713.957936570979655 ], [ 4193900.085398371797055, 7501733.413175664842129 ], [ 4193891.617654795292765, 7501742.98421869520098 ], [ 4193874.442287659738213, 7501762.742218429222703 ], [ 4193866.14287149393931, 7501772.459586245007813 ], [ 4193849.314944725017995, 7501792.514328428544104 ], [ 4193841.186384053435177, 7501802.375061027705669 ], [ 4193824.711023944895715, 7501822.720436378382146 ], [ 4193816.755794805008918, 7501832.721530083566904 ], [ 4193800.638019582256675, 7501853.351341608911753 ], [ 4193792.858545214869082, 7501863.489749992266297 ], [ 4193777.103264763019979, 7501884.397713328711689 ], [ 4193769.501914870925248, 7501894.670348131097853 ], [ 4193754.113928223960102, 7501915.850094744004309 ], [ 4193746.693018252030015, 7501926.253826823085546 ], [ 4193731.677012887783349, 7501947.698904953896999 ], [ 4193724.438803317025304, 7501958.230565230362117 ], [ 4193709.799353142734617, 7501979.934442657977343 ], [ 4193702.746048802044243, 7501990.59082308690995 ], [ 4193688.48761314060539, 7502012.546888601966202 ], [ 4193681.621362535282969, 7502023.324743147008121 ], [ 4193667.748284747358412, 7502045.526308556087315 ], [ 4193661.071179402526468, 7502056.422354178503156 ], [ 4193647.587685311678797, 7502078.862656744197011 ], [ 4193641.101759138982743, 7502089.873574401251972 ], [ 4193628.011955832131207, 7502112.545778789557517 ], [ 4193621.719184508547187, 7502123.668214450590312 ], [ 4193609.027059474028647, 7502146.565414128825068 ], [ 4193602.929359836503863, 7502157.795979792252183 ], [ 4193590.638779048807919, 7502180.911200352944434 ], [ 4193584.738008517771959, 7502192.246475078165531 ], [ 4193572.852715861517936, 7502215.572675306349993 ], [ 4193567.150671868119389, 7502227.009206260554492 ], [ 4193555.674287766683847, 7502250.539280672557652 ], [ 4193550.172707207966596, 7502262.073584177531302 ], [ 4193539.108727416954935, 7502285.800365407019854 ], [ 4193533.809286128729582, 7502297.428928000852466 ], [ 4193523.161080872640014, 7502321.345188580453396 ], [ 4193518.065393115393817, 7502333.064468091353774 ], [ 4193507.836205878295004, 7502357.162923046387732 ], [ 4193502.945823849178851, 7502368.969349668361247 ], [ 4193493.138770711608231, 7502393.242657959461212 ], [ 4193488.45518406573683, 7502405.132635340094566 ], [ 4193479.073252107016742, 7502429.573403691872954 ], [ 4193474.597887513227761, 7502441.543310029432178 ], [ 4193465.643934778403491, 7502466.144092983566225 ], [ 4193461.378155474085361, 7502478.190282127819955 ], [ 4193452.854909318499267, 7502502.943586325272918 ], [ 4193448.800014701671898, 7502515.062388890422881 ], [ 4193440.710071365814656, 7502539.960674310103059 ], [ 4193436.867296597454697, 7502552.148398792371154 ], [ 4193429.213120422326028, 7502577.184080976992846 ], [ 4193425.5836360482499, 7502589.437014876864851 ], [ 4193418.367558525409549, 7502614.60246785916388 ], [ 4193414.952470122370869, 7502626.916878813877702 ], [ 4193408.176689385902137, 7502652.20443678367883 ], [ 4193404.977037221658975, 7502664.576573705300689 ], [ 4193398.643617164809257, 7502689.978534115478396 ], [ 4193395.660375886131078, 7502702.40462833084166 ], [ 4193389.771245832089335, 7502727.913253082893789 ], [ 4193387.005324161145836, 7502740.389519482851028 ], [ 4193381.56227791076526, 7502765.997038755565882 ], [ 4193379.014518375042826, 7502778.519676948897541 ], [ 4193374.019213944673538, 7502804.218290416523814 ], [ 4193371.69039261713624, 7502816.783485886640847 ], [ 4193367.144351656548679, 7502842.565365340560675 ], [ 4193365.035177918151021, 7502855.169290606863797 ], [ 4193360.93978519923985, 7502881.026582587510347 ], [ 4193359.050901523791254, 7502893.6653983714059 ], [ 4193355.407404491212219, 7502919.590226834639907 ], [ 4193353.739386252593249, 7502932.260083232074976 ], [ 4193350.548894793260843, 7502958.244550962001085 ], [ 4193349.102250085677952, 7502970.941588611342013 ], [ 4193346.365736058913171, 7502996.977780397981405 ], [ 4193345.140905543230474, 7503009.698131658136845 ], [ 4193342.859202492050827, 7503035.778116874396801 ], [ 4193341.856559264473617, 7503048.517907002940774 ], [ 4193340.030362233985215, 7503074.633741257712245 ], [ 4193339.250211708713323, 7503087.389089592732489 ], [ 4193337.880076968111098, 7503113.532817851752043 ], [ 4193337.322656787000597, 7503126.299838989041746 ], [ 4193336.409001694526523, 7503152.463497624732554 ], [ 4193336.074481653515249, 7503165.238302606157959 ], [ 4193335.617584521882236, 7503191.413921739906073 ], [ 4193335.506066517904401, 7503204.192619236186147 ], [ 4193335.506066517904401, 7503230.372225822880864 ], [ 4193335.617584521882236, 7503243.150923319160938 ], [ 4193336.074481653515249, 7503269.326542452909052 ], [ 4193336.409001694526523, 7503282.101347434334457 ], [ 4193337.322656787000597, 7503308.265006070025265 ], [ 4193337.880076968111098, 7503321.032027207314968 ], [ 4193339.250211708713323, 7503347.175755466334522 ], [ 4193340.030362233985215, 7503359.931103801354766 ], [ 4193341.856559264473617, 7503386.046938056126237 ], [ 4193342.859202492050827, 7503398.78672818467021 ], [ 4193345.140905543230474, 7503424.866713400930166 ], [ 4193346.365736058913171, 7503437.587064661085606 ], [ 4193349.102250085677952, 7503463.623256447724998 ], [ 4193350.548894793260843, 7503476.320294097065926 ], [ 4193353.739386252593249, 7503502.304761826992035 ], [ 4193355.407404491212219, 7503514.974618224427104 ], [ 4193359.050901523791254, 7503540.899446687661111 ], [ 4193360.93978519923985, 7503553.538262471556664 ], [ 4193365.035177918151021, 7503579.395554452203214 ], [ 4193367.144351656548679, 7503591.999479718506336 ], [ 4193371.69039261713624, 7503617.781359172426164 ], [ 4193374.019213944673538, 7503630.346554642543197 ], [ 4193379.014518375042826, 7503656.04516811016947 ], [ 4193381.56227791076526, 7503668.567806303501129 ], [ 4193387.005324161145836, 7503694.175325576215982 ], [ 4193389.771245832089335, 7503706.651591976173222 ], [ 4193395.660375886131078, 7503732.16021672822535 ], [ 4193398.643617164809257, 7503744.586310943588614 ], [ 4193404.977037221658975, 7503769.988271353766322 ], [ 4193408.176689385902137, 7503782.360408275388181 ], [ 4193414.952470122370869, 7503807.647966245189309 ], [ 4193418.367558525409549, 7503819.962377199903131 ], [ 4193425.5836360482499, 7503845.12783018220216 ], [ 4193429.213120422326028, 7503857.380764082074165 ], [ 4193436.867296597454697, 7503882.416446266695857 ], [ 4193440.710071365814656, 7503894.604170748963952 ], [ 4193448.800014701671898, 7503919.50245616864413 ], [ 4193452.854909318499267, 7503931.621258733794093 ], [ 4193461.378155474085361, 7503956.374562931247056 ], [ 4193465.643934778403491, 7503968.420752075500786 ], [ 4193474.597887513227761, 7503993.021535029634833 ], [ 4193479.073252107016742, 7504004.991441367194057 ], [ 4193488.45518406573683, 7504029.432209718972445 ], [ 4193493.138770711608231, 7504041.322187099605799 ], [ 4193502.945823849178851, 7504065.595495390705764 ], [ 4193507.836205878295004, 7504077.401922012679279 ], [ 4193518.065393115393817, 7504101.500376967713237 ], [ 4193523.161080872640014, 7504113.219656478613615 ], [ 4193533.809286128729582, 7504137.135917058214545 ], [ 4193539.108727416954935, 7504148.764479652047157 ], [ 4193550.172707207966596, 7504172.491260881535709 ], [ 4193555.674287766683847, 7504184.025564386509359 ], [ 4193567.150671868119389, 7504207.555638798512518 ], [ 4193572.852715861517936, 7504218.992169752717018 ], [ 4193584.738008517771959, 7504242.31836998090148 ], [ 4193590.638779048807919, 7504253.653644706122577 ], [ 4193602.929359836503863, 7504276.768865266814828 ], [ 4193609.027059474028647, 7504287.999430930241942 ], [ 4193621.719184508547187, 7504310.896630608476698 ], [ 4193628.011955832131207, 7504322.019066269509494 ], [ 4193641.101759138982743, 7504344.691270657815039 ], [ 4193647.587685311678797, 7504355.70218831487 ], [ 4193661.071179402526468, 7504378.142490880563855 ], [ 4193667.748284747358412, 7504389.038536502979696 ], [ 4193681.621362535282969, 7504411.24010191205889 ], [ 4193688.48761314060539, 7504422.017956457100809 ], [ 4193702.746048802044243, 7504443.974021972157061 ], [ 4193709.799353142734617, 7504454.630402401089668 ], [ 4193724.438803317025304, 7504476.334279828704894 ], [ 4193731.677012887783349, 7504486.865940105170012 ], [ 4193746.693018252030015, 7504508.311018235981464 ], [ 4193754.113928223960102, 7504518.714750315062702 ], [ 4193769.501914870925248, 7504539.894496927969158 ], [ 4193777.103264763019979, 7504550.167131730355322 ], [ 4193792.858545214869082, 7504571.075095066800714 ], [ 4193800.638019582256675, 7504581.213503450155258 ], [ 4193816.755794805008918, 7504601.843314975500107 ], [ 4193824.711023944895715, 7504611.844408680684865 ], [ 4193841.186384053435177, 7504632.189784031361341 ], [ 4193849.314944725017995, 7504642.050516630522907 ], [ 4193866.14287149393931, 7504662.105258814059198 ], [ 4193874.442287659738213, 7504671.822626629844308 ], [ 4193891.617654795292765, 7504691.580626363866031 ], [ 4193900.085398371797055, 7504701.151669394224882 ], [ 4193917.602974333334714, 7504720.606908488087356 ], [ 4193926.236465964931995, 7504730.028711300343275 ], [ 4193944.090914722066373, 7504749.175263483077288 ], [ 4193952.887524563353509, 7504758.444956103339791 ], [ 4193971.073407404124737, 7504777.276989066042006 ], [ 4193980.030455922707915, 7504786.391747856512666 ], [ 4193998.542233058717102, 7504804.903524992987514 ], [ 4194007.656991849187762, 7504813.860573511570692 ], [ 4194026.489024811889976, 7504832.046456351876259 ], [ 4194035.75871743215248, 7504840.843066193163395 ], [ 4194054.905269614886492, 7504858.697514951229095 ], [ 4194064.327072427142411, 7504867.331006582826376 ], [ 4194083.782311521004885, 7504884.848582544364035 ], [ 4194093.353354551363736, 7504893.316326120868325 ], [ 4194113.111354286316782, 7504910.491693255491555 ], [ 4194122.828722102101892, 7504918.791109421290457 ], [ 4194142.883464284706861, 7504935.619036191143095 ], [ 4194152.744196883868426, 7504943.747596862725914 ], [ 4194173.089572234544903, 7504960.222956970334053 ], [ 4194183.090665939729661, 7504968.17818611022085 ], [ 4194203.720477465540171, 7504984.295961333438754 ], [ 4194213.858885848894715, 7504992.075435700826347 ], [ 4194234.766849185340106, 7505007.83071615267545 ], [ 4194245.039483987726271, 7505015.432066044770181 ], [ 4194266.219230600632727, 7505030.820052691735327 ], [ 4194276.622962679713964, 7505038.240962663665414 ], [ 4194298.068040810525417, 7505053.25696802791208 ], [ 4194308.599701086990535, 7505060.495177598670125 ], [ 4194330.303578514605761, 7505075.134627772495151 ], [ 4194340.959958943538368, 7505082.187932113185525 ], [ 4194362.91602445859462, 7505096.446367775090039 ], [ 4194373.693879003636539, 7505103.312618380412459 ], [ 4194395.895444412715733, 7505117.185696168802679 ], [ 4194406.791490035131574, 7505123.862801513634622 ], [ 4194429.231792600825429, 7505137.346295604482293 ], [ 4194440.24271025788039, 7505143.832221777178347 ], [ 4194462.914914646185935, 7505156.922025083564222 ], [ 4194474.03735030721873, 7505163.214796407148242 ], [ 4194496.934549985453486, 7505175.906921441666782 ], [ 4194508.165115648880601, 7505182.004621079191566 ], [ 4194531.280336209572852, 7505194.29520186688751 ], [ 4194542.615610934793949, 7505200.19597239792347 ], [ 4194565.941811162978411, 7505212.081265053711832 ], [ 4194577.37834211718291, 7505217.783309047110379 ], [ 4194600.90841652918607, 7505229.259693149477243 ], [ 4194612.44272003415972, 7505234.761273708194494 ], [ 4194636.169501263648272, 7505245.825253498740494 ], [ 4194647.798063857480884, 7505251.124694786965847 ], [ 4194671.714324437081814, 7505261.772900043055415 ], [ 4194683.433603947982192, 7505266.868587800301611 ], [ 4194707.53205890301615, 7505277.097775037400424 ], [ 4194719.338485524989665, 7505281.988157066516578 ], [ 4194743.61179381608963, 7505291.795210204087198 ], [ 4194755.501771196722984, 7505296.478796849958599 ], [ 4194779.942539548501372, 7505305.860728808678687 ], [ 4194791.912445886060596, 7505310.336093402467668 ], [ 4194816.513228840194643, 7505319.290046136826277 ], [ 4194828.559417984448373, 7505323.555825441144407 ], [ 4194853.312722181901336, 7505332.079071597196162 ], [ 4194865.431524747051299, 7505336.13396621402353 ], [ 4194890.329810166731477, 7505344.223909549415112 ], [ 4194902.517534648999572, 7505348.066684317775071 ], [ 4194927.553216833621264, 7505355.720860493369401 ], [ 4194939.806150733493268, 7505359.350344867445529 ], [ 4194964.971603715792298, 7505366.566422389820218 ], [ 4194977.28601467050612, 7505369.981510792858899 ], [ 4195002.573572640307248, 7505376.757291530258954 ], [ 4195014.945709561929107, 7505379.956943694502115 ], [ 4195040.347669972106814, 7505386.290363751351833 ], [ 4195052.773764187470078, 7505389.273605030030012 ], [ 4195078.282388939522207, 7505395.162735084071755 ], [ 4195090.758655339479446, 7505397.928656755015254 ], [ 4195116.3661746121943, 7505403.37170300539583 ], [ 4195128.888812805525959, 7505405.919462541118264 ], [ 4195154.587426273152232, 7505410.914766971021891 ], [ 4195167.152621743269265, 7505413.243588298559189 ], [ 4195192.934501197189093, 7505417.78962925914675 ], [ 4195205.538426463492215, 7505419.898802997544408 ], [ 4195231.395718444138765, 7505423.994195716455579 ], [ 4195244.034534228034317, 7505425.883079391904175 ], [ 4195269.959362691268325, 7505429.526576424017549 ], [ 4195282.629219088703394, 7505431.194594662636518 ], [ 4195308.613686818629503, 7505434.385086122900248 ], [ 4195321.310724467970431, 7505435.831730830483139 ], [ 4195347.346916254609823, 7505438.568244856782258 ], [ 4195360.067267514765263, 7505439.793075372464955 ], [ 4195386.147252731025219, 7505442.074778423644602 ], [ 4195398.887042859569192, 7505443.077421651221812 ], [ 4195425.002877114340663, 7505444.903618682175875 ], [ 4195437.758225449360907, 7505445.683769207447767 ], [ 4195463.901953708380461, 7505447.053903947584331 ], [ 4195476.668974845670164, 7505447.611324128694832 ], [ 4195502.832633481360972, 7505448.524979220703244 ], [ 4195515.607438462786376, 7505448.859499261714518 ], [ 4195541.783057596534491, 7505449.316396393813193 ], [ 4195554.561755092814565, 7505449.427914397791028 ] ] ] ] } },
{ "type": "Feature", "properties": { "id": null }, "geometry": { "type": "MultiPolygon", "coordinates": [ [ [ [ 4189637.389755501411855, 7519198.79095671325922 ], [ 4189663.569361948408186, 7519198.79095671325922 ], [ 4189668.465819590725005, 7519198.748225974850357 ], [ 4189694.641438770573586, 7519198.291328843683004 ], [ 4189699.536404903978109, 7519198.163149644620717 ], [ 4189725.700063694268465, 7519197.249494546093047 ], [ 4189730.592047265265137, 7519197.03590593021363 ], [ 4189756.735775404144078, 7519195.665771194733679 ], [ 4189761.623286267276853, 7519195.366838224232197 ], [ 4189787.739120346028358, 7519193.540641207247972 ], [ 4189792.620669717900455, 7519193.156454940326512 ], [ 4189818.700655160937458, 7519190.874751870520413 ], [ 4189823.574756074231118, 7519190.405429332517087 ], [ 4189849.610948021523654, 7519187.668915286660194 ], [ 4189854.476115777622908, 7519187.114599438384175 ], [ 4189880.460583298932761, 7519183.924108001403511 ], [ 4189885.315335921477526, 7519183.284967693500221 ], [ 4189911.240164169576019, 7519179.641470693983138 ], [ 4189916.083022852893919, 7519178.917700614780188 ], [ 4189941.94031509431079, 7519174.822307854890823 ], [ 4189946.769804657436907, 7519174.014128470793366 ], [ 4189972.551683984231204, 7519169.46808753348887 ], [ 4189977.366333317477256, 7519168.575745024718344 ], [ 4190003.0649469550699, 7519163.580440560355783 ], [ 4190007.863289469853044, 7519162.604206741787493 ], [ 4190033.47080841101706, 7519157.161160563118756 ], [ 4190038.251382485963404, 7519156.1013328069821 ], [ 4190063.760007657576352, 7519150.212202657014132 ], [ 4190068.521357082761824, 7519149.069103795103729 ], [ 4190093.923317334149033, 7519142.735683775506914 ], [ 4190098.663991756737232, 7519141.509662007912993 ], [ 4190123.951549629215151, 7519134.733881297521293 ], [ 4190128.670104993972927, 7519133.425310082733631 ], [ 4190153.835558083374053, 7519126.209232529625297 ], [ 4190158.530557072721422, 7519124.818510469980538 ], [ 4190183.566239284817129, 7519117.164334285072982 ], [ 4190188.236251756548882, 7519115.691885008476675 ], [ 4190213.13453689776361, 7519107.601941765286028 ], [ 4190217.778140320908278, 7519106.048213794827461 ], [ 4190242.531444706022739, 7519097.524967576377094 ], [ 4190247.147224593441933, 7519095.890434191562235 ], [ 4190271.748007810208946, 7519086.936481359414756 ], [ 4190276.334558151196688, 7519085.221640454605222 ], [ 4190300.775326210539788, 7519075.839708605781198 ], [ 4190305.331249897368252, 7519074.045082539319992 ], [ 4190329.60455829789862, 7519064.238029357977211 ], [ 4190334.128467551898211, 7519062.364164790138602 ], [ 4190358.226922341622412, 7519052.134977622888982 ], [ 4190362.717439136002213, 7519050.182445351034403 ], [ 4190386.633699853438884, 7519039.53424003534019 ], [ 4190391.089456333778799, 7519037.503634818829596 ], [ 4190414.816237556748092, 7519026.439655030146241 ], [ 4190419.235876456368715, 7519024.331595411524177 ], [ 4190442.765950831584632, 7519012.855211326852441 ], [ 4190447.14812588552013, 7519010.670339441858232 ], [ 4190470.474326234776527, 7518998.785046723671257 ], [ 4190474.817702589556575, 7518996.52402810472995 ], [ 4190497.932923002168536, 7518984.23344739433378 ], [ 4190502.236177624203265, 7518981.896970770321786 ], [ 4190525.133377175312489, 7518969.20484580937773 ], [ 4190529.395199251361191, 7518966.793622894212604 ], [ 4190552.067403809633106, 7518953.703819490969181 ], [ 4190556.286495146807283, 7518951.218584764748812 ], [ 4190578.726797752082348, 7518937.735090649686754 ], [ 4190582.901873175054789, 7518935.176601139828563 ], [ 4190605.10343860136345, 7518921.303523340262473 ], [ 4190609.233226341195405, 7518918.672558387741446 ], [ 4190631.18929183576256, 7518904.414122737944126 ], [ 4190635.272533919196576, 7518901.71148375980556 ], [ 4190656.97641120897606, 7518887.072033679112792 ], [ 4190661.011863840743899, 7518884.298543926328421 ], [ 4190682.456942046526819, 7518869.282538510859013 ], [ 4190686.44337598932907, 7518866.439042814075947 ], [ 4190707.623122750315815, 7518851.051056059077382 ], [ 4190711.559323696885258, 7518848.138420574367046 ], [ 4190732.467286811675876, 7518832.383140289224684 ], [ 4190736.352055757772177, 7518829.402252235449851 ], [ 4190756.981867409311235, 7518813.284476914443076 ], [ 4190760.814021016471088, 7518810.236244296655059 ], [ 4190781.159396371804178, 7518793.760884184390306 ], [ 4190784.937767328694463, 7518790.646235525608063 ], [ 4190804.992509388830513, 7518773.818308860063553 ], [ 4190808.715946767479181, 7518770.638192911632359 ], [ 4190828.473946590907872, 7518753.462825700640678 ], [ 4190832.141316195484251, 7518750.218211157247424 ], [ 4190851.596555322408676, 7518732.70063516497612 ], [ 4190855.206740037538111, 7518729.392510366626084 ], [ 4190874.353292187675834, 7518711.538061639294028 ], [ 4190877.905192315578461, 7518708.167434273287654 ], [ 4190896.737225215416402, 7518689.981551494449377 ], [ 4190900.229758812580258, 7518686.549448287114501 ], [ 4190918.741536143701524, 7518668.037670955061913 ], [ 4190922.173639351502061, 7518664.545137356966734 ], [ 4190940.359522132668644, 7518645.713104452006519 ], [ 4190943.730149498209357, 7518642.161204324103892 ], [ 4190961.584598024375737, 7518623.014652390964329 ], [ 4190964.892722822725773, 7518619.404467676766217 ], [ 4190982.410298936534673, 7518599.949228417128325 ], [ 4190985.654913480393589, 7518596.281858812086284 ], [ 4191002.830280639696866, 7518576.523859050124884 ], [ 4191006.01039658812806, 7518572.800421671941876 ], [ 4191022.838323313742876, 7518552.745679540559649 ], [ 4191025.95297197252512, 7518548.967308583669364 ], [ 4191042.428332154639065, 7518528.621933141723275 ], [ 4191045.476564771961421, 7518524.789779534563422 ], [ 4191061.594339885283262, 7518504.159968149848282 ], [ 4191064.575227939989418, 7518500.275199203751981 ], [ 4191080.330508599989116, 7518479.36723558884114 ], [ 4191083.243144083768129, 7518475.431034641340375 ], [ 4191098.631130505818874, 7518454.251288335770369 ], [ 4191101.474626202601939, 7518450.264854393899441 ], [ 4191116.490631626918912, 7518428.819776180200279 ], [ 4191119.264121380634606, 7518424.784323547966778 ], [ 4191133.903571657370776, 7518403.080445966683328 ], [ 4191136.606210635043681, 7518398.997203882783651 ], [ 4191150.864646134432405, 7518377.041138617321849 ], [ 4191153.495611086953431, 7518372.911350877955556 ], [ 4191167.368688991293311, 7518350.709785283543169 ], [ 4191169.927178500685841, 7518346.534709860570729 ], [ 4191183.410672552883625, 7518324.094407358206809 ], [ 4191185.895907279103994, 7518319.875316021032631 ], [ 4191198.985710524953902, 7518297.203111740760505 ], [ 4191201.396933441050351, 7518292.941289665177464 ], [ 4191214.089058559387922, 7518270.044089836999774 ], [ 4191216.425535183399916, 7518265.740835214965045 ], [ 4191228.71611598180607, 7518242.62561463098973 ], [ 4191230.977134600281715, 7518238.282238275744021 ], [ 4191242.862427201587707, 7518214.956038154661655 ], [ 4191245.047299087047577, 7518210.573863100260496 ], [ 4191256.523683228995651, 7518187.043788607232273 ], [ 4191258.631742847152054, 7518182.624149708077312 ], [ 4191269.695722582284361, 7518158.897368599660695 ], [ 4191271.726327798794955, 7518154.441612119786441 ], [ 4191282.374533109832555, 7518130.525351416319609 ], [ 4191284.327065382152796, 7518126.034834621474147 ], [ 4191294.556252578273416, 7518101.936379764229059 ], [ 4191296.430117146112025, 7518097.412470510229468 ], [ 4191306.237170347012579, 7518073.139162060804665 ], [ 4191308.031796413473785, 7518068.58323837351054 ], [ 4191317.413728301413357, 7518044.142470206134021 ], [ 4191319.128569205291569, 7518039.555919866077602 ], [ 4191328.08252199459821, 7518014.955136761069298 ], [ 4191329.717055379413068, 7518010.339356873184443 ], [ 4191338.240301524754614, 7517985.586052703671157 ], [ 4191339.794029495678842, 7517980.94244928099215 ], [ 4191347.883972810115665, 7517956.044163927435875 ], [ 4191349.356422086711973, 7517951.374151455238461 ], [ 4191357.010598246473819, 7517926.338469323702157 ], [ 4191358.401320306118578, 7517921.643470334820449 ], [ 4191365.617397870868444, 7517896.478017206303775 ], [ 4191366.925969085656106, 7517891.759461841545999 ], [ 4191373.701749804895371, 7517866.471903934143484 ], [ 4191374.927771572489291, 7517861.731229511089623 ], [ 4191381.261191622819752, 7517836.329269126988947 ], [ 4191382.404290484264493, 7517831.567919701337814 ], [ 4191388.29342052154243, 7517806.059295029379427 ], [ 4191389.353248278610408, 7517801.278720955364406 ], [ 4191394.796294586267322, 7517775.671201407909393 ], [ 4191395.772528403904289, 7517770.872858893126249 ], [ 4191400.767832786310464, 7517745.174245667643845 ], [ 4191401.660175295546651, 7517740.359596334397793 ], [ 4191406.206216263119131, 7517714.577716846950352 ], [ 4191407.014395647216588, 7517709.748227283358574 ], [ 4191411.109788381494582, 7517683.890935204923153 ], [ 4191411.833558461163193, 7517679.048076521605253 ], [ 4191415.477055482566357, 7517653.123248133808374 ], [ 4191416.116195790469646, 7517648.268495511263609 ], [ 4191419.306687244214118, 7517622.284027832560241 ], [ 4191419.861003092024475, 7517617.418860075995326 ], [ 4191422.597517133690417, 7517591.382668144069612 ], [ 4191423.066839671228081, 7517586.508567230775952 ], [ 4191425.3485427047126, 7517560.428582224063575 ], [ 4191425.732728972565383, 7517555.547032852657139 ], [ 4191427.558926021680236, 7517529.431198337115347 ], [ 4191427.857858991716057, 7517524.543687473982573 ], [ 4191429.22799372440204, 7517498.399959340691566 ], [ 4191429.441582339815795, 7517493.507975770160556 ], [ 4191430.355237428564578, 7517467.344317255541682 ], [ 4191430.483416628092527, 7517462.449351121671498 ], [ 4191430.940313763450831, 7517436.273731802590191 ], [ 4191430.983044501859695, 7517431.377274160273373 ], [ 4191430.983044501859695, 7517405.197667713277042 ], [ 4191430.940313763450831, 7517400.301210070960224 ], [ 4191430.483416628092527, 7517374.125590751878917 ], [ 4191430.355237428564578, 7517369.230624618008733 ], [ 4191429.441582339815795, 7517343.066966103389859 ], [ 4191429.22799372440204, 7517338.174982532858849 ], [ 4191427.857858991716057, 7517312.031254399567842 ], [ 4191427.558926021680236, 7517307.143743536435068 ], [ 4191425.732728972565383, 7517281.027909020893276 ], [ 4191425.3485427047126, 7517276.14635964948684 ], [ 4191423.066839671228081, 7517250.066374642774463 ], [ 4191422.597517133690417, 7517245.192273729480803 ], [ 4191419.861003092024475, 7517219.156081797555089 ], [ 4191419.306687244214118, 7517214.290914040990174 ], [ 4191416.116195790469646, 7517188.306446362286806 ], [ 4191415.477055482566357, 7517183.451693739742041 ], [ 4191411.833558461163193, 7517157.526865351945162 ], [ 4191411.109788381494582, 7517152.684006668627262 ], [ 4191407.014395647216588, 7517126.826714590191841 ], [ 4191406.206216263119131, 7517121.997225026600063 ], [ 4191401.660175295546651, 7517096.215345539152622 ], [ 4191400.767832786310464, 7517091.40069620590657 ], [ 4191395.772528403904289, 7517065.702082980424166 ], [ 4191394.796294586267322, 7517060.903740465641022 ], [ 4191389.353248278610408, 7517035.296220918186009 ], [ 4191388.29342052154243, 7517030.515646844170988 ], [ 4191382.404290484264493, 7517005.007022172212601 ], [ 4191381.261191622819752, 7517000.245672746561468 ], [ 4191374.927771572489291, 7516974.843712362460792 ], [ 4191373.701749804895371, 7516970.103037939406931 ], [ 4191366.925969085656106, 7516944.815480032004416 ], [ 4191365.617397870868444, 7516940.09692466724664 ], [ 4191358.401320306118578, 7516914.931471538729966 ], [ 4191357.010598246473819, 7516910.236472549848258 ], [ 4191349.356422086711973, 7516885.200790418311954 ], [ 4191347.883972810115665, 7516880.53077794611454 ], [ 4191339.794029495678842, 7516855.632492592558265 ], [ 4191338.240301524754614, 7516850.988889169879258 ], [ 4191329.717055379413068, 7516826.235585000365973 ], [ 4191328.08252199459821, 7516821.619805112481117 ], [ 4191319.128569205291569, 7516797.019022007472813 ], [ 4191317.413728301413357, 7516792.432471667416394 ], [ 4191308.031796413473785, 7516767.991703500039876 ], [ 4191306.237170347012579, 7516763.43577981274575 ], [ 4191296.430117146112025, 7516739.162471363320947 ], [ 4191294.556252578273416, 7516734.638562109321356 ], [ 4191284.327065382152796, 7516710.540107252076268 ], [ 4191282.374533109832555, 7516706.049590457230806 ], [ 4191271.726327798794955, 7516682.133329753763974 ], [ 4191269.695722582284361, 7516677.67757327388972 ], [ 4191258.631742847152054, 7516653.950792165473104 ], [ 4191256.523683228995651, 7516649.531153266318142 ], [ 4191245.047299087047577, 7516626.001078773289919 ], [ 4191242.862427201587707, 7516621.61890371888876 ], [ 4191230.977134600281715, 7516598.292703597806394 ], [ 4191228.71611598180607, 7516593.949327242560685 ], [ 4191216.425535183399916, 7516570.83410665858537 ], [ 4191214.089058559387922, 7516566.530852036550641 ], [ 4191201.396933441050351, 7516543.633652208372951 ], [ 4191198.985710524953902, 7516539.37183013278991 ], [ 4191185.895907279103994, 7516516.699625852517784 ], [ 4191183.410672552883625, 7516512.480534515343606 ], [ 4191169.927178500685841, 7516490.040232012979686 ], [ 4191167.368688991293311, 7516485.865156590007246 ], [ 4191153.495611086953431, 7516463.663590995594859 ], [ 4191150.864646134432405, 7516459.533803256228566 ], [ 4191136.606210635043681, 7516437.577737990766764 ], [ 4191133.903571657370776, 7516433.494495906867087 ], [ 4191119.264121380634606, 7516411.790618325583637 ], [ 4191116.490631626918912, 7516407.755165693350136 ], [ 4191101.474626202601939, 7516386.310087479650974 ], [ 4191098.631130505818874, 7516382.323653537780046 ], [ 4191083.243144083768129, 7516361.14390723221004 ], [ 4191080.330508599989116, 7516357.207706284709275 ], [ 4191064.575227939989418, 7516336.299742669798434 ], [ 4191061.594339885283262, 7516332.414973723702133 ], [ 4191045.476564771961421, 7516311.785162338986993 ], [ 4191042.428332154639065, 7516307.95300873182714 ], [ 4191025.95297197252512, 7516287.607633289881051 ], [ 4191022.838323313742876, 7516283.829262332990766 ], [ 4191006.01039658812806, 7516263.774520201608539 ], [ 4191002.830280639696866, 7516260.051082823425531 ], [ 4190985.654913480393589, 7516240.293083061464131 ], [ 4190982.410298936534673, 7516236.625713456422091 ], [ 4190964.892722822725773, 7516217.170474196784198 ], [ 4190961.584598024375737, 7516213.560289482586086 ], [ 4190943.730149498209357, 7516194.413737549446523 ], [ 4190940.359522132668644, 7516190.861837421543896 ], [ 4190922.173639351502061, 7516172.029804516583681 ], [ 4190918.741536143701524, 7516168.537270918488503 ], [ 4190900.229758812580258, 7516150.025493586435914 ], [ 4190896.737225215416402, 7516146.593390379101038 ], [ 4190877.905192315578461, 7516128.407507600262761 ], [ 4190874.353292187675834, 7516125.036880234256387 ], [ 4190855.206740037538111, 7516107.182431506924331 ], [ 4190851.596555322408676, 7516103.874306708574295 ], [ 4190832.141316195484251, 7516086.356730716302991 ], [ 4190828.473946590907872, 7516083.112116172909737 ], [ 4190808.715946767479181, 7516065.936748961918056 ], [ 4190804.992509388830513, 7516062.756633013486862 ], [ 4190784.937767328694463, 7516045.928706347942352 ], [ 4190781.159396371804178, 7516042.814057689160109 ], [ 4190760.814021016471088, 7516026.338697576895356 ], [ 4190756.981867409311235, 7516023.290464959107339 ], [ 4190736.352055757772177, 7516007.172689638100564 ], [ 4190732.467286811675876, 7516004.191801584325731 ], [ 4190711.559323696885258, 7515988.436521299183369 ], [ 4190707.623122750315815, 7515985.523885814473033 ], [ 4190686.44337598932907, 7515970.135899059474468 ], [ 4190682.456942046526819, 7515967.292403362691402 ], [ 4190661.011863840743899, 7515952.276397947221994 ], [ 4190656.97641120897606, 7515949.502908194437623 ], [ 4190635.272533919196576, 7515934.863458113744855 ], [ 4190631.18929183576256, 7515932.160819135606289 ], [ 4190609.233226341195405, 7515917.902383485808969 ], [ 4190605.10343860136345, 7515915.271418533287942 ], [ 4190582.901873175054789, 7515901.398340733721852 ], [ 4190578.726797752082348, 7515898.839851223863661 ], [ 4190556.286495146807283, 7515885.356357108801603 ], [ 4190552.067403809633106, 7515882.871122382581234 ], [ 4190529.395199251361191, 7515869.781318979337811 ], [ 4190525.133377175312489, 7515867.370096064172685 ], [ 4190502.236177624203265, 7515854.677971103228629 ], [ 4190497.932923002168536, 7515852.341494479216635 ], [ 4190474.817702589556575, 7515840.050913768820465 ], [ 4190470.474326234776527, 7515837.789895149879158 ], [ 4190447.14812588552013, 7515825.904602431692183 ], [ 4190442.765950831584632, 7515823.719730546697974 ], [ 4190419.235876456368715, 7515812.243346462026238 ], [ 4190414.816237556748092, 7515810.135286843404174 ], [ 4190391.089456333778799, 7515799.071307054720819 ], [ 4190386.633699853438884, 7515797.040701838210225 ], [ 4190362.717439136002213, 7515786.392496522516012 ], [ 4190358.226922341622412, 7515784.439964250661433 ], [ 4190334.128467551898211, 7515774.210777083411813 ], [ 4190329.60455829789862, 7515772.336912515573204 ], [ 4190305.331249897368252, 7515762.529859334230423 ], [ 4190300.775326210539788, 7515760.735233267769217 ], [ 4190276.334558151196688, 7515751.353301418945193 ], [ 4190271.748007810208946, 7515749.638460514135659 ], [ 4190247.147224593441933, 7515740.68450768198818 ], [ 4190242.531444706022739, 7515739.049974297173321 ], [ 4190217.778140320908278, 7515730.526728078722954 ], [ 4190213.13453689776361, 7515728.973000108264387 ], [ 4190188.236251756548882, 7515720.88305686507374 ], [ 4190183.566239284817129, 7515719.410607588477433 ], [ 4190158.530557072721422, 7515711.756431403569877 ], [ 4190153.835558083374053, 7515710.365709343925118 ], [ 4190128.670104993972927, 7515703.149631790816784 ], [ 4190123.951549629215151, 7515701.841060576029122 ], [ 4190098.663991756737232, 7515695.065279865637422 ], [ 4190093.923317334149033, 7515693.839258098043501 ], [ 4190068.521357082761824, 7515687.505838078446686 ], [ 4190063.760007657576352, 7515686.362739216536283 ], [ 4190038.251382485963404, 7515680.473609066568315 ], [ 4190033.47080841101706, 7515679.413781310431659 ], [ 4190007.863289469853044, 7515673.970735131762922 ], [ 4190003.0649469550699, 7515672.994501313194633 ], [ 4189977.366333317477256, 7515667.999196848832071 ], [ 4189972.551683984231204, 7515667.106854340061545 ], [ 4189946.769804657436907, 7515662.560813402757049 ], [ 4189941.94031509431079, 7515661.752634018659592 ], [ 4189916.083022852893919, 7515657.657241258770227 ], [ 4189911.240164169576019, 7515656.933471179567277 ], [ 4189885.315335921477526, 7515653.289974180050194 ], [ 4189880.460583298932761, 7515652.650833872146904 ], [ 4189854.476115777622908, 7515649.46034243516624 ], [ 4189849.610948021523654, 7515648.906026586890221 ], [ 4189823.574756074231118, 7515646.169512541033328 ], [ 4189818.700655160937458, 7515645.700190003030002 ], [ 4189792.620669717900455, 7515643.418486933223903 ], [ 4189787.739120346028358, 7515643.034300666302443 ], [ 4189761.623286267276853, 7515641.208103649318218 ], [ 4189756.735775404144078, 7515640.909170678816736 ], [ 4189730.592047265265137, 7515639.539035943336785 ], [ 4189725.700063694268465, 7515639.325447327457368 ], [ 4189699.536404903978109, 7515638.411792228929698 ], [ 4189694.641438770573586, 7515638.283613029867411 ], [ 4189668.465819590725005, 7515637.826715898700058 ], [ 4189663.569361948408186, 7515637.783985160291195 ], [ 4189637.389755501411855, 7515637.783985160291195 ], [ 4189632.493297859095037, 7515637.826715898700058 ], [ 4189606.317678679246455, 7515638.283613029867411 ], [ 4189601.422712545841932, 7515638.411792228929698 ], [ 4189575.259053755551577, 7515639.325447327457368 ], [ 4189570.367070184554905, 7515639.539035943336785 ], [ 4189544.223342045675963, 7515640.909170678816736 ], [ 4189539.335831182543188, 7515641.208103649318218 ], [ 4189513.219997103791684, 7515643.034300666302443 ], [ 4189508.338447731919587, 7515643.418486933223903 ], [ 4189482.258462288882583, 7515645.700190003030002 ], [ 4189477.384361375588924, 7515646.169512541033328 ], [ 4189451.348169428296387, 7515648.906026586890221 ], [ 4189446.483001672197133, 7515649.46034243516624 ], [ 4189420.498534150887281, 7515652.650833872146904 ], [ 4189415.643781528342515, 7515653.289974180050194 ], [ 4189389.718953280244023, 7515656.933471179567277 ], [ 4189384.876094596926123, 7515657.657241258770227 ], [ 4189359.018802355509251, 7515661.752634018659592 ], [ 4189354.189312792383134, 7515662.560813402757049 ], [ 4189328.407433465588838, 7515667.106854340061545 ], [ 4189323.592784132342786, 7515667.999196848832071 ], [ 4189297.894170494750142, 7515672.994501313194633 ], [ 4189293.095827979966998, 7515673.970735131762922 ], [ 4189267.488309038802981, 7515679.413781310431659 ], [ 4189262.707734963856637, 7515680.473609066568315 ], [ 4189237.199109792243689, 7515686.362739216536283 ], [ 4189232.437760367058218, 7515687.505838078446686 ], [ 4189207.035800115671009, 7515693.839258098043501 ], [ 4189202.295125693082809, 7515695.065279865637422 ], [ 4189177.007567820604891, 7515701.841060576029122 ], [ 4189172.289012455847114, 7515703.149631790816784 ], [ 4189147.123559366445988, 7515710.365709343925118 ], [ 4189142.42856037709862, 7515711.756431403569877 ], [ 4189117.392878165002912, 7515719.410607588477433 ], [ 4189112.72286569327116, 7515720.88305686507374 ], [ 4189087.824580552056432, 7515728.973000108264387 ], [ 4189083.180977128911763, 7515730.526728078722954 ], [ 4189058.427672743797302, 7515739.049974297173321 ], [ 4189053.811892856378108, 7515740.68450768198818 ], [ 4189029.211109639611095, 7515749.638460514135659 ], [ 4189024.624559298623353, 7515751.353301418945193 ], [ 4189000.183791239280254, 7515760.735233267769217 ], [ 4188995.627867552451789, 7515762.529859334230423 ], [ 4188971.354559151921421, 7515772.336912515573204 ], [ 4188966.83064989792183, 7515774.210777083411813 ], [ 4188942.732195108197629, 7515784.439964250661433 ], [ 4188938.241678313817829, 7515786.392496522516012 ], [ 4188914.325417596381158, 7515797.040701838210225 ], [ 4188909.869661116041243, 7515799.071307054720819 ], [ 4188886.142879893071949, 7515810.135286843404174 ], [ 4188881.723240993451327, 7515812.243346462026238 ], [ 4188858.193166618235409, 7515823.719730546697974 ], [ 4188853.810991564299911, 7515825.904602431692183 ], [ 4188830.484791215043515, 7515837.789895149879158 ], [ 4188826.141414860263467, 7515840.050913768820465 ], [ 4188803.026194447651505, 7515852.341494479216635 ], [ 4188798.722939825616777, 7515854.677971103228629 ], [ 4188775.825740274507552, 7515867.370096064172685 ], [ 4188771.56391819845885, 7515869.781318979337811 ], [ 4188748.891713640186936, 7515882.871122382581234 ], [ 4188744.672622303012758, 7515885.356357108801603 ], [ 4188722.232319697737694, 7515898.839851223863661 ], [ 4188718.057244274765253, 7515901.398340733721852 ], [ 4188695.855678848456591, 7515915.271418533287942 ], [ 4188691.725891108624637, 7515917.902383485808969 ], [ 4188669.769825614057481, 7515932.160819135606289 ], [ 4188665.686583530623466, 7515934.863458113744855 ], [ 4188643.982706240843982, 7515949.502908194437623 ], [ 4188639.947253609076142, 7515952.276397947221994 ], [ 4188618.502175403293222, 7515967.292403362691402 ], [ 4188614.515741460490972, 7515970.135899059474468 ], [ 4188593.335994699504226, 7515985.523885814473033 ], [ 4188589.399793752934784, 7515988.436521299183369 ], [ 4188568.491830638144165, 7516004.191801584325731 ], [ 4188564.607061692047864, 7516007.172689638100564 ], [ 4188543.977250040508807, 7516023.290464959107339 ], [ 4188540.145096433348954, 7516026.338697576895356 ], [ 4188519.799721078015864, 7516042.814057689160109 ], [ 4188516.021350121125579, 7516045.928706347942352 ], [ 4188495.966608060989529, 7516062.756633013486862 ], [ 4188492.24317068234086, 7516065.936748961918056 ], [ 4188472.48517085891217, 7516083.112116172909737 ], [ 4188468.817801254335791, 7516086.356730716302991 ], [ 4188449.362562127411366, 7516103.874306708574295 ], [ 4188445.75237741228193, 7516107.182431506924331 ], [ 4188426.605825262144208, 7516125.036880234256387 ], [ 4188423.053925134241581, 7516128.407507600262761 ], [ 4188404.22189223440364, 7516146.593390379101038 ], [ 4188400.729358637239784, 7516150.025493586435914 ], [ 4188382.217581306118518, 7516168.537270918488503 ], [ 4188378.785478098317981, 7516172.029804516583681 ], [ 4188360.599595317151397, 7516190.861837421543896 ], [ 4188357.228967951610684, 7516194.413737549446523 ], [ 4188339.374519425444305, 7516213.560289482586086 ], [ 4188336.066394627094269, 7516217.170474196784198 ], [ 4188318.548818513285369, 7516236.625713456422091 ], [ 4188315.304203969426453, 7516240.293083061464131 ], [ 4188298.128836810123175, 7516260.051082823425531 ], [ 4188294.948720861691982, 7516263.774520201608539 ], [ 4188278.120794136077166, 7516283.829262332990766 ], [ 4188275.006145477294922, 7516287.607633289881051 ], [ 4188258.530785295180976, 7516307.95300873182714 ], [ 4188255.482552677858621, 7516311.785162338986993 ], [ 4188239.36477756453678, 7516332.414973723702133 ], [ 4188236.383889509830624, 7516336.299742669798434 ], [ 4188220.628608849830925, 7516357.207706284709275 ], [ 4188217.715973366051912, 7516361.14390723221004 ], [ 4188202.327986944001168, 7516382.323653537780046 ], [ 4188199.484491247218102, 7516386.310087479650974 ], [ 4188184.46848582290113, 7516407.755165693350136 ], [ 4188181.694996069185436, 7516411.790618325583637 ], [ 4188167.055545792449266, 7516433.494495906867087 ], [ 4188164.352906814776361, 7516437.577737990766764 ], [ 4188150.094471315387636, 7516459.533803256228566 ], [ 4188147.46350636286661, 7516463.663590995594859 ], [ 4188133.590428458526731, 7516485.865156590007246 ], [ 4188131.031938949134201, 7516490.040232012979686 ], [ 4188117.548444896936417, 7516512.480534515343606 ], [ 4188115.063210170716047, 7516516.699625852517784 ], [ 4188101.97340692486614, 7516539.37183013278991 ], [ 4188099.562184008769691, 7516543.633652208372951 ], [ 4188086.870058890432119, 7516566.530852036550641 ], [ 4188084.533582266420126, 7516570.83410665858537 ], [ 4188072.243001468013972, 7516593.949327242560685 ], [ 4188069.981982849538326, 7516598.292703597806394 ], [ 4188058.096690248232335, 7516621.61890371888876 ], [ 4188055.911818362772465, 7516626.001078773289919 ], [ 4188044.435434220824391, 7516649.531153266318142 ], [ 4188042.327374602667987, 7516653.950792165473104 ], [ 4188031.263394818641245, 7516677.677573381923139 ], [ 4188029.232789602130651, 7516682.133329862728715 ], [ 4188018.584584385156631, 7516706.049590353854001 ], [ 4188016.632052112836391, 7516710.54010714776814 ], [ 4188006.402864871546626, 7516734.638562109321356 ], [ 4188004.529000303708017, 7516739.162471363320947 ], [ 4187994.721947102807462, 7516763.43577981274575 ], [ 4187992.927321036346257, 7516767.991703500039876 ], [ 4187983.545389148406684, 7516792.432471667416394 ], [ 4187981.830548244528472, 7516797.019022007472813 ], [ 4187972.876595455221832, 7516821.619805112481117 ], [ 4187971.242062070406973, 7516826.235585000365973 ], [ 4187962.718815925065428, 7516850.988889169879258 ], [ 4187961.1650879541412, 7516855.632492592558265 ], [ 4187953.075144639704376, 7516880.53077794611454 ], [ 4187951.602695363108069, 7516885.200790418311954 ], [ 4187943.948519203346223, 7516910.236472549848258 ], [ 4187942.557797143701464, 7516914.931471538729966 ], [ 4187935.341719578951597, 7516940.09692466724664 ], [ 4187934.033148364163935, 7516944.815480032004416 ], [ 4187927.25736764492467, 7516970.103037939406931 ], [ 4187926.03134587733075, 7516974.843712362460792 ], [ 4187919.69792582700029, 7517000.245672746561468 ], [ 4187918.554826965555549, 7517005.007022172212601 ], [ 4187912.665696928277612, 7517030.515646844170988 ], [ 4187911.605869171209633, 7517035.296220918186009 ], [ 4187906.162822863552719, 7517060.903740465641022 ], [ 4187905.186589045915753, 7517065.702082980424166 ], [ 4187900.191284663509578, 7517091.40069620590657 ], [ 4187899.298942154273391, 7517096.215345539152622 ], [ 4187894.75290118670091, 7517121.997225026600063 ], [ 4187893.944721802603453, 7517126.826714590191841 ], [ 4187889.84932906832546, 7517152.684006668627262 ], [ 4187889.125558988656849, 7517157.526865351945162 ], [ 4187885.482061967253685, 7517183.451693739742041 ], [ 4187884.842921659350395, 7517188.306446362286806 ], [ 4187881.652430205605924, 7517214.290914040990174 ], [ 4187881.098114357795566, 7517219.156081797555089 ], [ 4187878.361600316129625, 7517245.192273729480803 ], [ 4187877.892277778591961, 7517250.066374642774463 ], [ 4187875.610574745107442, 7517276.14635964948684 ], [ 4187875.226388477254659, 7517281.027909020893276 ], [ 4187873.400191428139806, 7517307.143743536435068 ], [ 4187873.101258458103985, 7517312.031254399567842 ], [ 4187871.731123725418001, 7517338.174982532858849 ], [ 4187871.517535110004246, 7517343.066966103389859 ], [ 4187870.603880021255463, 7517369.230624618008733 ], [ 4187870.475700821727514, 7517374.125590751878917 ], [ 4187870.01880368636921, 7517400.301210070960224 ], [ 4187869.976072947960347, 7517405.197667713277042 ], [ 4187869.976072947960347, 7517431.377274160273373 ], [ 4187870.01880368636921, 7517436.273731802590191 ], [ 4187870.475700821727514, 7517462.449351121671498 ], [ 4187870.603880021255463, 7517467.344317255541682 ], [ 4187871.517535110004246, 7517493.507975770160556 ], [ 4187871.731123725418001, 7517498.399959340691566 ], [ 4187873.101258458103985, 7517524.543687473982573 ], [ 4187873.400191428139806, 7517529.431198337115347 ], [ 4187875.226388477254659, 7517555.547032852657139 ], [ 4187875.610574745107442, 7517560.428582224063575 ], [ 4187877.892277778591961, 7517586.508567230775952 ], [ 4187878.361600316129625, 7517591.382668144069612 ], [ 4187881.098114357795566, 7517617.418860075995326 ], [ 4187881.652430205605924, 7517622.284027832560241 ], [ 4187884.842921659350395, 7517648.268495511263609 ], [ 4187885.482061967253685, 7517653.123248133808374 ], [ 4187889.125558988656849, 7517679.048076521605253 ], [ 4187889.84932906832546, 7517683.890935204923153 ], [ 4187893.944721802603453, 7517709.748227283358574 ], [ 4187894.75290118670091, 7517714.577716846950352 ], [ 4187899.298942154273391, 7517740.359596334397793 ], [ 4187900.191284663509578, 7517745.174245667643845 ], [ 4187905.186589045915753, 7517770.872858893126249 ], [ 4187906.162822863552719, 7517775.671201407909393 ], [ 4187911.605869171209633, 7517801.278720955364406 ], [ 4187912.665696928277612, 7517806.059295029379427 ], [ 4187918.554826965555549, 7517831.567919701337814 ], [ 4187919.69792582700029, 7517836.329269126988947 ], [ 4187926.03134587733075, 7517861.731229511089623 ], [ 4187927.25736764492467, 7517866.471903934143484 ], [ 4187934.033148364163935, 7517891.759461841545999 ], [ 4187935.341719578951597, 7517896.478017206303775 ], [ 4187942.557797143701464, 7517921.643470334820449 ], [ 4187943.948519203346223, 7517926.338469323702157 ], [ 4187951.602695363108069, 7517951.374151455238461 ], [ 4187953.075144639704376, 7517956.044163927435875 ], [ 4187961.1650879541412, 7517980.94244928099215 ], [ 4187962.718815925065428, 7517985.586052703671157 ], [ 4187971.242062070406973, 7518010.339356873184443 ], [ 4187972.876595455221832, 7518014.955136761069298 ], [ 4187981.830548244528472, 7518039.555919866077602 ], [ 4187983.545389148406684, 7518044.142470206134021 ], [ 4187992.927321036346257, 7518068.58323837351054 ], [ 4187994.721947102807462, 7518073.139162060804665 ], [ 4188004.529000303708017, 7518097.412470510229468 ], [ 4188006.402864871546626, 7518101.936379764229059 ], [ 4188016.632052067667246, 7518126.034834621474147 ], [ 4188018.584584339987487, 7518130.525351416319609 ], [ 4188029.232789651025087, 7518154.441612119786441 ], [ 4188031.263394867535681, 7518158.897368599660695 ], [ 4188042.327374602667987, 7518182.624149708077312 ], [ 4188044.435434220824391, 7518187.043788607232273 ], [ 4188055.911818362772465, 7518210.573863100260496 ], [ 4188058.096690248232335, 7518214.956038154661655 ], [ 4188069.981982849538326, 7518238.282238275744021 ], [ 4188072.243001468013972, 7518242.62561463098973 ], [ 4188084.533582266420126, 7518265.740835214965045 ], [ 4188086.870058890432119, 7518270.044089836999774 ], [ 4188099.562184008769691, 7518292.941289665177464 ], [ 4188101.97340692486614, 7518297.203111740760505 ], [ 4188115.063210170716047, 7518319.875316021032631 ], [ 4188117.548444896936417, 7518324.094407358206809 ], [ 4188131.031938949134201, 7518346.534709860570729 ], [ 4188133.590428458526731, 7518350.709785283543169 ], [ 4188147.46350636286661, 7518372.911350877955556 ], [ 4188150.094471315387636, 7518377.041138617321849 ], [ 4188164.352906814776361, 7518398.997203882783651 ], [ 4188167.055545792449266, 7518403.080445966683328 ], [ 4188181.694996069185436, 7518424.784323547966778 ], [ 4188184.46848582290113, 7518428.819776180200279 ], [ 4188199.484491247218102, 7518450.264854393899441 ], [ 4188202.327986944001168, 7518454.251288335770369 ], [ 4188217.715973366051912, 7518475.431034641340375 ], [ 4188220.628608849830925, 7518479.36723558884114 ], [ 4188236.383889509830624, 7518500.275199203751981 ], [ 4188239.36477756453678, 7518504.159968149848282 ], [ 4188255.482552677858621, 7518524.789779534563422 ], [ 4188258.530785295180976, 7518528.621933141723275 ], [ 4188275.006145477294922, 7518548.967308583669364 ], [ 4188278.120794136077166, 7518552.745679540559649 ], [ 4188294.948720861691982, 7518572.800421671941876 ], [ 4188298.128836810123175, 7518576.523859050124884 ], [ 4188315.304203969426453, 7518596.281858812086284 ], [ 4188318.548818513285369, 7518599.949228417128325 ], [ 4188336.066394627094269, 7518619.404467676766217 ], [ 4188339.374519425444305, 7518623.014652390964329 ], [ 4188357.228967951610684, 7518642.161204324103892 ], [ 4188360.599595317151397, 7518645.713104452006519 ], [ 4188378.785478098317981, 7518664.545137356966734 ], [ 4188382.217581306118518, 7518668.037670955061913 ], [ 4188400.729358637239784, 7518686.549448287114501 ], [ 4188404.22189223440364, 7518689.981551494449377 ], [ 4188423.053925134241581, 7518708.167434273287654 ], [ 4188426.605825262144208, 7518711.538061639294028 ], [ 4188445.75237741228193, 7518729.392510366626084 ], [ 4188449.362562127411366, 7518732.70063516497612 ], [ 4188468.817801254335791, 7518750.218211157247424 ], [ 4188472.48517085891217, 7518753.462825700640678 ], [ 4188492.24317068234086, 7518770.638192911632359 ], [ 4188495.966608060989529, 7518773.818308860063553 ], [ 4188516.021350121125579, 7518790.646235525608063 ], [ 4188519.799721078015864, 7518793.760884184390306 ], [ 4188540.145096433348954, 7518810.236244296655059 ], [ 4188543.977250040508807, 7518813.284476914443076 ], [ 4188564.607061692047864, 7518829.402252235449851 ], [ 4188568.491830638144165, 7518832.383140289224684 ], [ 4188589.399793752934784, 7518848.138420574367046 ], [ 4188593.335994699504226, 7518851.051056059077382 ], [ 4188614.515741460490972, 7518866.439042814075947 ], [ 4188618.502175403293222, 7518869.282538510859013 ], [ 4188639.947253609076142, 7518884.298543926328421 ], [ 4188643.982706240843982, 7518887.072033679112792 ], [ 4188665.686583530623466, 7518901.71148375980556 ], [ 4188669.769825614057481, 7518904.414122737944126 ], [ 4188691.725891108624637, 7518918.672558387741446 ], [ 4188695.855678848456591, 7518921.303523340262473 ], [ 4188718.057244274765253, 7518935.176601139828563 ], [ 4188722.232319697737694, 7518937.735090649686754 ], [ 4188744.672622303012758, 7518951.218584764748812 ], [ 4188748.891713640186936, 7518953.703819490969181 ], [ 4188771.56391819845885, 7518966.793622894212604 ], [ 4188775.825740274507552, 7518969.20484580937773 ], [ 4188798.722939825616777, 7518981.896970770321786 ], [ 4188803.026194447651505, 7518984.23344739433378 ], [ 4188826.141414860263467, 7518996.52402810472995 ], [ 4188830.484791215043515, 7518998.785046723671257 ], [ 4188853.810991564299911, 7519010.670339441858232 ], [ 4188858.193166618235409, 7519012.855211326852441 ], [ 4188881.723240993451327, 7519024.331595411524177 ], [ 4188886.142879893071949, 7519026.439655030146241 ], [ 4188909.869661116041243, 7519037.503634818829596 ], [ 4188914.325417596381158, 7519039.53424003534019 ], [ 4188938.241678313817829, 7519050.182445351034403 ], [ 4188942.732195108197629, 7519052.134977622888982 ], [ 4188966.83064989792183, 7519062.364164790138602 ], [ 4188971.354559151921421, 7519064.238029357977211 ], [ 4188995.627867552451789, 7519074.045082539319992 ], [ 4189000.183791239280254, 7519075.839708605781198 ], [ 4189024.624559298623353, 7519085.221640454605222 ], [ 4189029.211109639611095, 7519086.936481359414756 ], [ 4189053.811892856378108, 7519095.890434191562235 ], [ 4189058.427672743797302, 7519097.524967576377094 ], [ 4189083.180977128911763, 7519106.048213794827461 ], [ 4189087.824580552056432, 7519107.601941765286028 ], [ 4189112.72286569327116, 7519115.691885008476675 ], [ 4189117.392878165002912, 7519117.164334285072982 ], [ 4189142.42856037709862, 7519124.818510469980538 ], [ 4189147.123559366445988, 7519126.209232529625297 ], [ 4189172.289012455847114, 7519133.425310082733631 ], [ 4189177.007567820604891, 7519134.733881297521293 ], [ 4189202.295125693082809, 7519141.509662007912993 ], [ 4189207.035800115671009, 7519142.735683775506914 ], [ 4189232.437760367058218, 7519149.069103795103729 ], [ 4189237.199109792243689, 7519150.212202657014132 ], [ 4189262.707734963856637, 7519156.1013328069821 ], [ 4189267.488309038802981, 7519157.161160563118756 ], [ 4189293.095827979966998, 7519162.604206741787493 ], [ 4189297.894170494750142, 7519163.580440560355783 ], [ 4189323.592784132342786, 7519168.575745024718344 ], [ 4189328.407433465588838, 7519169.46808753348887 ], [ 4189354.189312792383134, 7519174.014128470793366 ], [ 4189359.018802355509251, 7519174.822307854890823 ], [ 4189384.876094596926123, 7519178.917700614780188 ], [ 4189389.718953280244023, 7519179.641470693983138 ], [ 4189415.643781528342515, 7519183.284967693500221 ], [ 4189420.498534150887281, 7519183.924108001403511 ], [ 4189446.483001672197133, 7519187.114599438384175 ], [ 4189451.348169428296387, 7519187.668915286660194 ], [ 4189477.384361375588924, 7519190.405429332517087 ], [ 4189482.258462288882583, 7519190.874751870520413 ], [ 4189508.338447731919587, 7519193.156454940326512 ], [ 4189513.219997103791684, 7519193.540641207247972 ], [ 4189539.335831182543188, 7519195.366838224232197 ], [ 4189544.223342045675963, 7519195.665771194733679 ], [ 4189570.367070184554905, 7519197.03590593021363 ], [ 4189575.259053755551577, 7519197.249494546093047 ], [ 4189601.422712545841932, 7519198.163149644620717 ], [ 4189606.317678679246455, 7519198.291328843683004 ], [ 4189632.493297859095037, 7519198.748225974850357 ], [ 4189637.389755501411855, 7519198.79095671325922 ] ] ] ] } },
{ "type": "Feature", "properties": { "id": null }, "geometry": { "type": "MultiPolygon", "coordinates": [ [ [ [ 4192976.071925802156329, 7528223.178499977104366 ], [ 4193002.251532405614853, 7528223.178499977104366 ], [ 4193010.555148928891867, 7528223.106035413220525 ], [ 4193036.730768107809126, 7528222.649138280190527 ], [ 4193045.031855268869549, 7528222.431766662746668 ], [ 4193071.195513683836907, 7528221.518111579120159 ], [ 4193079.491542891599238, 7528221.155899122357368 ], [ 4193105.635271419305354, 7528219.785764368250966 ], [ 4193113.923715622164309, 7528219.278821403160691 ], [ 4193140.039549829438329, 7528217.452624374069273 ], [ 4193148.317884287796915, 7528216.801105322316289 ], [ 4193174.397869361564517, 7528214.519402284175158 ], [ 4193182.66357241384685, 7528213.723505605012178 ], [ 4193208.69976443098858, 7528210.98699155356735 ], [ 4193216.950318264774978, 7528210.046959683299065 ], [ 4193242.93478580750525, 7528206.8564682463184 ], [ 4193251.167677223682404, 7528205.7725875293836 ], [ 4193277.092505663167685, 7528202.129090500995517 ], [ 4193285.305226842872798, 7528200.901691096834838 ], [ 4193311.162518855184317, 7528196.806298374198377 ], [ 4193319.352568124886602, 7528195.435754161328077 ], [ 4193345.134447651915252, 7528190.889713187702 ], [ 4193353.29933024244383, 7528189.376441646367311 ], [ 4193378.997943683993071, 7528184.381137220188975 ], [ 4193387.135172493755817, 7528182.725599307566881 ], [ 4193412.742691758554429, 7528177.282553059048951 ], [ 4193420.849788107909262, 7528175.485253068618476 ], [ 4193446.358412900008261, 7528169.596123005263507 ], [ 4193454.43290728982538, 7528167.657608412206173 ], [ 4193479.834867553319782, 7528161.324188392609358 ], [ 4193487.874300413765013, 7528159.245049687102437 ], [ 4193513.161858626641333, 7528152.469268884509802 ], [ 4193521.163781068753451, 7528150.250139391049743 ], [ 4193546.329233943019062, 7528143.034061897546053 ], [ 4193554.291208503767848, 7528140.675617585889995 ], [ 4193579.326890550088137, 7528133.021441454067826 ], [ 4193587.246491935104132, 7528130.524400729686022 ], [ 4193612.144777380395681, 7528122.434457387775183 ], [ 4193620.019593202043325, 7528119.799580872058868 ], [ 4193644.772897499147803, 7528111.276334682479501 ], [ 4193652.600529012270272, 7528108.504424984566867 ], [ 4193677.201312038116157, 7528099.550472223199904 ], [ 4193684.97937487019226, 7528096.642373694106936 ], [ 4193709.420143047813326, 7528087.260441801510751 ], [ 4193717.146267925854772, 7528084.217040276154876 ], [ 4193741.419576363172382, 7528074.409987079910934 ], [ 4193749.091409834567457, 7528071.232209607958794 ], [ 4193773.189864719752222, 7528061.00302239973098 ], [ 4193780.805069869849831, 7528057.691836962476373 ], [ 4193804.721330443862826, 7528047.043631709180772 ], [ 4193812.277587607502937, 7528043.600046926178038 ], [ 4193836.004368952009827, 7528032.536067080684006 ], [ 4193843.499376419465989, 7528028.961131900548935 ], [ 4193867.029450634028763, 7528017.484747895039618 ], [ 4193874.460925354156643, 7528013.779551279731095 ], [ 4193897.787125697825104, 7528001.894258565269411 ], [ 4193905.152803970966488, 7527998.059929151087999 ], [ 4193928.268024465069175, 7527985.769348399713635 ], [ 4193935.565662634093314, 7527981.807054162025452 ], [ 4193958.462862449232489, 7527969.114929051138461 ], [ 4193965.690237583592534, 7527965.02587694209069 ], [ 4193988.362441861536354, 7527951.936073698103428 ], [ 4193995.517352432012558, 7527947.721509283408523 ], [ 4194017.957654979079962, 7527934.238015204668045 ], [ 4194025.037921531125903, 7527929.899222281761467 ], [ 4194047.239487090613693, 7527916.026144399307668 ], [ 4194054.242952906060964, 7527911.564444605261087 ], [ 4194076.19901830656454, 7527897.306009015999734 ], [ 4194083.123550062067807, 7527892.722761428914964 ], [ 4194104.827427395619452, 7527878.083311320282519 ], [ 4194111.670915811788291, 7527873.379912042059004 ], [ 4194133.115994124207646, 7527858.363906550221145 ], [ 4194139.876354608219117, 7527853.541788280010223 ], [ 4194161.056101102381945, 7527838.153801718726754 ], [ 4194167.731274382211268, 7527833.214433322660625 ], [ 4194188.639237799681723, 7527817.459152810275555 ], [ 4194195.227190554141998, 7527812.404038866050541 ], [ 4194215.857001908123493, 7527796.28626377787441 ], [ 4194222.355727382004261, 7527791.116944123990834 ], [ 4194242.701102958992124, 7527774.641583832912147 ], [ 4194249.108621578197926, 7527769.359633091837168 ], [ 4194269.163363521918654, 7527752.531706524081528 ], [ 4194275.477723493706435, 7527747.138733631931245 ], [ 4194295.235723518766463, 7527729.963366243988276 ], [ 4194301.455001427792013, 7527724.461013949476182 ], [ 4194320.910240408033133, 7527706.943438086658716 ], [ 4194327.032541803084314, 7527701.333382462151349 ], [ 4194346.179093908518553, 7527683.478933776728809 ], [ 4194352.202553875744343, 7527677.762883698567748 ], [ 4194371.034586797468364, 7527659.577000900171697 ], [ 4194376.9573705336079, 7527653.756697532720864 ], [ 4194395.469147787429392, 7527635.244920279830694 ], [ 4194401.289451155811548, 7527629.322136543691158 ], [ 4194419.475333956070244, 7527610.490103621967137 ], [ 4194425.191384034231305, 7527604.466643654741347 ], [ 4194443.045832797884941, 7527585.320091464556754 ], [ 4194448.655888422392309, 7527579.197790069505572 ], [ 4194466.173464329913259, 7527559.742551037110388 ], [ 4194471.675816623494029, 7527553.523273128084838 ], [ 4194488.851183880120516, 7527533.765273252502084 ], [ 4194494.244156773202121, 7527527.450913280248642 ], [ 4194511.072083437815309, 7527507.396171222440898 ], [ 4194516.354034177958965, 7527500.988652603700757 ], [ 4194532.829394338652492, 7527480.643277188763022 ], [ 4194537.998713993467391, 7527474.144551714882255 ], [ 4194554.116489203646779, 7527453.514740204438567 ], [ 4194559.17160314694047, 7527446.926787449978292 ], [ 4194574.926883579231799, 7527426.018824139609933 ], [ 4194579.86625197622925, 7527419.34365085978061 ], [ 4194595.254238616675138, 7527398.163904256187379 ], [ 4194600.07635688688606, 7527391.403543772175908 ], [ 4194615.092362272553146, 7527369.958465611562133 ], [ 4194619.79576155077666, 7527363.114977195858955 ], [ 4194634.435211751610041, 7527341.411099727265537 ], [ 4194639.018459338694811, 7527334.486567971296608 ], [ 4194653.276894940063357, 7527312.530502549372613 ], [ 4194657.738594734109938, 7527305.527036733925343 ], [ 4194671.611672541126609, 7527283.325471295975149 ], [ 4194675.950465464033186, 7527276.245204743929207 ], [ 4194689.433959595859051, 7527253.804902109317482 ], [ 4194693.648524010553956, 7527246.649991539306939 ], [ 4194706.738327295519412, 7527223.977787187322974 ], [ 4194710.827379403635859, 7527216.750412052497268 ], [ 4194723.51950444187969, 7527193.853212367743254 ], [ 4194727.481798680499196, 7527186.555574198253453 ], [ 4194739.772379446774721, 7527163.44035367667675 ], [ 4194743.60670886002481, 7527156.074675404466689 ], [ 4194755.492001508362591, 7527132.748475193046033 ], [ 4194759.197198124602437, 7527125.317000472918153 ], [ 4194770.673582263290882, 7527101.786925986409187 ], [ 4194774.248517442494631, 7527094.291918518953025 ], [ 4194785.312497236765921, 7527070.565137279219925 ], [ 4194788.756082019768655, 7527063.008880115114152 ], [ 4194799.404287258163095, 7527039.092619573697448 ], [ 4194802.715472695417702, 7527031.477414423599839 ], [ 4194812.944659903645515, 7527007.378959538415074 ], [ 4194816.122437375597656, 7526999.707126067019999 ], [ 4194825.92949054390192, 7526975.43381770234555 ], [ 4194828.972892069257796, 7526967.707692824304104 ], [ 4194838.354824000969529, 7526943.266924546100199 ], [ 4194841.262922530062497, 7526935.488861713558435 ], [ 4194850.216875297948718, 7526910.888078667223454 ], [ 4194852.988784994930029, 7526903.060447154566646 ], [ 4194861.51203116774559, 7526878.307142904959619 ], [ 4194864.146907683461905, 7526870.432327083311975 ], [ 4194872.236850970424712, 7526845.534041815437376 ], [ 4194874.733891695737839, 7526837.614440430887043 ], [ 4194882.388067913241684, 7526812.578758107498288 ], [ 4194884.74651222396642, 7526804.616783546283841 ], [ 4194891.962589715607464, 7526779.45133067201823 ], [ 4194894.181719209067523, 7526771.449408229440451 ], [ 4194900.957499957643449, 7526746.161850215867162 ], [ 4194903.03663866315037, 7526738.122417355887592 ], [ 4194909.370058689266443, 7526712.720457072369754 ], [ 4194911.3085732832551, 7526704.645962682552636 ], [ 4194917.197703387588263, 7526679.137337713502347 ], [ 4194918.995003378018737, 7526671.030241363681853 ], [ 4194924.438049618154764, 7526645.422722131945193 ], [ 4194926.093587529845536, 7526637.285493322648108 ], [ 4194931.088891945779324, 7526611.586879930458963 ], [ 4194932.602163487114012, 7526603.421997339464724 ], [ 4194937.148204441182315, 7526577.640117923729122 ], [ 4194938.518748654983938, 7526569.450068654492497 ], [ 4194942.614141395315528, 7526543.592776534147561 ], [ 4194943.841540799476206, 7526535.380055353976786 ], [ 4194947.485037812031806, 7526509.455227031372488 ], [ 4194948.568918528966606, 7526501.222335616126657 ], [ 4194951.75940999109298, 7526475.237867875955999 ], [ 4194952.699441861361265, 7526466.987314041703939 ], [ 4194955.43595589324832, 7526440.951122200116515 ], [ 4194956.231852573342621, 7526432.685419147834182 ], [ 4194958.513555626384914, 7526406.605433907359838 ], [ 4194959.165074678137898, 7526398.327099449001253 ], [ 4194960.991271705366671, 7526372.211265236139297 ], [ 4194961.498214669525623, 7526363.922821032814682 ], [ 4194962.86834941059351, 7526337.779092766344547 ], [ 4194963.230561868287623, 7526329.483063559047878 ], [ 4194964.144216959364712, 7526303.319404969923198 ], [ 4194964.361588576808572, 7526295.018317808397114 ], [ 4194964.818485710769892, 7526268.842698548920453 ], [ 4194964.89095027372241, 7526260.539082026109099 ], [ 4194964.89095027372241, 7526234.359475588425994 ], [ 4194964.818485710769892, 7526226.055859065614641 ], [ 4194964.361588576808572, 7526199.880239806137979 ], [ 4194964.144216959364712, 7526191.579152644611895 ], [ 4194963.230561868287623, 7526165.415494055487216 ], [ 4194962.86834941059351, 7526157.119464848190546 ], [ 4194961.498214669525623, 7526130.975736581720412 ], [ 4194960.991271705366671, 7526122.687292378395796 ], [ 4194959.165074678137898, 7526096.571458165533841 ], [ 4194958.513555626384914, 7526088.293123707175255 ], [ 4194956.231852573342621, 7526062.213138466700912 ], [ 4194955.43595589324832, 7526053.947435414418578 ], [ 4194952.699441858567297, 7526027.911243554204702 ], [ 4194951.759409989230335, 7526019.660689720883965 ], [ 4194948.568918532691896, 7525993.676222021691501 ], [ 4194947.485037814825773, 7525985.443330605514348 ], [ 4194943.841540799476206, 7525959.518502260558307 ], [ 4194942.614141395315528, 7525951.305781080387533 ], [ 4194938.518748654983938, 7525925.448488960042596 ], [ 4194937.148204441182315, 7525917.258439690805972 ], [ 4194932.602163487114012, 7525891.476560275070369 ], [ 4194931.088891945779324, 7525883.31167768407613 ], [ 4194926.093587529845536, 7525857.613064291886985 ], [ 4194924.438049618154764, 7525849.4758354825899 ], [ 4194918.995003378018737, 7525823.86831625085324 ], [ 4194917.197703387588263, 7525815.761219901032746 ], [ 4194911.3085732832551, 7525790.252594931982458 ], [ 4194909.370058689266443, 7525782.178100542165339 ], [ 4194903.03663866315037, 7525756.776140258647501 ], [ 4194900.957499957643449, 7525748.736707398667932 ], [ 4194894.181719209067523, 7525723.449149385094643 ], [ 4194891.962589715607464, 7525715.447226942516863 ], [ 4194884.74651222396642, 7525690.281774068251252 ], [ 4194882.388067913241684, 7525682.319799507036805 ], [ 4194874.733891695737839, 7525657.28411718364805 ], [ 4194872.236850970424712, 7525649.364515799097717 ], [ 4194864.146907683461905, 7525624.466230531223118 ], [ 4194861.51203116774559, 7525616.591414709575474 ], [ 4194852.988784994930029, 7525591.838110459968448 ], [ 4194850.216875297948718, 7525584.01047894731164 ], [ 4194841.262922530062497, 7525559.409695900976658 ], [ 4194838.354824000969529, 7525551.631633068434894 ], [ 4194828.972892069257796, 7525527.190864790230989 ], [ 4194825.92949054390192, 7525519.464739912189543 ], [ 4194816.122437375597656, 7525495.191431547515094 ], [ 4194812.944659903645515, 7525487.519598076120019 ], [ 4194802.715472695417702, 7525463.421143190935254 ], [ 4194799.404287258163095, 7525455.805938040837646 ], [ 4194788.756082019768655, 7525431.889677499420941 ], [ 4194785.312497236765921, 7525424.333420335315168 ], [ 4194774.248517442494631, 7525400.606639095582068 ], [ 4194770.673582263290882, 7525393.111631628125906 ], [ 4194759.197198124602437, 7525369.58155714161694 ], [ 4194755.492001508362591, 7525362.15008242148906 ], [ 4194743.60670886002481, 7525338.823882210068405 ], [ 4194739.772379446774721, 7525331.458203937858343 ], [ 4194727.481798680499196, 7525308.342983416281641 ], [ 4194723.51950444187969, 7525301.04534524679184 ], [ 4194710.827379362657666, 7525278.148145489394665 ], [ 4194706.738327254541218, 7525270.920770355500281 ], [ 4194693.648524053394794, 7525248.248566149733961 ], [ 4194689.433959639631212, 7525241.093655578792095 ], [ 4194675.950465464033186, 7525218.653352870605886 ], [ 4194671.611672541126609, 7525211.573086318559945 ], [ 4194657.738594734109938, 7525189.371520880609751 ], [ 4194653.276894940063357, 7525182.36805506516248 ], [ 4194639.018459338694811, 7525160.411989643238485 ], [ 4194634.435211751610041, 7525153.487457887269557 ], [ 4194619.79576155077666, 7525131.783580418676138 ], [ 4194615.092362272553146, 7525124.94009200297296 ], [ 4194600.07635688688606, 7525103.495013842359185 ], [ 4194595.254238616675138, 7525096.734653358347714 ], [ 4194579.86625197622925, 7525075.554906754754484 ], [ 4194574.926883579231799, 7525068.87973347492516 ], [ 4194559.17160314694047, 7525047.971770164556801 ], [ 4194554.116489203646779, 7525041.383817410096526 ], [ 4194537.998713993467391, 7525020.754005899652839 ], [ 4194532.829394338652492, 7525014.255280425772071 ], [ 4194516.354034177958965, 7524993.909905010834336 ], [ 4194511.072083437815309, 7524987.502386392094195 ], [ 4194494.244156773202121, 7524967.447644334286451 ], [ 4194488.851183880120516, 7524961.13328436203301 ], [ 4194471.675816623494029, 7524941.375284486450255 ], [ 4194466.173464329913259, 7524935.156006577424705 ], [ 4194448.655888422392309, 7524915.700767545029521 ], [ 4194443.045832797884941, 7524909.57846614997834 ], [ 4194425.191384034231305, 7524890.431913959793746 ], [ 4194419.475333956070244, 7524884.408453992567956 ], [ 4194401.289451155811548, 7524865.576421070843935 ], [ 4194395.469147787429392, 7524859.653637334704399 ], [ 4194376.9573705336079, 7524841.141860081814229 ], [ 4194371.034586797468364, 7524835.321556714363396 ], [ 4194352.202553875744343, 7524817.135673915967345 ], [ 4194346.179093908518553, 7524811.419623837806284 ], [ 4194327.032541803084314, 7524793.565175152383745 ], [ 4194320.910240408033133, 7524787.955119527876377 ], [ 4194301.455001427792013, 7524770.437543665058911 ], [ 4194295.235723518766463, 7524764.935191370546818 ], [ 4194275.477723493706435, 7524747.759823982603848 ], [ 4194269.163363521918654, 7524742.366851090453565 ], [ 4194249.108621578197926, 7524725.538924522697926 ], [ 4194242.701102958992124, 7524720.256973781622946 ], [ 4194222.355727382004261, 7524703.78161349054426 ], [ 4194215.857001908123493, 7524698.612293836660683 ], [ 4194195.227190554141998, 7524682.494518748484552 ], [ 4194188.639237799681723, 7524677.439404804259539 ], [ 4194167.731274382211268, 7524661.684124291874468 ], [ 4194161.056101102381945, 7524656.744755895808339 ], [ 4194139.876354608219117, 7524641.35676933452487 ], [ 4194133.115994124207646, 7524636.534651064313948 ], [ 4194111.670915811788291, 7524621.518645572476089 ], [ 4194104.827427395619452, 7524616.815246294252574 ], [ 4194083.123550062067807, 7524602.175796185620129 ], [ 4194076.19901830656454, 7524597.592548598535359 ], [ 4194054.242952906060964, 7524583.334113009274006 ], [ 4194047.239487090613693, 7524578.872413215227425 ], [ 4194025.037921531125903, 7524564.999335332773626 ], [ 4194017.957654979079962, 7524560.660542409867048 ], [ 4193995.517352432012558, 7524547.177048331126571 ], [ 4193988.362441861536354, 7524542.962483916431665 ], [ 4193965.690237583592534, 7524529.872680672444403 ], [ 4193958.462862449232489, 7524525.783628563396633 ], [ 4193935.565662634093314, 7524513.091503452509642 ], [ 4193928.268024465069175, 7524509.129209214821458 ], [ 4193905.152803970966488, 7524496.838628463447094 ], [ 4193897.787125697825104, 7524493.004299049265683 ], [ 4193874.460925354156643, 7524481.119006334803998 ], [ 4193867.029450634028763, 7524477.413809719495475 ], [ 4193843.499376419465989, 7524465.937425713986158 ], [ 4193836.004368952009827, 7524462.362490533851087 ], [ 4193812.277587607502937, 7524451.298510688357055 ], [ 4193804.721330443862826, 7524447.854925905354321 ], [ 4193780.805069869849831, 7524437.206720652058721 ], [ 4193773.189864719752222, 7524433.895535214804113 ], [ 4193749.091409834567457, 7524423.6663480065763 ], [ 4193741.419576363172382, 7524420.488570534624159 ], [ 4193717.146267925854772, 7524410.681517338380218 ], [ 4193709.420143047813326, 7524407.638115813024342 ], [ 4193684.97937487019226, 7524398.256183920428157 ], [ 4193677.201312038116157, 7524395.348085391335189 ], [ 4193652.600529012270272, 7524386.394132629968226 ], [ 4193644.772897499147803, 7524383.622222932055593 ], [ 4193620.019593202043325, 7524375.098976742476225 ], [ 4193612.144777380395681, 7524372.464100226759911 ], [ 4193587.246491935104132, 7524364.374156884849072 ], [ 4193579.326890550088137, 7524361.877116160467267 ], [ 4193554.291208503767848, 7524354.222940028645098 ], [ 4193546.329233943019062, 7524351.86449571698904 ], [ 4193521.163781068753451, 7524344.648418223485351 ], [ 4193513.161858626641333, 7524342.429288730025291 ], [ 4193487.874300413765013, 7524335.653507927432656 ], [ 4193479.834867553319782, 7524333.574369221925735 ], [ 4193454.43290728982538, 7524327.24094920232892 ], [ 4193446.358412900008261, 7524325.302434609271586 ], [ 4193420.849788107909262, 7524319.413304545916617 ], [ 4193412.742691758554429, 7524317.616004555486143 ], [ 4193387.135172493755817, 7524312.172958306968212 ], [ 4193378.997943683993071, 7524310.517420394346118 ], [ 4193353.29933024244383, 7524305.522115968167782 ], [ 4193345.134447651915252, 7524304.008844426833093 ], [ 4193319.352568124886602, 7524299.462803453207016 ], [ 4193311.162518855184317, 7524298.092259240336716 ], [ 4193285.305226842872798, 7524293.996866517700255 ], [ 4193277.092505663167685, 7524292.769467113539577 ], [ 4193251.167677223682404, 7524289.125970085151494 ], [ 4193242.93478580750525, 7524288.042089368216693 ], [ 4193216.950318264774978, 7524284.851597931236029 ], [ 4193208.69976443098858, 7524283.911566060967743 ], [ 4193182.66357241384685, 7524281.175052009522915 ], [ 4193174.397869361564517, 7524280.379155330359936 ], [ 4193148.317884287796915, 7524278.097452292218804 ], [ 4193140.039549829438329, 7524277.44593324046582 ], [ 4193113.923715622164309, 7524275.619736211374402 ], [ 4193105.635271419305354, 7524275.112793246284127 ], [ 4193079.491542891599238, 7524273.742658492177725 ], [ 4193071.195513683836907, 7524273.380446035414934 ], [ 4193045.031855268869549, 7524272.466790951788425 ], [ 4193036.730768107809126, 7524272.249419334344566 ], [ 4193010.555148928891867, 7524271.792522201314569 ], [ 4193002.251532405614853, 7524271.720057637430727 ], [ 4192976.071925802156329, 7524271.720057637430727 ], [ 4192967.768309278879315, 7524271.792522201314569 ], [ 4192941.592690099962056, 7524272.249419334344566 ], [ 4192933.291602938901633, 7524272.466790951788425 ], [ 4192907.127944523934275, 7524273.380446035414934 ], [ 4192898.831915316171944, 7524273.742658492177725 ], [ 4192872.688186788465828, 7524275.112793246284127 ], [ 4192864.399742585606873, 7524275.619736211374402 ], [ 4192838.283908378332853, 7524277.44593324046582 ], [ 4192830.005573919974267, 7524278.097452292218804 ], [ 4192803.925588846206665, 7524280.379155330359936 ], [ 4192795.659885793924332, 7524281.175052009522915 ], [ 4192769.623693776782602, 7524283.911566060967743 ], [ 4192761.373139942996204, 7524284.851597931236029 ], [ 4192735.388672400265932, 7524288.042089368216693 ], [ 4192727.155780984088778, 7524289.125970085151494 ], [ 4192701.230952544603497, 7524292.769467113539577 ], [ 4192693.018231364898384, 7524293.996866517700255 ], [ 4192667.160939352586865, 7524298.092259240336716 ], [ 4192658.97089008288458, 7524299.462803453207016 ], [ 4192633.18901055585593, 7524304.008844426833093 ], [ 4192625.024127965327352, 7524305.522115968167782 ], [ 4192599.325514523778111, 7524310.517420394346118 ], [ 4192591.188285714015365, 7524312.172958306968212 ], [ 4192565.580766449216753, 7524317.616004555486143 ], [ 4192557.47367009986192, 7524319.413304545916617 ], [ 4192531.965045307762921, 7524325.302434609271586 ], [ 4192523.890550917945802, 7524327.24094920232892 ], [ 4192498.4885906544514, 7524333.574369221925735 ], [ 4192490.449157794006169, 7524335.653507927432656 ], [ 4192465.161599581129849, 7524342.429288730025291 ], [ 4192457.159677139017731, 7524344.648418223485351 ], [ 4192431.99422426475212, 7524351.86449571698904 ], [ 4192424.032249704003334, 7524354.222940028645098 ], [ 4192398.996567657683045, 7524361.877116160467267 ], [ 4192391.07696627266705, 7524364.374156884849072 ], [ 4192366.178680827375501, 7524372.464100226759911 ], [ 4192358.303865005727857, 7524375.098976742476225 ], [ 4192333.550560708623379, 7524383.622222932055593 ], [ 4192325.72292919550091, 7524386.394132629968226 ], [ 4192301.122146169655025, 7524395.348085391335189 ], [ 4192293.344083337578923, 7524398.256183920428157 ], [ 4192268.903315159957856, 7524407.638115813024342 ], [ 4192261.17719028191641, 7524410.681517338380218 ], [ 4192236.9038818445988, 7524420.488570534624159 ], [ 4192229.232048373203725, 7524423.6663480065763 ], [ 4192205.13359348801896, 7524433.895535214804113 ], [ 4192197.518388337921351, 7524437.206720652058721 ], [ 4192173.602127763908356, 7524447.854925905354321 ], [ 4192166.045870600268245, 7524451.298510688357055 ], [ 4192142.319089255761355, 7524462.362490533851087 ], [ 4192134.824081788305193, 7524465.937425713986158 ], [ 4192111.294007573742419, 7524477.413809719495475 ], [ 4192103.862532853614539, 7524481.119006334803998 ], [ 4192080.536332509946078, 7524493.004299049265683 ], [ 4192073.170654236804694, 7524496.838628463447094 ], [ 4192050.055433742702007, 7524509.129209214821458 ], [ 4192042.757795573677868, 7524513.091503452509642 ], [ 4192019.860595758538693, 7524525.783628563396633 ], [ 4192012.633220624178648, 7524529.872680672444403 ], [ 4191989.961016346234828, 7524542.962483916431665 ], [ 4191982.806105775758624, 7524547.177048331126571 ], [ 4191960.36580322869122, 7524560.660542409867048 ], [ 4191953.285536676645279, 7524564.999335332773626 ], [ 4191931.083971117157489, 7524578.872413215227425 ], [ 4191924.080505301710218, 7524583.334113009274006 ], [ 4191902.124439901206642, 7524597.592548598535359 ], [ 4191895.199908145703375, 7524602.175796185620129 ], [ 4191873.49603081215173, 7524616.815246294252574 ], [ 4191866.652542395982891, 7524621.518645572476089 ], [ 4191845.207464083563536, 7524636.534651064313948 ], [ 4191838.447103599552065, 7524641.35676933452487 ], [ 4191817.267357105389237, 7524656.744755895808339 ], [ 4191810.592183825559914, 7524661.684124291874468 ], [ 4191789.684220408089459, 7524677.439404804259539 ], [ 4191783.096267653629184, 7524682.494518748484552 ], [ 4191762.466456299647689, 7524698.612293836660683 ], [ 4191755.967730825766921, 7524703.78161349054426 ], [ 4191735.622355248779058, 7524720.256973781622946 ], [ 4191729.214836629573256, 7524725.538924522697926 ], [ 4191709.160094685852528, 7524742.366851090453565 ], [ 4191702.845734714064747, 7524747.759823982603848 ], [ 4191683.087734689004719, 7524764.935191370546818 ], [ 4191676.868456779979169, 7524770.437543665058911 ], [ 4191657.41321779973805, 7524787.955119527876377 ], [ 4191651.290916405152529, 7524793.565175152383745 ], [ 4191632.144364299252629, 7524811.419623837806284 ], [ 4191626.120904331561178, 7524817.135673915967345 ], [ 4191607.288871410302818, 7524835.321556714363396 ], [ 4191601.366087674163282, 7524841.141860081814229 ], [ 4191582.85431042034179, 7524859.653637334704399 ], [ 4191577.034007052425295, 7524865.576421070843935 ], [ 4191558.848124251700938, 7524884.408453992567956 ], [ 4191553.132074173539877, 7524890.431913959793746 ], [ 4191535.277625409886241, 7524909.57846614997834 ], [ 4191529.667569785378873, 7524915.700767545029521 ], [ 4191512.149993877857924, 7524935.156006577424705 ], [ 4191506.647641584277153, 7524941.375284486450255 ], [ 4191489.472274327185005, 7524961.13328436203301 ], [ 4191484.0793014341034, 7524967.447644334286451 ], [ 4191467.251374770421535, 7524987.502386392094195 ], [ 4191461.969424030277878, 7524993.909905010834336 ], [ 4191445.494063869584352, 7525014.255280425772071 ], [ 4191440.324744214769453, 7525020.754005899652839 ], [ 4191424.206969004124403, 7525041.383817410096526 ], [ 4191419.151855060365051, 7525047.971770164556801 ], [ 4191403.396574628539383, 7525068.87973347492516 ], [ 4191398.457206232007593, 7525075.554906754754484 ], [ 4191383.069219591096044, 7525096.734653358347714 ], [ 4191378.247101321350783, 7525103.495013842359185 ], [ 4191363.231095935218036, 7525124.94009200297296 ], [ 4191358.52769665652886, 7525131.783580418676138 ], [ 4191343.88824645569548, 7525153.487457887269557 ], [ 4191339.30499886861071, 7525160.411989643238485 ], [ 4191325.046563267707825, 7525182.36805506516248 ], [ 4191320.584863474126905, 7525189.371520880609751 ], [ 4191306.711785667110234, 7525211.573086318559945 ], [ 4191302.372992743737996, 7525218.653352870605886 ], [ 4191288.889498568605632, 7525241.093655578792095 ], [ 4191284.674934154376388, 7525248.248566149733961 ], [ 4191271.585130953229964, 7525270.920770355500281 ], [ 4191267.496078844647855, 7525278.148145489394665 ], [ 4191254.803953765891492, 7525301.04534524679184 ], [ 4191250.841659527737647, 7525308.342983416281641 ], [ 4191238.551078760996461, 7525331.458203937858343 ], [ 4191234.716749347280711, 7525338.823882210068405 ], [ 4191222.83145669894293, 7525362.15008242148906 ], [ 4191219.126260082703084, 7525369.58155714161694 ], [ 4191207.649875913280994, 7525393.111631693318486 ], [ 4191204.074940734077245, 7525400.606639161705971 ], [ 4191193.010960999876261, 7525424.333420272916555 ], [ 4191189.567376216873527, 7525431.889677436091006 ], [ 4191178.919170949142426, 7525455.805938040837646 ], [ 4191175.607985511887819, 7525463.421143190935254 ], [ 4191165.378798333462328, 7525487.519598004408181 ], [ 4191162.201020861044526, 7525495.191431475803256 ], [ 4191152.393967634998262, 7525519.464739985764027 ], [ 4191149.350566109642386, 7525527.190864863805473 ], [ 4191139.968634207267314, 7525551.631633068434894 ], [ 4191137.060535678174347, 7525559.409695900976658 ], [ 4191128.106582909822464, 7525584.01047894731164 ], [ 4191125.334673212375492, 7525591.838110459968448 ], [ 4191116.811427039559931, 7525616.591414709575474 ], [ 4191114.176550523843616, 7525624.466230531223118 ], [ 4191106.086607237812132, 7525649.364515799097717 ], [ 4191103.589566512499005, 7525657.28411718364805 ], [ 4191095.935390294995159, 7525682.319799507036805 ], [ 4191093.576945983804762, 7525690.281774068251252 ], [ 4191086.360868492163718, 7525715.447226942516863 ], [ 4191084.14173899916932, 7525723.449149385094643 ], [ 4191077.365958250593394, 7525748.736707398667932 ], [ 4191075.286819544620812, 7525756.776140258647501 ], [ 4191068.953399518039078, 7525782.178100542165339 ], [ 4191067.014884924516082, 7525790.252594931982458 ], [ 4191061.12575482018292, 7525815.761219901032746 ], [ 4191059.328454830218107, 7525823.86831625085324 ], [ 4191053.885408590082079, 7525849.4758354825899 ], [ 4191052.229870677925646, 7525857.613064291886985 ], [ 4191047.23456626245752, 7525883.31167768407613 ], [ 4191045.721294721122831, 7525891.476560275070369 ], [ 4191041.175253766588867, 7525917.258439690805972 ], [ 4191039.804709553252906, 7525925.448488960042596 ], [ 4191035.709316812455654, 7525951.305781080387533 ], [ 4191034.481917408294976, 7525959.518502260558307 ], [ 4191030.838420392945409, 7525985.443330605514348 ], [ 4191029.754539675544947, 7525993.676222021691501 ], [ 4191026.564048218540847, 7526019.660689720883965 ], [ 4191025.624016348738223, 7526027.911243554204702 ], [ 4191022.887502314057201, 7526053.947435414418578 ], [ 4191022.091605634428561, 7526062.213138466700912 ], [ 4191019.809902581386268, 7526088.293123707175255 ], [ 4191019.158383530098945, 7526096.571458165533841 ], [ 4191017.332186502404511, 7526122.687292378395796 ], [ 4191016.825243537779897, 7526130.975736581720412 ], [ 4191015.455108796712011, 7526157.119464848190546 ], [ 4191015.092896339017898, 7526165.415494055487216 ], [ 4191014.179241247940809, 7526191.579152644611895 ], [ 4191013.961869630496949, 7526199.880239806137979 ], [ 4191013.50497249700129, 7526226.055859065614641 ], [ 4191013.432507933583111, 7526234.359475588425994 ], [ 4191013.432507933583111, 7526260.539082026109099 ], [ 4191013.50497249700129, 7526268.842698548920453 ], [ 4191013.961869630496949, 7526295.018317808397114 ], [ 4191014.179241247940809, 7526303.319404969923198 ], [ 4191015.092896339017898, 7526329.483063559047878 ], [ 4191015.455108796712011, 7526337.779092766344547 ], [ 4191016.825243537779897, 7526363.922821032814682 ], [ 4191017.332186502404511, 7526372.211265236139297 ], [ 4191019.158383530098945, 7526398.327099449001253 ], [ 4191019.809902581386268, 7526406.605433907359838 ], [ 4191022.091605634428561, 7526432.685419147834182 ], [ 4191022.887502314057201, 7526440.951122200116515 ], [ 4191025.624016346875578, 7526466.987314041703939 ], [ 4191026.564048216678202, 7526475.237867875955999 ], [ 4191029.754539678338915, 7526501.222335616126657 ], [ 4191030.838420395739377, 7526509.455227031372488 ], [ 4191034.481917408294976, 7526535.380055353976786 ], [ 4191035.709316812455654, 7526543.592776534147561 ], [ 4191039.804709553252906, 7526569.450068654492497 ], [ 4191041.175253766588867, 7526577.640117923729122 ], [ 4191045.721294721122831, 7526603.421997339464724 ], [ 4191047.23456626245752, 7526611.586879930458963 ], [ 4191052.229870677925646, 7526637.285493322648108 ], [ 4191053.885408590082079, 7526645.422722131945193 ], [ 4191059.328454830218107, 7526671.030241363681853 ], [ 4191061.12575482018292, 7526679.137337713502347 ], [ 4191067.014884924516082, 7526704.645962682552636 ], [ 4191068.953399518039078, 7526712.720457072369754 ], [ 4191075.286819544620812, 7526738.122417355887592 ], [ 4191077.365958250593394, 7526746.161850215867162 ], [ 4191084.14173899916932, 7526771.449408229440451 ], [ 4191086.360868492163718, 7526779.45133067201823 ], [ 4191093.576945983804762, 7526804.616783546283841 ], [ 4191095.935390294995159, 7526812.578758107498288 ], [ 4191103.589566512499005, 7526837.614440430887043 ], [ 4191106.086607237812132, 7526845.534041815437376 ], [ 4191114.176550523843616, 7526870.432327083311975 ], [ 4191116.811427039559931, 7526878.307142904959619 ], [ 4191125.334673212375492, 7526903.060447154566646 ], [ 4191128.106582909822464, 7526910.888078667223454 ], [ 4191137.060535678174347, 7526935.488861713558435 ], [ 4191139.968634207267314, 7526943.266924546100199 ], [ 4191149.350566138513386, 7526967.707692824304104 ], [ 4191152.393967664334923, 7526975.43381770234555 ], [ 4191162.201020831707865, 7526999.707126067019999 ], [ 4191165.378798303660005, 7527007.378959538415074 ], [ 4191175.607985511887819, 7527031.477414423599839 ], [ 4191178.919170949142426, 7527039.092619573697448 ], [ 4191189.567376187536865, 7527063.008880115114152 ], [ 4191193.0109609705396, 7527070.565137279219925 ], [ 4191204.074940765276551, 7527094.291918518953025 ], [ 4191207.6498759444803, 7527101.786925986409187 ], [ 4191219.126260082703084, 7527125.317000472918153 ], [ 4191222.83145669894293, 7527132.748475193046033 ], [ 4191234.716749347280711, 7527156.074675404466689 ], [ 4191238.551078760996461, 7527163.44035367667675 ], [ 4191250.841659527737647, 7527186.555574198253453 ], [ 4191254.803953765891492, 7527193.853212367743254 ], [ 4191267.496078804135323, 7527216.750412052497268 ], [ 4191271.585130912717432, 7527223.977787187322974 ], [ 4191284.674934197682887, 7527246.649991539306939 ], [ 4191288.889498611912131, 7527253.804902109317482 ], [ 4191302.372992743737996, 7527276.245204743929207 ], [ 4191306.711785667110234, 7527283.325471295975149 ], [ 4191320.584863474126905, 7527305.527036733925343 ], [ 4191325.046563267707825, 7527312.530502549372613 ], [ 4191339.30499886861071, 7527334.486567971296608 ], [ 4191343.88824645569548, 7527341.411099727265537 ], [ 4191358.52769665652886, 7527363.114977195858955 ], [ 4191363.231095935218036, 7527369.958465611562133 ], [ 4191378.247101321350783, 7527391.403543772175908 ], [ 4191383.069219591096044, 7527398.163904256187379 ], [ 4191398.457206232007593, 7527419.34365085978061 ], [ 4191403.396574628539383, 7527426.018824139609933 ], [ 4191419.151855060365051, 7527446.926787449978292 ], [ 4191424.206969004124403, 7527453.514740204438567 ], [ 4191440.324744214769453, 7527474.144551714882255 ], [ 4191445.494063869584352, 7527480.643277188763022 ], [ 4191461.969424030277878, 7527500.988652603700757 ], [ 4191467.251374770421535, 7527507.396171222440898 ], [ 4191484.0793014341034, 7527527.450913280248642 ], [ 4191489.472274327185005, 7527533.765273252502084 ], [ 4191506.647641584277153, 7527553.523273128084838 ], [ 4191512.149993877857924, 7527559.742551037110388 ], [ 4191529.667569785378873, 7527579.197790069505572 ], [ 4191535.277625409886241, 7527585.320091464556754 ], [ 4191553.132074173539877, 7527604.466643654741347 ], [ 4191558.848124251700938, 7527610.490103621967137 ], [ 4191577.034007052425295, 7527629.322136543691158 ], [ 4191582.85431042034179, 7527635.244920279830694 ], [ 4191601.366087674163282, 7527653.756697532720864 ], [ 4191607.288871410302818, 7527659.577000900171697 ], [ 4191626.120904331561178, 7527677.762883698567748 ], [ 4191632.144364299252629, 7527683.478933776728809 ], [ 4191651.290916405152529, 7527701.333382462151349 ], [ 4191657.41321779973805, 7527706.943438086658716 ], [ 4191676.868456779979169, 7527724.461013949476182 ], [ 4191683.087734689004719, 7527729.963366243988276 ], [ 4191702.845734714064747, 7527747.138733631931245 ], [ 4191709.160094685852528, 7527752.531706524081528 ], [ 4191729.214836629573256, 7527769.359633091837168 ], [ 4191735.622355248779058, 7527774.641583832912147 ], [ 4191755.967730825766921, 7527791.116944123990834 ], [ 4191762.466456299647689, 7527796.28626377787441 ], [ 4191783.096267653629184, 7527812.404038866050541 ], [ 4191789.684220408089459, 7527817.459152810275555 ], [ 4191810.592183825559914, 7527833.214433322660625 ], [ 4191817.267357105389237, 7527838.153801718726754 ], [ 4191838.447103599552065, 7527853.541788280010223 ], [ 4191845.207464083563536, 7527858.363906550221145 ], [ 4191866.652542395982891, 7527873.379912042059004 ], [ 4191873.49603081215173, 7527878.083311320282519 ], [ 4191895.199908145703375, 7527892.722761428914964 ], [ 4191902.124439901206642, 7527897.306009015999734 ], [ 4191924.080505301710218, 7527911.564444605261087 ], [ 4191931.083971117157489, 7527916.026144399307668 ], [ 4191953.285536676645279, 7527929.899222281761467 ], [ 4191960.36580322869122, 7527934.238015204668045 ], [ 4191982.806105775758624, 7527947.721509283408523 ], [ 4191989.961016346234828, 7527951.936073698103428 ], [ 4192012.633220624178648, 7527965.02587694209069 ], [ 4192019.860595758538693, 7527969.114929051138461 ], [ 4192042.757795573677868, 7527981.807054162025452 ], [ 4192050.055433742702007, 7527985.769348399713635 ], [ 4192073.170654236804694, 7527998.059929151087999 ], [ 4192080.536332509946078, 7528001.894258565269411 ], [ 4192103.862532853614539, 7528013.779551279731095 ], [ 4192111.294007573742419, 7528017.484747895039618 ], [ 4192134.824081788305193, 7528028.961131900548935 ], [ 4192142.319089255761355, 7528032.536067080684006 ], [ 4192166.045870600268245, 7528043.600046926178038 ], [ 4192173.602127763908356, 7528047.043631709180772 ], [ 4192197.518388337921351, 7528057.691836962476373 ], [ 4192205.13359348801896, 7528061.00302239973098 ], [ 4192229.232048373203725, 7528071.232209607958794 ], [ 4192236.9038818445988, 7528074.409987079910934 ], [ 4192261.17719028191641, 7528084.217040276154876 ], [ 4192268.903315159957856, 7528087.260441801510751 ], [ 4192293.344083337578923, 7528096.642373694106936 ], [ 4192301.122146169655025, 7528099.550472223199904 ], [ 4192325.72292919550091, 7528108.504424984566867 ], [ 4192333.550560708623379, 7528111.276334682479501 ], [ 4192358.303865005727857, 7528119.799580872058868 ], [ 4192366.178680827375501, 7528122.434457387775183 ], [ 4192391.07696627266705, 7528130.524400729686022 ], [ 4192398.996567657683045, 7528133.021441454067826 ], [ 4192424.032249704003334, 7528140.675617585889995 ], [ 4192431.99422426475212, 7528143.034061897546053 ], [ 4192457.159677139017731, 7528150.250139391049743 ], [ 4192465.161599581129849, 7528152.469268884509802 ], [ 4192490.449157794006169, 7528159.245049687102437 ], [ 4192498.4885906544514, 7528161.324188392609358 ], [ 4192523.890550917945802, 7528167.657608412206173 ], [ 4192531.965045307762921, 7528169.596123005263507 ], [ 4192557.47367009986192, 7528175.485253068618476 ], [ 4192565.580766449216753, 7528177.282553059048951 ], [ 4192591.188285714015365, 7528182.725599307566881 ], [ 4192599.325514523778111, 7528184.381137220188975 ], [ 4192625.024127965327352, 7528189.376441646367311 ], [ 4192633.18901055585593, 7528190.889713187702 ], [ 4192658.97089008288458, 7528195.435754161328077 ], [ 4192667.160939352586865, 7528196.806298374198377 ], [ 4192693.018231364898384, 7528200.901691096834838 ], [ 4192701.230952544603497, 7528202.129090500995517 ], [ 4192727.155780984088778, 7528205.7725875293836 ], [ 4192735.388672400265932, 7528206.8564682463184 ], [ 4192761.373139942996204, 7528210.046959683299065 ], [ 4192769.623693776782602, 7528210.98699155356735 ], [ 4192795.659885793924332, 7528213.723505605012178 ], [ 4192803.925588846206665, 7528214.519402284175158 ], [ 4192830.005573919974267, 7528216.801105322316289 ], [ 4192838.283908378332853, 7528217.452624374069273 ], [ 4192864.399742585606873, 7528219.278821403160691 ], [ 4192872.688186788465828, 7528219.785764368250966 ], [ 4192898.831915316171944, 7528221.155899122357368 ], [ 4192907.127944523934275, 7528221.518111579120159 ], [ 4192933.291602938901633, 7528222.431766662746668 ], [ 4192941.592690099962056, 7528222.649138280190527 ], [ 4192967.768309278879315, 7528223.106035413220525 ], [ 4192976.071925802156329, 7528223.178499977104366 ] ] ] ] } },
{ "type": "Feature", "properties": { "id": null }, "geometry": { "type": "MultiPolygon", "coordinates": [ [ [ [ 4180198.622897250577807, 7540782.817131616175175 ], [ 4180224.802503763698041, 7540782.817131616175175 ], [ 4180243.273932793643326, 7540782.655933897010982 ], [ 4180269.449551973026246, 7540782.199036764912307 ], [ 4180287.915354426484555, 7540781.715492710471153 ], [ 4180314.079013037495315, 7540780.801837619394064 ], [ 4180332.533564052544534, 7540779.996094521135092 ], [ 4180358.677292342297733, 7540778.625959779135883 ], [ 4180377.11497048381716, 7540777.498263074085116 ], [ 4180403.230804749298841, 7540775.672066042199731 ], [ 4180421.645993721671402, 7540774.222759238444269 ], [ 4180447.725978875998408, 7540771.941056192852557 ], [ 4180466.11306923488155, 7540770.170580763369799 ], [ 4180492.149261167738587, 7540767.434066720306873 ], [ 4180510.502652026712894, 7540765.342961967922747 ], [ 4180536.487119626719505, 7540762.152470523491502 ], [ 4180554.801220365334302, 7540759.74137342069298 ], [ 4180580.726048781070858, 7540756.097876396030188 ], [ 4180598.995280746836215, 7540753.367521384730935 ], [ 4180624.85257282666862, 7540749.27212864998728 ], [ 4180643.07137103471905, 7540746.22334742359817 ], [ 4180668.853250503074378, 7540741.677306460216641 ], [ 4180687.016065330710262, 7540738.311027706600726 ], [ 4180712.714678670279682, 7540733.315723301842809 ], [ 4180730.815977548249066, 7540729.632972422987223 ], [ 4180756.423496875911951, 7540724.189926161430776 ], [ 4180774.457765973173082, 7540720.191824957728386 ], [ 4180799.966390869580209, 7540714.302694869227707 ], [ 4180817.928136772941798, 7540709.990461201407015 ], [ 4180843.330096980091184, 7540703.657041194848716 ], [ 4180861.213848368264735, 7540699.031988612376153 ], [ 4180886.501406526193023, 7540692.256207825616002 ], [ 4180904.301715834997594, 7540687.319745161570609 ], [ 4180929.467168658040464, 7540680.103667683899403 ], [ 4180947.178613740485162, 7540674.857298635877669 ], [ 4180972.214296040125191, 7540667.203122425824404 ], [ 4180989.831481819041073, 7540661.64844508562237 ], [ 4181014.729767106007785, 7540653.558501793071628 ], [ 4181032.24732721503824, 7540647.697208171710372 ], [ 4181057.000631432980299, 7540639.173962010070682 ], [ 4181074.413229854777455, 7540633.007837513461709 ], [ 4181099.014012997504324, 7540624.053884709253907 ], [ 4181116.31634568516165, 7540617.584807597100735 ], [ 4181140.757113781291991, 7540608.202875736169517 ], [ 4181157.943910276982933, 7540601.432816554792225 ], [ 4181182.217218770179898, 7540591.625763336196542 ], [ 4181199.28324380889535, 7540584.556784309446812 ], [ 4181223.381698691286147, 7540574.327597102150321 ], [ 4181240.321753796655685, 7540566.961851509287953 ], [ 4181264.23801431665197, 7540556.31364628020674 ], [ 4181281.046939384192228, 7540548.653377800248563 ], [ 4181304.77372066443786, 7540537.589397986419499 ], [ 4181321.446395531762391, 7540529.636940009891987 ], [ 4181344.976469988934696, 7540518.16055588517338 ], [ 4181361.507815998513252, 7540509.91833080817014 ], [ 4181384.834016151260585, 7540498.033038190566003 ], [ 4181401.218997695017606, 7540489.50355667527765 ], [ 4181424.334218258038163, 7540477.212975887581706 ], [ 4181440.567844311706722, 7540468.398836095817387 ], [ 4181463.465044042561203, 7540455.706711032427847 ], [ 4181479.542369686067104, 7540446.610597837716341 ], [ 4181502.214574012439698, 7540433.520794566720724 ], [ 4181518.130701936781406, 7540424.145478731952608 ], [ 4181540.571004586759955, 7540410.661984589882195 ], [ 4181556.321086585521698, 7540401.010321927256882 ], [ 4181578.522651970852166, 7540387.137244153767824 ], [ 4181594.101890415884554, 7540377.212174654938281 ], [ 4181616.057955936528742, 7540362.953738988377154 ], [ 4181631.461605241522193, 7540352.758285922929645 ], [ 4181653.165482573211193, 7540338.118835814297199 ], [ 4181668.388850637245923, 7540327.656104818917811 ], [ 4181689.833928889129311, 7540312.64009936992079 ], [ 4181704.87237852672115, 7540301.913277490995824 ], [ 4181726.052125059533864, 7540286.525290901772678 ], [ 4181740.901075412984937, 7540275.537645635195076 ], [ 4181761.809038804844022, 7540259.78236514236778 ], [ 4181776.463966740295291, 7540248.537243430502713 ], [ 4181797.093778156209737, 7540232.419468292966485 ], [ 4181811.550219640601426, 7540220.920295509509742 ], [ 4181831.895595131441951, 7540204.444935288280249 ], [ 4181846.149146592710167, 7540192.695214191451669 ], [ 4181866.203888646326959, 7540175.867287531495094 ], [ 4181880.2502083145082, 7540163.870597201399505 ], [ 4181900.008208175655454, 7540146.695229955948889 ], [ 4181913.843017405830324, 7540134.455224699340761 ], [ 4181933.298256495501846, 7540116.937648739665747 ], [ 4181946.917341070715338, 7540104.458056981675327 ], [ 4181966.063893182668835, 7540086.603608289733529 ], [ 4181979.463104597758502, 7540073.888231434859335 ], [ 4181998.29513749293983, 7540055.702348661608994 ], [ 4182011.470394218340516, 7540042.755059937015176 ], [ 4182029.982171506155282, 7540024.243282649666071 ], [ 4182042.929460231214762, 7540011.068025924265385 ], [ 4182061.115343023557216, 7539992.235993009991944 ], [ 4182073.83071987843141, 7539978.836781594902277 ], [ 4182091.68516858946532, 7539959.690229461528361 ], [ 4182104.164760346990079, 7539946.071144886314869 ], [ 4182121.682336304336786, 7539926.615905798971653 ], [ 4182133.922341560944915, 7539912.781096568331122 ], [ 4182151.097708789166063, 7539893.02309672627598 ], [ 4182163.094399119261652, 7539878.97677705809474 ], [ 4182179.922325764317065, 7539858.922035022638738 ], [ 4182191.672046861145645, 7539844.668483561836183 ], [ 4182208.147407079581171, 7539824.323108076117933 ], [ 4182219.646579863503575, 7539809.866666591726243 ], [ 4182235.764355018734932, 7539789.236855152063072 ], [ 4182247.009476730599999, 7539774.581927216611803 ], [ 4182262.764757224358618, 7539753.673963824287057 ], [ 4182273.75240249093622, 7539738.825013470835984 ], [ 4182289.140389097388834, 7539717.645266913808882 ], [ 4182299.867210975848138, 7539702.606817276217043 ], [ 4182314.883216401562095, 7539681.161739056929946 ], [ 4182325.345947397407144, 7539665.938370992429554 ], [ 4182339.985397529322654, 7539644.234493626281619 ], [ 4182350.180850594304502, 7539628.830844321288168 ], [ 4182364.439286236651242, 7539606.874778836965561 ], [ 4182374.364355735946447, 7539591.295540391467512 ], [ 4182388.237433522474021, 7539569.093974985182285 ], [ 4182397.889096184633672, 7539553.343892986886203 ], [ 4182411.372590329498053, 7539530.903590331785381 ], [ 4182420.747906164266169, 7539514.987462406978011 ], [ 4182433.837709400337189, 7539492.315258141607046 ], [ 4182442.933822595514357, 7539476.237932498566806 ], [ 4182455.62594769988209, 7539453.34073269367218 ], [ 4182464.440087491180748, 7539437.107106640003622 ], [ 4182476.730668248143047, 7539413.991886136122048 ], [ 4182485.260149763897061, 7539397.606904592365026 ], [ 4182497.145442404784262, 7539374.28070439491421 ], [ 4182505.387667481321841, 7539357.749358385801315 ], [ 4182516.864051612094045, 7539334.219283914193511 ], [ 4182524.816509588621557, 7539317.546609045937657 ], [ 4182535.880489367991686, 7539293.819827840663493 ], [ 4182543.540757848415524, 7539277.010902773588896 ], [ 4182554.188963105902076, 7539253.094642190262675 ], [ 4182561.554708698298782, 7539236.154587085358799 ], [ 4182571.783895903266966, 7539212.056132207624614 ], [ 4182578.852874930016696, 7539194.990107168443501 ], [ 4182588.659928129985929, 7539170.716798720881343 ], [ 4182595.429987311828882, 7539153.530002225190401 ], [ 4182604.811919205822051, 7539129.089234042912722 ], [ 4182611.2809963170439, 7539111.786901355721056 ], [ 4182620.23494907701388, 7539087.186118333600461 ], [ 4182626.401073574554175, 7539069.773519911803305 ], [ 4182634.924319764133543, 7539045.02021561563015 ], [ 4182640.785613385494798, 7539027.502655506134033 ], [ 4182648.87555668503046, 7539002.604370196349919 ], [ 4182654.430234024766833, 7538984.987184417434037 ], [ 4182662.084410216659307, 7538959.951502176001668 ], [ 4182667.330779265146703, 7538942.240057093091309 ], [ 4182674.546856764238328, 7538917.074604194611311 ], [ 4182679.483319427352399, 7538899.274294886738062 ], [ 4182686.259100184310228, 7538873.986736841499805 ], [ 4182690.884152767714113, 7538856.102985452860594 ], [ 4182697.217572800815105, 7538830.701025139540434 ], [ 4182701.529806468170136, 7538812.739279235713184 ], [ 4182707.418936545960605, 7538787.23065438400954 ], [ 4182711.417037749662995, 7538769.196385286748409 ], [ 4182716.8600840033032, 7538743.588865995407104 ], [ 4182720.542834882624447, 7538725.48756711743772 ], [ 4182725.538139299489558, 7538699.788953718729317 ], [ 4182728.904418052639812, 7538681.626138892024755 ], [ 4182733.450459012296051, 7538655.844259446486831 ], [ 4182736.499240238685161, 7538637.625461238436401 ], [ 4182740.594632972963154, 7538611.768169159069657 ], [ 4182743.324987984262407, 7538593.4989371933043 ], [ 4182746.968485004268587, 7538567.574108814820647 ], [ 4182749.379582107532769, 7538549.26000807620585 ], [ 4182752.570073561742902, 7538523.275540396571159 ], [ 4182754.661178313661367, 7538504.92214953713119 ], [ 4182757.397692347876728, 7538478.885957683436573 ], [ 4182759.168167777825147, 7538460.49886732455343 ], [ 4182761.449870830401778, 7538434.41888209246099 ], [ 4182762.899177633691579, 7538416.003693119622767 ], [ 4182764.725374662317336, 7538389.887858894653618 ], [ 4182765.853071367368102, 7538371.450180753134191 ], [ 4182767.223206109367311, 7538345.306452463380992 ], [ 4182768.028949207626283, 7538326.851901448331773 ], [ 4182768.942604298703372, 7538300.688242837786674 ], [ 4182769.426148353144526, 7538282.222440384328365 ], [ 4182769.883045485243201, 7538256.046821204945445 ], [ 4182770.044243204407394, 7538237.575392175465822 ], [ 4182770.044243204407394, 7538211.395785661414266 ], [ 4182769.883045485243201, 7538192.924356631934643 ], [ 4182769.426148353144526, 7538166.748737452551723 ], [ 4182768.942604298703372, 7538148.282934999093413 ], [ 4182768.028949207626283, 7538122.119276388548315 ], [ 4182767.223206109367311, 7538103.664725373499095 ], [ 4182765.853071367368102, 7538077.520997083745897 ], [ 4182764.725374662317336, 7538059.08331894222647 ], [ 4182762.899177633691579, 7538032.967484717257321 ], [ 4182761.449870830401778, 7538014.552295744419098 ], [ 4182759.168167777825147, 7537988.472310512326658 ], [ 4182757.397692347876728, 7537970.085220153443515 ], [ 4182754.661178313661367, 7537944.049028299748898 ], [ 4182752.570073561742902, 7537925.695637440308928 ], [ 4182749.379582107532769, 7537899.711169760674238 ], [ 4182746.968485004268587, 7537881.397069022059441 ], [ 4182743.324987984262407, 7537855.472240643575788 ], [ 4182740.594632972963154, 7537837.203008677810431 ], [ 4182736.499240238685161, 7537811.345716598443687 ], [ 4182733.450459012296051, 7537793.126918390393257 ], [ 4182728.904418052639812, 7537767.345038944855332 ], [ 4182725.538139299489558, 7537749.182224118150771 ], [ 4182720.542834882624447, 7537723.483610719442368 ], [ 4182716.8600840033032, 7537705.382311841472983 ], [ 4182711.417037749662995, 7537679.774792550131679 ], [ 4182707.418936545960605, 7537661.740523452870548 ], [ 4182701.529806468170136, 7537636.231898601166904 ], [ 4182697.217572800815105, 7537618.270152697339654 ], [ 4182690.884152767714113, 7537592.868192384019494 ], [ 4182686.259100184310228, 7537574.984440995380282 ], [ 4182679.483319427352399, 7537549.696882950142026 ], [ 4182674.546856764238328, 7537531.896573642268777 ], [ 4182667.330779265146703, 7537506.731120743788779 ], [ 4182662.084410216659307, 7537489.01967566087842 ], [ 4182654.430234024766833, 7537463.983993419446051 ], [ 4182648.87555668503046, 7537446.366807640530169 ], [ 4182640.785613385494798, 7537421.468522330746055 ], [ 4182634.924319764133543, 7537403.950962221249938 ], [ 4182626.401073574554175, 7537379.197657925076783 ], [ 4182620.23494907701388, 7537361.785059503279626 ], [ 4182611.2809963170439, 7537337.184276481159031 ], [ 4182604.811919205822051, 7537319.881943793967366 ], [ 4182595.429987311828882, 7537295.441175611689687 ], [ 4182588.659928129985929, 7537278.254379115998745 ], [ 4182578.852874930016696, 7537253.981070668436587 ], [ 4182571.783895903266966, 7537236.915045629255474 ], [ 4182561.554708698298782, 7537212.816590751521289 ], [ 4182554.188963105902076, 7537195.876535646617413 ], [ 4182543.540757848415524, 7537171.960275063291192 ], [ 4182535.880489367991686, 7537155.151349996216595 ], [ 4182524.816509588621557, 7537131.42456879094243 ], [ 4182516.864051612094045, 7537114.751893922686577 ], [ 4182505.387667481321841, 7537091.221819451078773 ], [ 4182497.145442404784262, 7537074.690473441965878 ], [ 4182485.260149763897061, 7537051.364273244515061 ], [ 4182476.730668248143047, 7537034.97929170075804 ], [ 4182464.440087491180748, 7537011.864071196876466 ], [ 4182455.62594769988209, 7536995.630445143207908 ], [ 4182442.933822595514357, 7536972.733245338313282 ], [ 4182433.837709400337189, 7536956.655919695273042 ], [ 4182420.747906164266169, 7536933.983715429902077 ], [ 4182411.372590329498053, 7536918.067587505094707 ], [ 4182397.889096184633672, 7536895.627284849993885 ], [ 4182388.237433522474021, 7536879.877202851697803 ], [ 4182374.364355735946447, 7536857.675637445412576 ], [ 4182364.439286236651242, 7536842.096399 ], [ 4182350.180850594304502, 7536820.140333515591919 ], [ 4182339.985397529322654, 7536804.736684210598469 ], [ 4182325.345947397407144, 7536783.032806844450533 ], [ 4182314.883216401562095, 7536767.809438779950142 ], [ 4182299.867210975848138, 7536746.364360560663044 ], [ 4182289.140389097388834, 7536731.325910923071206 ], [ 4182273.75240249093622, 7536710.146164366044104 ], [ 4182262.764757224358618, 7536695.297214012593031 ], [ 4182247.009476730599999, 7536674.389250620268285 ], [ 4182235.764355018734932, 7536659.734322684817016 ], [ 4182219.646579863503575, 7536639.104511245153844 ], [ 4182208.147407079581171, 7536624.648069760762155 ], [ 4182191.672046861145645, 7536604.302694275043905 ], [ 4182179.922325764317065, 7536590.04914281424135 ], [ 4182163.094399119261652, 7536569.994400778785348 ], [ 4182151.097708789166063, 7536555.948081110604107 ], [ 4182133.922341560944915, 7536536.190081268548965 ], [ 4182121.682336304336786, 7536522.355272037908435 ], [ 4182104.164760346990079, 7536502.900032950565219 ], [ 4182091.68516858946532, 7536489.280948375351727 ], [ 4182073.83071987843141, 7536470.134396241977811 ], [ 4182061.115343023557216, 7536456.735184826888144 ], [ 4182042.929460231214762, 7536437.903151912614703 ], [ 4182029.982171506155282, 7536424.727895187214017 ], [ 4182011.470394218340516, 7536406.216117899864912 ], [ 4181998.29513749293983, 7536393.268829175271094 ], [ 4181979.463104597758502, 7536375.082946402020752 ], [ 4181966.063893182668835, 7536362.367569547146559 ], [ 4181946.917341070715338, 7536344.513120855204761 ], [ 4181933.298256495501846, 7536332.033529097214341 ], [ 4181913.843017405830324, 7536314.515953137539327 ], [ 4181900.008208175655454, 7536302.275947880931199 ], [ 4181880.2502083145082, 7536285.100580635480583 ], [ 4181866.203888646326959, 7536273.103890305384994 ], [ 4181846.149146592710167, 7536256.275963645428419 ], [ 4181831.895595131441951, 7536244.526242548599839 ], [ 4181811.550219640601426, 7536228.050882327370346 ], [ 4181797.093778156209737, 7536216.551709543913603 ], [ 4181776.463966740295291, 7536200.433934406377375 ], [ 4181761.809038804844022, 7536189.188812694512308 ], [ 4181740.901075412984937, 7536173.433532201685011 ], [ 4181726.052125059533864, 7536162.44588693510741 ], [ 4181704.87237852672115, 7536147.057900345884264 ], [ 4181689.833928889129311, 7536136.331078466959298 ], [ 4181668.388850637245923, 7536121.315073017962277 ], [ 4181653.165482573211193, 7536110.852342022582889 ], [ 4181631.461605241522193, 7536096.212891913950443 ], [ 4181616.057955936528742, 7536086.017438848502934 ], [ 4181594.101890415884554, 7536071.759003181941807 ], [ 4181578.522651970852166, 7536061.833933683112264 ], [ 4181556.321086585521698, 7536047.960855909623206 ], [ 4181540.571004586759955, 7536038.309193246997893 ], [ 4181518.130701936781406, 7536024.82569910492748 ], [ 4181502.214574012439698, 7536015.450383270159364 ], [ 4181479.542369686067104, 7536002.360579999163747 ], [ 4181463.465044042561203, 7535993.26446680445224 ], [ 4181440.567844311706722, 7535980.572341741062701 ], [ 4181424.334218258038163, 7535971.758201949298382 ], [ 4181401.218997695017606, 7535959.467621161602437 ], [ 4181384.834016151260585, 7535950.938139646314085 ], [ 4181361.507815998513252, 7535939.052847028709948 ], [ 4181344.976469988934696, 7535930.810621951706707 ], [ 4181321.446395531762391, 7535919.334237826988101 ], [ 4181304.77372066443786, 7535911.381779850460589 ], [ 4181281.046939384192228, 7535900.317800036631525 ], [ 4181264.23801431665197, 7535892.657531556673348 ], [ 4181240.321753796655685, 7535882.009326327592134 ], [ 4181223.381698691286147, 7535874.643580734729767 ], [ 4181199.28324380889535, 7535864.414393527433276 ], [ 4181182.217218770179898, 7535857.345414500683546 ], [ 4181157.943910276982933, 7535847.538361282087862 ], [ 4181140.757113781291991, 7535840.768302100710571 ], [ 4181116.31634568516165, 7535831.386370239779353 ], [ 4181099.014012997504324, 7535824.917293127626181 ], [ 4181074.413229854777455, 7535815.963340323418379 ], [ 4181057.000631432980299, 7535809.797215826809406 ], [ 4181032.24732721503824, 7535801.273969665169716 ], [ 4181014.729767106007785, 7535795.41267604380846 ], [ 4180989.831481819041073, 7535787.322732751257718 ], [ 4180972.214296040125191, 7535781.768055411055684 ], [ 4180947.178613740485162, 7535774.113879201002419 ], [ 4180929.467168658040464, 7535768.867510152980685 ], [ 4180904.301715834997594, 7535761.651432675309479 ], [ 4180886.501406526193023, 7535756.714970011264086 ], [ 4180861.213848368264735, 7535749.939189224503934 ], [ 4180843.330096980091184, 7535745.314136642031372 ], [ 4180817.928136772941798, 7535738.980716635473073 ], [ 4180799.966390869580209, 7535734.66848296765238 ], [ 4180774.457765973173082, 7535728.779352879151702 ], [ 4180756.423496875911951, 7535724.781251675449312 ], [ 4180730.815977548249066, 7535719.338205413892865 ], [ 4180712.714678670279682, 7535715.655454535037279 ], [ 4180687.016065330710262, 7535710.660150130279362 ], [ 4180668.853250503074378, 7535707.293871376663446 ], [ 4180643.07137103471905, 7535702.747830413281918 ], [ 4180624.85257282666862, 7535699.699049186892807 ], [ 4180598.995280746836215, 7535695.603656452149153 ], [ 4180580.726048781070858, 7535692.8733014408499 ], [ 4180554.801220365334302, 7535689.229804416187108 ], [ 4180536.487119626719505, 7535686.818707313388586 ], [ 4180510.502652026712894, 7535683.628215868957341 ], [ 4180492.149261167738587, 7535681.537111116573215 ], [ 4180466.11306923488155, 7535678.800597073510289 ], [ 4180447.725978875998408, 7535677.030121644027531 ], [ 4180421.645993721671402, 7535674.748418598435819 ], [ 4180403.230804749298841, 7535673.299111794680357 ], [ 4180377.11497048381716, 7535671.472914762794971 ], [ 4180358.677292342297733, 7535670.345218057744205 ], [ 4180332.533564052544534, 7535668.975083315744996 ], [ 4180314.079013037495315, 7535668.169340217486024 ], [ 4180287.915354426484555, 7535667.255685126408935 ], [ 4180269.449551973026246, 7535666.772141071967781 ], [ 4180243.273932793643326, 7535666.315243939869106 ], [ 4180224.802503763698041, 7535666.154046220704913 ], [ 4180198.622897250577807, 7535666.154046220704913 ], [ 4180180.151468220632523, 7535666.315243939869106 ], [ 4180153.975849041249603, 7535666.772141071967781 ], [ 4180135.510046587791294, 7535667.255685126408935 ], [ 4180109.346387976780534, 7535668.169340217486024 ], [ 4180090.891836961731315, 7535668.975083315744996 ], [ 4180064.748108671978116, 7535670.345218057744205 ], [ 4180046.310430530458689, 7535671.472914762794971 ], [ 4180020.194596264977008, 7535673.299111794680357 ], [ 4180001.779407292604446, 7535674.748418598435819 ], [ 4179975.699422138277441, 7535677.030121644027531 ], [ 4179957.312331779394299, 7535678.800597073510289 ], [ 4179931.276139846537262, 7535681.537111116573215 ], [ 4179912.922748987562954, 7535683.628215868957341 ], [ 4179886.938281387556344, 7535686.818707313388586 ], [ 4179868.624180648941547, 7535689.229804416187108 ], [ 4179842.699352233204991, 7535692.8733014408499 ], [ 4179824.430120267439634, 7535695.603656452149153 ], [ 4179798.572828187607229, 7535699.699049186892807 ], [ 4179780.354029979556799, 7535702.747830413281918 ], [ 4179754.572150511201471, 7535707.293871376663446 ], [ 4179736.409335683565587, 7535710.660150130279362 ], [ 4179710.710722343996167, 7535715.655454535037279 ], [ 4179692.609423466026783, 7535719.338205413892865 ], [ 4179667.001904138363898, 7535724.781251675449312 ], [ 4179648.967635041102767, 7535728.779352879151702 ], [ 4179623.45901014469564, 7535734.66848296765238 ], [ 4179605.497264241334051, 7535738.980716635473073 ], [ 4179580.095304034184664, 7535745.314136642031372 ], [ 4179562.211552646011114, 7535749.939189224503934 ], [ 4179536.923994488082826, 7535756.714970011264086 ], [ 4179519.123685179278255, 7535761.651432675309479 ], [ 4179493.958232356235385, 7535768.867510152980685 ], [ 4179476.246787273790687, 7535774.113879201002419 ], [ 4179451.211104974150658, 7535781.768055411055684 ], [ 4179433.593919195234776, 7535787.322732751257718 ], [ 4179408.695633908268064, 7535795.41267604380846 ], [ 4179391.178073799237609, 7535801.273969665169716 ], [ 4179366.42476958129555, 7535809.797215826809406 ], [ 4179349.012171159498394, 7535815.963340323418379 ], [ 4179324.411388016771525, 7535824.917293127626181 ], [ 4179307.109055329114199, 7535831.386370239779353 ], [ 4179282.668287232983857, 7535840.768302100710571 ], [ 4179265.481490737292916, 7535847.538361282087862 ], [ 4179241.208182244095951, 7535857.345414500683546 ], [ 4179224.142157205380499, 7535864.414393527433276 ], [ 4179200.043702322989702, 7535874.643580734729767 ], [ 4179183.103647217620164, 7535882.009326327592134 ], [ 4179159.187386697623879, 7535892.657531556673348 ], [ 4179142.378461630083621, 7535900.317800036631525 ], [ 4179118.651680349837989, 7535911.381779850460589 ], [ 4179101.979005482513458, 7535919.334237826988101 ], [ 4179078.448931025341153, 7535930.810621951706707 ], [ 4179061.917585015762597, 7535939.052847028709948 ], [ 4179038.591384863015264, 7535950.938139646314085 ], [ 4179022.206403319258243, 7535959.467621161602437 ], [ 4178999.091182756237686, 7535971.758201949298382 ], [ 4178982.857556702569127, 7535980.572341741062701 ], [ 4178959.960356971714646, 7535993.26446680445224 ], [ 4178943.883031328208745, 7536002.360579999163747 ], [ 4178921.210827001836151, 7536015.450383270159364 ], [ 4178905.294699077494442, 7536024.82569910492748 ], [ 4178882.854396427515894, 7536038.309193246997893 ], [ 4178867.104314428754151, 7536047.960855909623206 ], [ 4178844.902749043423682, 7536061.833933683112264 ], [ 4178829.323510598391294, 7536071.759003181941807 ], [ 4178807.367445077747107, 7536086.017438848502934 ], [ 4178791.963795772753656, 7536096.212891913950443 ], [ 4178770.259918441064656, 7536110.852342022582889 ], [ 4178755.036550377029926, 7536121.315073017962277 ], [ 4178733.591472125146538, 7536136.331078466959298 ], [ 4178718.553022487554699, 7536147.057900345884264 ], [ 4178697.373275954741985, 7536162.44588693510741 ], [ 4178682.524325601290911, 7536173.433532201685011 ], [ 4178661.616362209431827, 7536189.188812694512308 ], [ 4178646.961434273980558, 7536200.433934406377375 ], [ 4178626.331622858066112, 7536216.551709543913603 ], [ 4178611.875181373674423, 7536228.050882327370346 ], [ 4178591.529805882833898, 7536244.526242548599839 ], [ 4178577.276254421565682, 7536256.275963645428419 ], [ 4178557.221512324176729, 7536273.103890343569219 ], [ 4178543.175192655995488, 7536285.100580674596131 ], [ 4178523.417192880995572, 7536302.275947843678296 ], [ 4178509.582383650820702, 7536314.515953099355102 ], [ 4178490.127144518774003, 7536332.033529097214341 ], [ 4178476.508059943560511, 7536344.513120855204761 ], [ 4178457.361507831607014, 7536362.367569547146559 ], [ 4178443.962296416517347, 7536375.082946402020752 ], [ 4178425.130263521336019, 7536393.268829175271094 ], [ 4178411.955006795935333, 7536406.216117899864912 ], [ 4178393.443229508120567, 7536424.727895187214017 ], [ 4178380.495940783061087, 7536437.903151912614703 ], [ 4178362.310057990718633, 7536456.735184826888144 ], [ 4178349.594681135844439, 7536470.134396241977811 ], [ 4178331.74023244343698, 7536489.28094835486263 ], [ 4178319.26064068544656, 7536502.900032930076122 ], [ 4178301.74306469084695, 7536522.355272059328854 ], [ 4178289.503059434704483, 7536536.190081289969385 ], [ 4178272.327692243736237, 7536555.948081089183688 ], [ 4178260.331001913174987, 7536569.994400757364929 ], [ 4178243.503075230866671, 7536590.049142836593091 ], [ 4178231.753354134503752, 7536604.302694297395647 ], [ 4178215.277993934694678, 7536624.648069760762155 ], [ 4178203.778821150772274, 7536639.104511245153844 ], [ 4178187.661045995540917, 7536659.734322684817016 ], [ 4178176.415924283675849, 7536674.389250620268285 ], [ 4178160.660643789917231, 7536695.297214012593031 ], [ 4178149.672998523339629, 7536710.146164366044104 ], [ 4178134.285011916887015, 7536731.325910923071206 ], [ 4178123.558190038427711, 7536746.364360560663044 ], [ 4178108.542184612713754, 7536767.809438779950142 ], [ 4178098.079453616868705, 7536783.032806844450533 ], [ 4178083.440003484953195, 7536804.736684210598469 ], [ 4178073.244550419971347, 7536820.140333515591919 ], [ 4178058.986114777624607, 7536842.096399 ], [ 4178049.061045278329402, 7536857.675637445412576 ], [ 4178035.187967491801828, 7536879.877202851697803 ], [ 4178025.536304829642177, 7536895.627284849993885 ], [ 4178012.052810684777796, 7536918.067587505094707 ], [ 4178002.67749485000968, 7536933.983715429902077 ], [ 4177989.587691613938659, 7536956.655919695273042 ], [ 4177980.491578418761492, 7536972.733245338313282 ], [ 4177967.799453314393759, 7536995.630445143207908 ], [ 4177958.985313523095101, 7537011.864071196876466 ], [ 4177946.694732766132802, 7537034.97929170075804 ], [ 4177938.165251250378788, 7537051.364273244515061 ], [ 4177926.279958609491587, 7537074.690473441965878 ], [ 4177918.037733532954007, 7537091.221819451078773 ], [ 4177906.561349402181804, 7537114.751893922686577 ], [ 4177898.608891425654292, 7537131.42456879094243 ], [ 4177887.544911646284163, 7537155.151349996216595 ], [ 4177879.884643165860325, 7537171.960275063291192 ], [ 4177869.236437908373773, 7537195.876535646617413 ], [ 4177861.870692315977067, 7537212.816590751521289 ], [ 4177851.641505111008883, 7537236.915045629255474 ], [ 4177844.572526084259152, 7537253.981070668436587 ], [ 4177834.76547288428992, 7537278.254379115998745 ], [ 4177827.995413702446967, 7537295.441175611689687 ], [ 4177818.613481808453798, 7537319.881943793967366 ], [ 4177812.144404697231948, 7537337.184276481159031 ], [ 4177803.190451937261969, 7537361.785059503279626 ], [ 4177797.024327439721674, 7537379.197657925076783 ], [ 4177788.501081250142306, 7537403.950962221249938 ], [ 4177782.63978762878105, 7537421.468522330746055 ], [ 4177774.549844329245389, 7537446.366807640530169 ], [ 4177768.995166989509016, 7537463.983993419446051 ], [ 4177761.340990797616541, 7537489.01967566087842 ], [ 4177756.094621749129146, 7537506.731120743788779 ], [ 4177748.878544250037521, 7537531.896573642268777 ], [ 4177743.94208158692345, 7537549.696882950142026 ], [ 4177737.166300829965621, 7537574.984440995380282 ], [ 4177732.541248246561736, 7537592.868192384019494 ], [ 4177726.207828213460743, 7537618.270152697339654 ], [ 4177721.895594546105713, 7537636.231898601166904 ], [ 4177716.006464468315244, 7537661.740523452870548 ], [ 4177712.008363264612854, 7537679.774792550131679 ], [ 4177706.565317010972649, 7537705.382311841472983 ], [ 4177702.882566131651402, 7537723.483610719442368 ], [ 4177697.887261714786291, 7537749.182224118150771 ], [ 4177694.520982961636037, 7537767.345038944855332 ], [ 4177689.974942001979798, 7537793.126918390393257 ], [ 4177686.926160775590688, 7537811.345716598443687 ], [ 4177682.830768041312695, 7537837.203008677810431 ], [ 4177680.100413030013442, 7537855.472240643575788 ], [ 4177676.456916010007262, 7537881.397069022059441 ], [ 4177674.045818906743079, 7537899.711169760674238 ], [ 4177670.855327452532947, 7537925.695637440308928 ], [ 4177668.764222700614482, 7537944.049028299748898 ], [ 4177666.027708666399121, 7537970.085220153443515 ], [ 4177664.257233236450702, 7537988.472310512326658 ], [ 4177661.975530183874071, 7538014.552295744419098 ], [ 4177660.52622338058427, 7538032.967484717257321 ], [ 4177658.700026351958513, 7538059.08331894222647 ], [ 4177657.572329646907747, 7538077.520997083745897 ], [ 4177656.202194904908538, 7538103.664725373499095 ], [ 4177655.396451806649566, 7538122.119276388548315 ], [ 4177654.482796715572476, 7538148.282934999093413 ], [ 4177653.999252661131322, 7538166.748737452551723 ], [ 4177653.542355529032648, 7538192.924356631934643 ], [ 4177653.381157809868455, 7538211.395785661414266 ], [ 4177653.381157809868455, 7538237.575392175465822 ], [ 4177653.542355529032648, 7538256.046821204945445 ], [ 4177653.999252661131322, 7538282.222440384328365 ], [ 4177654.482796715572476, 7538300.688242837786674 ], [ 4177655.396451806649566, 7538326.851901448331773 ], [ 4177656.202194904908538, 7538345.306452463380992 ], [ 4177657.572329646907747, 7538371.450180753134191 ], [ 4177658.700026351958513, 7538389.887858894653618 ], [ 4177660.52622338058427, 7538416.003693119622767 ], [ 4177661.975530183874071, 7538434.41888209246099 ], [ 4177664.257233236450702, 7538460.49886732455343 ], [ 4177666.027708666399121, 7538478.885957683436573 ], [ 4177668.764222700614482, 7538504.92214953713119 ], [ 4177670.855327452532947, 7538523.275540396571159 ], [ 4177674.045818906743079, 7538549.26000807620585 ], [ 4177676.456916010007262, 7538567.574108814820647 ], [ 4177680.100413030013442, 7538593.4989371933043 ], [ 4177682.830768041312695, 7538611.768169159069657 ], [ 4177686.926160775590688, 7538637.625461238436401 ], [ 4177689.974942001979798, 7538655.844259446486831 ], [ 4177694.520982961636037, 7538681.626138892024755 ], [ 4177697.887261714786291, 7538699.788953718729317 ], [ 4177702.882566131651402, 7538725.48756711743772 ], [ 4177706.565317010972649, 7538743.588865995407104 ], [ 4177712.008363260887563, 7538769.196385270915926 ], [ 4177716.006464464589953, 7538787.230654369108379 ], [ 4177721.895594549831003, 7538812.739279254339635 ], [ 4177726.207828217186034, 7538830.701025157235563 ], [ 4177732.541248246561736, 7538856.102985452860594 ], [ 4177737.166300829965621, 7538873.986736841499805 ], [ 4177743.94208158692345, 7538899.274294886738062 ], [ 4177748.878544250037521, 7538917.074604194611311 ], [ 4177756.094621749129146, 7538942.240057093091309 ], [ 4177761.340990797616541, 7538959.951502176001668 ], [ 4177768.995166989509016, 7538984.987184417434037 ], [ 4177774.549844329245389, 7539002.604370196349919 ], [ 4177782.63978762878105, 7539027.502655506134033 ], [ 4177788.501081250142306, 7539045.02021561563015 ], [ 4177797.024327439721674, 7539069.773519911803305 ], [ 4177803.190451937261969, 7539087.186118333600461 ], [ 4177812.144404697231948, 7539111.786901355721056 ], [ 4177818.613481808453798, 7539129.089234042912722 ], [ 4177827.995413702446967, 7539153.530002225190401 ], [ 4177834.76547288428992, 7539170.716798720881343 ], [ 4177844.572526084259152, 7539194.990107168443501 ], [ 4177851.641505111008883, 7539212.056132207624614 ], [ 4177861.870692315977067, 7539236.154587085358799 ], [ 4177869.236437908373773, 7539253.094642190262675 ], [ 4177879.884643165860325, 7539277.010902773588896 ], [ 4177887.544911646284163, 7539293.819827840663493 ], [ 4177898.608891425654292, 7539317.546609045937657 ], [ 4177906.561349402181804, 7539334.219283914193511 ], [ 4177918.037733532954007, 7539357.749358385801315 ], [ 4177926.279958609491587, 7539374.28070439491421 ], [ 4177938.165251250378788, 7539397.606904592365026 ], [ 4177946.694732766132802, 7539413.991886136122048 ], [ 4177958.985313523095101, 7539437.107106640003622 ], [ 4177967.799453314393759, 7539453.34073269367218 ], [ 4177980.491578418761492, 7539476.237932498566806 ], [ 4177989.587691613938659, 7539492.315258141607046 ], [ 4178002.67749485000968, 7539514.987462406978011 ], [ 4178012.052810684777796, 7539530.903590331785381 ], [ 4178025.536304829642177, 7539553.343892986886203 ], [ 4178035.187967491801828, 7539569.093974985182285 ], [ 4178049.061045278329402, 7539591.295540391467512 ], [ 4178058.986114777624607, 7539606.874778836965561 ], [ 4178073.244550419971347, 7539628.830844321288168 ], [ 4178083.440003484953195, 7539644.234493626281619 ], [ 4178098.079453616868705, 7539665.938370992429554 ], [ 4178108.542184612713754, 7539681.161739056929946 ], [ 4178123.558190038427711, 7539702.606817276217043 ], [ 4178134.285011916887015, 7539717.645266913808882 ], [ 4178149.672998523339629, 7539738.825013470835984 ], [ 4178160.660643789917231, 7539753.673963824287057 ], [ 4178176.415924283675849, 7539774.581927216611803 ], [ 4178187.661045995540917, 7539789.236855152063072 ], [ 4178203.778821150772274, 7539809.866666591726243 ], [ 4178215.277993934694678, 7539824.323108076117933 ], [ 4178231.753354153130203, 7539844.668483561836183 ], [ 4178243.503075249958783, 7539858.922035022638738 ], [ 4178260.331001895014197, 7539878.97677705809474 ], [ 4178272.327692225109786, 7539893.02309672627598 ], [ 4178289.503059453330934, 7539912.781096568331122 ], [ 4178301.743064709939063, 7539926.615905798971653 ], [ 4178319.26064066728577, 7539946.071144886314869 ], [ 4178331.740232424810529, 7539959.690229461528361 ], [ 4178349.594681135844439, 7539978.836781594902277 ], [ 4178362.310057990718633, 7539992.235993009991944 ], [ 4178380.495940783061087, 7540011.068025924265385 ], [ 4178393.443229508120567, 7540024.243282649666071 ], [ 4178411.955006795935333, 7540042.755059937015176 ], [ 4178425.130263521336019, 7540055.702348661608994 ], [ 4178443.962296416517347, 7540073.888231434859335 ], [ 4178457.361507831607014, 7540086.603608289733529 ], [ 4178476.508059943560511, 7540104.458056981675327 ], [ 4178490.127144518774003, 7540116.937648739665747 ], [ 4178509.582383608445525, 7540134.455224699340761 ], [ 4178523.417192838620394, 7540146.695229955948889 ], [ 4178543.175192699767649, 7540163.870597201399505 ], [ 4178557.22151236794889, 7540175.867287531495094 ], [ 4178577.276254421565682, 7540192.695214191451669 ], [ 4178591.529805882833898, 7540204.444935288280249 ], [ 4178611.875181373674423, 7540220.920295509509742 ], [ 4178626.331622858066112, 7540232.419468292966485 ], [ 4178646.961434273980558, 7540248.537243430502713 ], [ 4178661.616362209431827, 7540259.78236514236778 ], [ 4178682.524325601290911, 7540275.537645635195076 ], [ 4178697.373275954741985, 7540286.525290901772678 ], [ 4178718.553022487554699, 7540301.913277490995824 ], [ 4178733.591472125146538, 7540312.64009936992079 ], [ 4178755.036550377029926, 7540327.656104818917811 ], [ 4178770.259918441064656, 7540338.118835814297199 ], [ 4178791.963795772753656, 7540352.758285922929645 ], [ 4178807.367445077747107, 7540362.953738988377154 ], [ 4178829.323510598391294, 7540377.212174654938281 ], [ 4178844.902749043423682, 7540387.137244153767824 ], [ 4178867.104314428754151, 7540401.010321927256882 ], [ 4178882.854396427515894, 7540410.661984589882195 ], [ 4178905.294699077494442, 7540424.145478731952608 ], [ 4178921.210827001836151, 7540433.520794566720724 ], [ 4178943.883031328208745, 7540446.610597837716341 ], [ 4178959.960356971714646, 7540455.706711032427847 ], [ 4178982.857556702569127, 7540468.398836095817387 ], [ 4178999.091182756237686, 7540477.212975887581706 ], [ 4179022.206403319258243, 7540489.50355667527765 ], [ 4179038.591384863015264, 7540498.033038190566003 ], [ 4179061.917585015762597, 7540509.91833080817014 ], [ 4179078.448931025341153, 7540518.16055588517338 ], [ 4179101.979005482513458, 7540529.636940009891987 ], [ 4179118.651680349837989, 7540537.589397986419499 ], [ 4179142.378461630083621, 7540548.653377800248563 ], [ 4179159.187386697623879, 7540556.31364628020674 ], [ 4179183.103647217620164, 7540566.961851509287953 ], [ 4179200.043702322989702, 7540574.327597102150321 ], [ 4179224.142157205380499, 7540584.556784309446812 ], [ 4179241.208182244095951, 7540591.625763336196542 ], [ 4179265.481490737292916, 7540601.432816554792225 ], [ 4179282.668287232983857, 7540608.202875736169517 ], [ 4179307.109055329114199, 7540617.584807597100735 ], [ 4179324.411388016771525, 7540624.053884709253907 ], [ 4179349.012171159498394, 7540633.007837513461709 ], [ 4179366.42476958129555, 7540639.173962010070682 ], [ 4179391.178073799237609, 7540647.697208171710372 ], [ 4179408.695633908268064, 7540653.558501793071628 ], [ 4179433.593919195234776, 7540661.64844508562237 ], [ 4179451.211104974150658, 7540667.203122425824404 ], [ 4179476.246787273790687, 7540674.857298635877669 ], [ 4179493.958232356235385, 7540680.103667683899403 ], [ 4179519.123685179278255, 7540687.319745161570609 ], [ 4179536.923994488082826, 7540692.256207825616002 ], [ 4179562.211552646011114, 7540699.031988612376153 ], [ 4179580.095304034184664, 7540703.657041194848716 ], [ 4179605.497264241334051, 7540709.990461201407015 ], [ 4179623.45901014469564, 7540714.302694869227707 ], [ 4179648.967635041102767, 7540720.191824957728386 ], [ 4179667.001904138363898, 7540724.189926161430776 ], [ 4179692.609423466026783, 7540729.632972422987223 ], [ 4179710.710722343996167, 7540733.315723301842809 ], [ 4179736.409335683565587, 7540738.311027706600726 ], [ 4179754.572150511201471, 7540741.677306460216641 ], [ 4179780.354029979556799, 7540746.22334742359817 ], [ 4179798.572828187607229, 7540749.27212864998728 ], [ 4179824.430120267439634, 7540753.367521384730935 ], [ 4179842.699352233204991, 7540756.097876396030188 ], [ 4179868.624180648941547, 7540759.74137342069298 ], [ 4179886.938281387556344, 7540762.152470523491502 ], [ 4179912.922748987562954, 7540765.342961967922747 ], [ 4179931.276139846537262, 7540767.434066720306873 ], [ 4179957.312331779394299, 7540770.170580763369799 ], [ 4179975.699422138277441, 7540771.941056192852557 ], [ 4180001.779407292604446, 7540774.222759238444269 ], [ 4180020.194596264977008, 7540775.672066042199731 ], [ 4180046.310430530458689, 7540777.498263074085116 ], [ 4180064.748108671978116, 7540778.625959779135883 ], [ 4180090.891836961731315, 7540779.996094521135092 ], [ 4180109.346387976780534, 7540780.801837619394064 ], [ 4180135.510046587791294, 7540781.715492710471153 ], [ 4180153.975849041249603, 7540782.199036764912307 ], [ 4180180.151468220632523, 7540782.655933897010982 ], [ 4180198.622897250577807, 7540782.817131616175175 ] ] ] ] } },
{ "type": "Feature", "properties": { "id": null }, "geometry": { "type": "MultiPolygon", "coordinates": [ [ [ [ 4156409.170630588196218, 7488374.143224112689495 ], [ 4156435.205601898021996, 7488374.143224112689495 ], [ 4156445.437533725518733, 7488374.054424751549959 ], [ 4156471.468583715613931, 7488373.602561941370368 ], [ 4156481.697433141060174, 7488373.336190607398748 ], [ 4156507.716719452291727, 7488372.432601117528975 ], [ 4156517.939405001234263, 7488371.988738057203591 ], [ 4156543.939089498482645, 7488370.633694090880454 ], [ 4156554.1525315544568, 7488370.012473018839955 ], [ 4156580.12478157505393, 7488368.20638279709965 ], [ 4156590.325903305318207, 7488367.407990858890116 ], [ 4156616.262894902843982, 7488365.151398451067507 ], [ 4156626.448623187374324, 7488364.1760761635378 ], [ 4156652.342542405705899, 7488361.469661405310035 ], [ 4156662.509808761067688, 7488360.317702588625252 ], [ 4156688.352855299133807, 7488357.162280762568116 ], [ 4156698.49859680281952, 7488355.834032447077334 ], [ 4156724.282985064201057, 7488352.230554171837866 ], [ 4156734.40414527989924, 7488350.7264164974913 ], [ 4156760.122107894159853, 7488346.675967294722795 ], [ 4156770.215637788642198, 7488344.996393387205899 ], [ 4156795.859426812734455, 7488340.500193522311747 ], [ 4156805.922285679262131, 7488338.645689359866083 ], [ 4156831.484176368452609, 7488333.705093231983483 ], [ 4156841.513332736678421, 7488331.676217488013208 ], [ 4156866.985623965039849, 7488326.292713564820588 ], [ 4156876.978056520689279, 7488324.090077445842326 ], [ 4156902.353074986953288, 7488318.265287464484572 ], [ 4156912.305773477070034, 7488315.889554521068931 ], [ 4156937.575874650850892, 7488309.625233268365264 ], [ 4156947.485840792767704, 7488307.07711919862777 ], [ 4156972.643412176053971, 7488300.375153773464262 ], [ 4156982.50766056124121, 7488297.655426204204559 ], [ 4157007.545123205520213, 7488290.517835634760559 ], [ 4157017.36068219691515, 7488287.627313893288374 ], [ 4157042.270493655465543, 7488280.056248351931572 ], [ 4157052.034406284336001, 7488276.995803216472268 ], [ 4157076.809062122367322, 7488268.993543596938252 ], [ 4157086.518386978656054, 7488265.764097037725151 ], [ 4157111.150424188002944, 7488257.333053901791573 ], [ 4157120.802236306481063, 7488253.93557879794389 ], [ 4157145.284233904909343, 7488245.07829219661653 ], [ 4157154.875625646207482, 7488241.513812050223351 ], [ 4157179.200208697933704, 7488232.232950148172677 ], [ 4157188.728290624450892, 7488228.502538769505918 ], [ 4157212.888131098821759, 7488218.800897520035505 ], [ 4157222.350032845046371, 7488214.905678708106279 ], [ 4157246.337852725759149, 7488204.786180674098432 ], [ 4157255.730723863467574, 7488200.727327874861658 ], [ 4157279.539296336472034, 7488190.193021763116121 ], [ 4157288.860307232942432, 7488185.971757721155882 ], [ 4157312.482460444793105, 7488175.025816775858402 ], [ 4157321.728803115431219, 7488170.643413158133626 ], [ 4157345.157420300878584, 7488159.28913511801511 ], [ 4157354.326309255324304, 7488154.746912139467895 ], [ 4157377.554332734551281, 7488142.987717392854393 ], [ 4157386.643005815800279, 7488138.287043412216008 ], [ 4157409.663438096642494, 7488126.126474436372519 ], [ 4157418.669157312251627, 7488121.268765546381474 ], [ 4157441.475063332356513, 7488108.710485796444118 ], [ 4157450.395115680992603, 7488103.697205397300422 ], [ 4157472.979625013191253, 7488090.744998136535287 ], [ 4157481.811323299538344, 7488085.577656496316195 ], [ 4157504.167632412631065, 7488072.23542355094105 ], [ 4157512.908316059503704, 7488066.915577347390354 ], [ 4157535.029689967166632, 7488053.187338151969016 ], [ 4157543.676725815981627, 7488047.716590005904436 ], [ 4157565.556500417180359, 7488033.606480218470097 ], [ 4157574.107283520512283, 7488027.986478210426867 ], [ 4157595.738867588341236, 7488013.498748459853232 ], [ 4157604.190821994561702, 7488007.731185632757843 ], [ 4157625.567698680330068, 7487992.870200571604073 ], [ 4157633.918278211727738, 7487986.956814423203468 ], [ 4157655.034007963258773, 7487971.727050763554871 ], [ 4157663.280696980189532, 7487965.669622719287872 ], [ 4157684.128918233793229, 7487950.075668752193451 ], [ 4157692.269232395570725, 7487943.876023633405566 ], [ 4157712.843664919491857, 7487927.922576821409166 ], [ 4157720.875151929445565, 7487921.582582290284336 ], [ 4157741.169597477652133, 7487905.27444875612855 ], [ 4157749.08983782492578, 7487898.796014755964279 ], [ 4157769.098182545043528, 7487882.138107448816299 ], [ 4157776.904790231958032, 7487875.523185629397631 ], [ 4157796.621006657835096, 7487858.520522707141936 ], [ 4157804.311629917938262, 7487851.771105835214257 ], [ 4157823.729778501205146, 7487834.428809376433492 ], [ 4157831.302100510336459, 7487827.546930734068155 ], [ 4157850.416331369895488, 7487809.870225253514946 ], [ 4157857.868070940952748, 7487802.857958029955626 ], [ 4157876.672625769861042, 7487784.852168776094913 ], [ 4157884.001538043376058, 7487777.711625440046191 ], [ 4157902.490752217359841, 7487759.382176415994763 ], [ 4157909.694629333913326, 7487752.115508077666163 ], [ 4157927.862932729069144, 7487733.467921268194914 ], [ 4157934.939604497514665, 7487726.077317034825683 ], [ 4157952.78152373386547, 7487707.117210214026272 ], [ 4157959.728858285117894, 7487699.604896529577672 ], [ 4157977.239018610212952, 7487680.33798130042851 ], [ 4157984.054923036135733, 7487672.706221274100244 ], [ 4158001.228049351833761, 7487653.138301973231137 ], [ 4158007.910470340400934, 7487645.389394696801901 ], [ 4158024.741389352362603, 7487625.52636602986604 ], [ 4158031.288313801866025, 7487617.662645885720849 ], [ 4158047.771954964380711, 7487597.510491860099137 ], [ 4158054.181410592980683, 7487589.534327819943428 ], [ 4158070.312808149028569, 7487569.099119353108108 ], [ 4158076.582864088006318, 7487561.012914262712002 ], [ 4158092.357158600818366, 7487540.300807272084057 ], [ 4158098.485925975255668, 7487532.10699712485075 ], [ 4158113.89836513530463, 7487511.124231529422104 ], [ 4158119.883997634518892, 7487502.825284739024937 ], [ 4158134.929938564542681, 7487481.578181438148022 ], [ 4158140.770632997620851, 7487473.176598087884486 ], [ 4158155.445543017238379, 7487451.671557895839214 ], [ 4158161.139539855998009, 7487443.1698689898476 ], [ 4158175.43899810127914, 7487421.413370369002223 ], [ 4158180.984582010656595, 7487412.814137068577111 ], [ 4158194.904280734248459, 7487390.812734215520322 ], [ 4158200.299781089182943, 7487382.118547067046165 ], [ 4158213.835526837967336, 7487359.878868138417602 ], [ 4158219.079318227246404, 7487351.092346294783056 ], [ 4158232.227033462841064, 7487328.621090820990503 ], [ 4158237.317536177113652, 7487319.744881249032915 ], [ 4158250.073260011151433, 7487297.048818931914866 ], [ 4158255.008940520230681, 7487288.085595618933439 ], [ 4158267.368830351158977, 7487265.171563535928726 ], [ 4158272.148201765026897, 7487256.124026680365205 ], [ 4158284.108533952850848, 7487232.998928101733327 ], [ 4158288.730156471021473, 7487223.869803305715322 ], [ 4158300.287328145001084, 7487200.540604321286082 ], [ 4158304.749809488188475, 7487191.33264176081866 ], [ 4158315.900338865350932, 7487167.806370656006038 ], [ 4158320.202334696892649, 7487158.52234426047653 ], [ 4158330.942862652242184, 7487134.806088397279382 ], [ 4158335.083076982758939, 7487125.448795009404421 ], [ 4158345.410367993172258, 7487101.549698770046234 ], [ 4158349.387553568929434, 7487092.121957303956151 ], [ 4158359.298496406991035, 7487068.047220589593053 ], [ 4158363.111455088481307, 7487058.551871183328331 ], [ 4158372.603064087685198, 7487034.308746505528688 ], [ 4158376.25064720865339, 7487024.748649664223194 ], [ 4158385.32006302382797, 7487000.344440249726176 ], [ 4158388.801171738188714, 7486990.722475981339812 ], [ 4158397.445662108249962, 7486966.16453387029469 ], [ 4158400.759247720707208, 7486956.483600825071335 ], [ 4158408.976208542473614, 7486931.77932395413518 ], [ 4158412.121272824704647, 7486922.042338541708887 ], [ 4158419.908228637650609, 7486897.199169379658997 ], [ 4158422.883824129123241, 7486887.409064900130033 ], [ 4158430.238429129589349, 7486862.434487404301763 ], [ 4158433.043659422546625, 7486852.594213157892227 ], [ 4158439.963698030915111, 7486827.495750928297639 ], [ 4158442.597718040458858, 7486817.608271327801049 ], [ 4158449.081105507910252, 7486792.39348559640348 ], [ 4158451.543121727649122, 7486782.461779278703034 ], [ 4158457.587904995772988, 7486757.138265758752823 ], [ 4158459.877175734378397, 7486747.165324681438506 ], [ 4158465.481533713173121, 7486721.740712491795421 ], [ 4158467.597369321621954, 7486711.729541035369039 ], [ 4158472.759613741654903, 7486686.211489149369299 ], [ 4158474.701376816723496, 7486676.16510321199894 ], [ 4158479.419952501077205, 7486650.561299186199903 ], [ 4158481.187058080919087, 7486640.482725272886455 ], [ 4158485.460543550550938, 7486614.800882305949926 ], [ 4158487.052459288854152, 7486604.693156620487571 ], [ 4158490.879567145369947, 7486578.941011431626976 ], [ 4158492.295813472475857, 7486568.807178958319128 ], [ 4158495.67539079207927, 7486542.992489428259432 ], [ 4158496.915541058871895, 7486532.835603017359972 ], [ 4158499.846569725777954, 7486506.966145952232182 ], [ 4158500.91025033313781, 7486496.789265397936106 ], [ 4158503.391847368329763, 7486470.87283403519541 ], [ 4158504.278737878892571, 7486460.67902515642345 ], [ 4158506.310155684594065, 7486434.723427009768784 ], [ 4158507.019988920539618, 7486424.515760722570121 ], [ 4158508.600615542382002, 7486398.528814774006605 ], [ 4158509.133177663199604, 7486388.31036617141217 ], [ 4158510.262536917813122, 7486362.299901325255632 ], [ 4158510.617667488288134, 7486352.073748747818172 ], [ 4158511.295419162139297, 7486326.047600476071239 ], [ 4158511.473011197056621, 7486315.816824586130679 ], [ 4158511.698951108846813, 7486289.782833605073392 ], [ 4158511.698951108846813, 7486279.550516455434263 ], [ 4158511.473011197056621, 7486253.516525474376976 ], [ 4158511.295419162139297, 7486243.285749584436417 ], [ 4158510.617667488288134, 7486217.259601312689483 ], [ 4158510.262536917813122, 7486207.033448735252023 ], [ 4158509.133177663199604, 7486181.022983889095485 ], [ 4158508.600615542382002, 7486170.80453528650105 ], [ 4158507.019988920539618, 7486144.817589337937534 ], [ 4158506.310155684594065, 7486134.609923050738871 ], [ 4158504.278737878892571, 7486108.654324904084206 ], [ 4158503.391847368329763, 7486098.460516025312245 ], [ 4158500.91025033313781, 7486072.544084662571549 ], [ 4158499.846569725777954, 7486062.367204108275473 ], [ 4158496.915541058871895, 7486036.497747043147683 ], [ 4158495.67539079207927, 7486026.340860632248223 ], [ 4158492.295813472475857, 7486000.526171102188528 ], [ 4158490.879567145369947, 7485990.39233862888068 ], [ 4158487.052459288854152, 7485964.640193440020084 ], [ 4158485.460543550550938, 7485954.532467754557729 ], [ 4158481.187058080919087, 7485928.8506247876212 ], [ 4158479.419952501077205, 7485918.772050874307752 ], [ 4158474.701376816723496, 7485893.168246848508716 ], [ 4158472.759613741654903, 7485883.121860911138356 ], [ 4158467.597369321621954, 7485857.603809025138617 ], [ 4158465.481533713173121, 7485847.592637568712234 ], [ 4158459.877175734378397, 7485822.168025379069149 ], [ 4158457.587904995772988, 7485812.195084301754832 ], [ 4158451.543121727649122, 7485786.871570781804621 ], [ 4158449.081105507910252, 7485776.939864464104176 ], [ 4158442.597718040458858, 7485751.725078732706606 ], [ 4158439.963698030915111, 7485741.837599132210016 ], [ 4158433.043659422546625, 7485716.739136902615428 ], [ 4158430.238429129589349, 7485706.898862656205893 ], [ 4158422.883824129123241, 7485681.924285160377622 ], [ 4158419.908228637650609, 7485672.134180680848658 ], [ 4158412.121272824704647, 7485647.291011518798769 ], [ 4158408.976208542473614, 7485637.554026106372476 ], [ 4158400.759247720707208, 7485612.84974923543632 ], [ 4158397.445662108249962, 7485603.168816190212965 ], [ 4158388.801171738188714, 7485578.610874079167843 ], [ 4158385.32006302382797, 7485568.988909810781479 ], [ 4158376.25064720865339, 7485544.584700396284461 ], [ 4158372.603064087685198, 7485535.024603554978967 ], [ 4158363.111455088481307, 7485510.781478877179325 ], [ 4158359.298496406991035, 7485501.286129470914602 ], [ 4158349.387553568929434, 7485477.211392756551504 ], [ 4158345.410367993172258, 7485467.783651290461421 ], [ 4158335.083076982758939, 7485443.884555051103234 ], [ 4158330.942862652242184, 7485434.527261663228273 ], [ 4158320.202334696892649, 7485410.811005800031126 ], [ 4158315.900338865350932, 7485401.526979404501617 ], [ 4158304.749809488188475, 7485378.000708299688995 ], [ 4158300.287328145001084, 7485368.792745739221573 ], [ 4158288.730156471021473, 7485345.463546754792333 ], [ 4158284.108533952850848, 7485336.334421958774328 ], [ 4158272.148201765026897, 7485313.20932338014245 ], [ 4158267.368830351158977, 7485304.161786524578929 ], [ 4158255.008940520230681, 7485281.247754441574216 ], [ 4158250.073260011151433, 7485272.284531128592789 ], [ 4158237.317536177113652, 7485249.588468811474741 ], [ 4158232.227033462841064, 7485240.712259239517152 ], [ 4158219.079318227246404, 7485218.241003765724599 ], [ 4158213.835526837967336, 7485209.454481922090054 ], [ 4158200.299781089182943, 7485187.21480299346149 ], [ 4158194.904280734248459, 7485178.520615844987333 ], [ 4158180.984582010656595, 7485156.519212991930544 ], [ 4158175.43899810127914, 7485147.919979691505432 ], [ 4158161.139539855998009, 7485126.163481070660055 ], [ 4158155.445543017238379, 7485117.661792164668441 ], [ 4158140.770632997620851, 7485096.156751972623169 ], [ 4158134.929938564542681, 7485087.755168622359633 ], [ 4158119.883997634518892, 7485066.508065321482718 ], [ 4158113.89836513530463, 7485058.209118531085551 ], [ 4158098.485925975255668, 7485037.226352935656905 ], [ 4158092.357158600818366, 7485029.032542788423598 ], [ 4158076.582864088006318, 7485008.320435797795653 ], [ 4158070.312808149028569, 7485000.234230707399547 ], [ 4158054.181410592980683, 7484979.799022240564227 ], [ 4158047.771954964380711, 7484971.822858200408518 ], [ 4158031.288313801866025, 7484951.670704174786806 ], [ 4158024.741389352362603, 7484943.806984030641615 ], [ 4158007.910470340400934, 7484923.943955363705754 ], [ 4158001.228049351833761, 7484916.195048087276518 ], [ 4157984.054923036135733, 7484896.627128786407411 ], [ 4157977.239018610212952, 7484888.995368760079145 ], [ 4157959.728858285117894, 7484869.728453530929983 ], [ 4157952.78152373386547, 7484862.216139846481383 ], [ 4157934.939604497514665, 7484843.256033025681973 ], [ 4157927.862932729069144, 7484835.865428792312741 ], [ 4157909.694629333913326, 7484817.217841982841492 ], [ 4157902.490752217359841, 7484809.951173644512892 ], [ 4157884.001538043376058, 7484791.621724620461464 ], [ 4157876.672625769861042, 7484784.481181284412742 ], [ 4157857.868070940952748, 7484766.47539203055203 ], [ 4157850.416331369895488, 7484759.46312480699271 ], [ 4157831.302100510336459, 7484741.7864193264395 ], [ 4157823.729778501205146, 7484734.904540684074163 ], [ 4157804.311629917938262, 7484717.562244225293398 ], [ 4157796.621006657835096, 7484710.812827353365719 ], [ 4157776.904790231958032, 7484693.810164431110024 ], [ 4157769.098182545043528, 7484687.195242611691356 ], [ 4157749.08983782492578, 7484670.537335304543376 ], [ 4157741.169597477652133, 7484664.058901304379106 ], [ 4157720.875151929445565, 7484647.75076777022332 ], [ 4157712.843664919491857, 7484641.410773239098489 ], [ 4157692.269232395570725, 7484625.457326427102089 ], [ 4157684.128918233793229, 7484619.257681308314204 ], [ 4157663.280696980189532, 7484603.663727341219783 ], [ 4157655.034007963258773, 7484597.606299296952784 ], [ 4157633.918278211727738, 7484582.376535637304187 ], [ 4157625.567698680330068, 7484576.463149488903582 ], [ 4157604.190821994561702, 7484561.602164427749813 ], [ 4157595.738867588341236, 7484555.834601600654423 ], [ 4157574.107283520512283, 7484541.346871850080788 ], [ 4157565.556500417180359, 7484535.726869842037559 ], [ 4157543.676725815981627, 7484521.616760054603219 ], [ 4157535.029689967166632, 7484516.14601190853864 ], [ 4157512.908316059503704, 7484502.417772713117301 ], [ 4157504.167632412631065, 7484497.097926509566605 ], [ 4157481.811323299538344, 7484483.755693564191461 ], [ 4157472.979625013191253, 7484478.588351923972368 ], [ 4157450.395115680992603, 7484465.636144663207233 ], [ 4157441.475063332356513, 7484460.622864264063537 ], [ 4157418.669157312251627, 7484448.064584514126182 ], [ 4157409.663438096642494, 7484443.206875624135137 ], [ 4157386.643005815800279, 7484431.046306648291647 ], [ 4157377.554332734551281, 7484426.345632667653263 ], [ 4157354.326309255324304, 7484414.58643792103976 ], [ 4157345.157420300878584, 7484410.044214942492545 ], [ 4157321.728803115431219, 7484398.689936902374029 ], [ 4157312.482460444793105, 7484394.307533284649253 ], [ 4157288.860307232942432, 7484383.361592339351773 ], [ 4157279.539296336472034, 7484379.140328297391534 ], [ 4157255.730723863467574, 7484368.606022185645998 ], [ 4157246.337852725759149, 7484364.547169386409223 ], [ 4157222.350032845046371, 7484354.427671352401376 ], [ 4157212.888131098821759, 7484350.53245254047215 ], [ 4157188.728290624450892, 7484340.830811291001737 ], [ 4157179.200208697933704, 7484337.100399912334979 ], [ 4157154.875625646207482, 7484327.819538010284305 ], [ 4157145.284233904909343, 7484324.255057863891125 ], [ 4157120.802236306481063, 7484315.397771262563765 ], [ 4157111.150424188002944, 7484312.000296158716083 ], [ 4157086.518386978656054, 7484303.569253022782505 ], [ 4157076.809062122367322, 7484300.339806463569403 ], [ 4157052.034406284336001, 7484292.337546844035387 ], [ 4157042.270493655465543, 7484289.277101708576083 ], [ 4157017.36068219691515, 7484281.706036167219281 ], [ 4157007.545123205520213, 7484278.815514425747097 ], [ 4156982.50766056124121, 7484271.677923856303096 ], [ 4156972.643412176053971, 7484268.958196287043393 ], [ 4156947.485840792767704, 7484262.256230861879885 ], [ 4156937.575874650850892, 7484259.708116792142391 ], [ 4156912.305773477070034, 7484253.443795539438725 ], [ 4156902.353074986953288, 7484251.068062596023083 ], [ 4156876.978056520689279, 7484245.243272614665329 ], [ 4156866.985623965039849, 7484243.040636495687068 ], [ 4156841.513332736678421, 7484237.657132572494447 ], [ 4156831.484176368452609, 7484235.628256828524172 ], [ 4156805.922285679262131, 7484230.687660700641572 ], [ 4156795.859426812734455, 7484228.833156538195908 ], [ 4156770.215637788642198, 7484224.336956673301756 ], [ 4156760.122107894159853, 7484222.65738276578486 ], [ 4156734.40414527989924, 7484218.606933563016355 ], [ 4156724.282985064201057, 7484217.102795888669789 ], [ 4156698.49859680281952, 7484213.499317613430321 ], [ 4156688.352855299133807, 7484212.171069297939539 ], [ 4156662.509808761067688, 7484209.015647471882403 ], [ 4156652.342542405705899, 7484207.86368865519762 ], [ 4156626.448623187374324, 7484205.157273896969855 ], [ 4156616.262894902843982, 7484204.181951609440148 ], [ 4156590.325903305318207, 7484201.925359201617539 ], [ 4156580.12478157505393, 7484201.126967263408005 ], [ 4156554.1525315544568, 7484199.3208770416677 ], [ 4156543.939089498482645, 7484198.699655969627202 ], [ 4156517.939405001234263, 7484197.344612003304064 ], [ 4156507.716719452291727, 7484196.90074894297868 ], [ 4156481.697433141060174, 7484195.997159453108907 ], [ 4156471.468583715613931, 7484195.730788119137287 ], [ 4156445.437533725518733, 7484195.278925308957696 ], [ 4156435.205601898021996, 7484195.19012594781816 ], [ 4156409.170630588196218, 7484195.19012594781816 ], [ 4156398.938698760699481, 7484195.278925308957696 ], [ 4156372.907648770604283, 7484195.730788119137287 ], [ 4156362.678799345158041, 7484195.997159453108907 ], [ 4156336.659513033926487, 7484196.90074894297868 ], [ 4156326.436827484983951, 7484197.344612003304064 ], [ 4156300.437142987735569, 7484198.699655969627202 ], [ 4156290.223700931761414, 7484199.3208770416677 ], [ 4156264.251450911164284, 7484201.126967263408005 ], [ 4156254.050329180900007, 7484201.925359201617539 ], [ 4156228.113337583374232, 7484204.181951609440148 ], [ 4156217.92760929884389, 7484205.157273896969855 ], [ 4156192.033690080512315, 7484207.86368865519762 ], [ 4156181.866423725150526, 7484209.015647471882403 ], [ 4156156.023377187084407, 7484212.171069297939539 ], [ 4156145.877635683398694, 7484213.499317613430321 ], [ 4156120.093247422017157, 7484217.102795888669789 ], [ 4156109.972087206318974, 7484218.606933563016355 ], [ 4156084.254124592058361, 7484222.65738276578486 ], [ 4156074.160594697576016, 7484224.336956673301756 ], [ 4156048.516805673483759, 7484228.833156538195908 ], [ 4156038.453946806956083, 7484230.687660700641572 ], [ 4156012.892056117765605, 7484235.628256828524172 ], [ 4156002.862899749539793, 7484237.657132572494447 ], [ 4155977.390608521178365, 7484243.040636495687068 ], [ 4155967.398175965528935, 7484245.243272614665329 ], [ 4155942.023157499264926, 7484251.068062596023083 ], [ 4155932.07045900914818, 7484253.443795539438725 ], [ 4155906.800357835367322, 7484259.708116792142391 ], [ 4155896.890391693450511, 7484262.256230861879885 ], [ 4155871.732820310164243, 7484268.958196287043393 ], [ 4155861.868571924977005, 7484271.677923856303096 ], [ 4155836.831109280698001, 7484278.815514425747097 ], [ 4155827.015550289303064, 7484281.706036167219281 ], [ 4155802.105738830752671, 7484289.277101708576083 ], [ 4155792.341826201882213, 7484292.337546844035387 ], [ 4155767.567170363850892, 7484300.339806463569403 ], [ 4155757.85784550756216, 7484303.569253022782505 ], [ 4155733.22580829821527, 7484312.000296158716083 ], [ 4155723.573996179737151, 7484315.397771262563765 ], [ 4155699.091998581308872, 7484324.255057863891125 ], [ 4155689.500606840010732, 7484327.819538010284305 ], [ 4155665.17602378828451, 7484337.100399912334979 ], [ 4155655.647941861767322, 7484340.830811291001737 ], [ 4155631.488101387396455, 7484350.53245254047215 ], [ 4155622.026199641171843, 7484354.427671352401376 ], [ 4155598.038379760459065, 7484364.547169386409223 ], [ 4155588.64550862275064, 7484368.606022185645998 ], [ 4155564.83693614974618, 7484379.140328297391534 ], [ 4155555.515925253275782, 7484383.361592339351773 ], [ 4155531.893772041425109, 7484394.307533284649253 ], [ 4155522.647429370786995, 7484398.689936902374029 ], [ 4155499.21881218533963, 7484410.044214942492545 ], [ 4155490.04992323089391, 7484414.58643792103976 ], [ 4155466.821899751666933, 7484426.345632667653263 ], [ 4155457.733226670417935, 7484431.046306648291647 ], [ 4155434.71279438957572, 7484443.206875624135137 ], [ 4155425.707075173966587, 7484448.064584514126182 ], [ 4155402.901169153861701, 7484460.622864264063537 ], [ 4155393.981116805225611, 7484465.636144663207233 ], [ 4155371.396607473026961, 7484478.588351923972368 ], [ 4155362.56490918667987, 7484483.755693564191461 ], [ 4155340.208600073587149, 7484497.097926509566605 ], [ 4155331.46791642671451, 7484502.417772713117301 ], [ 4155309.346542519051582, 7484516.14601190853864 ], [ 4155300.699506670236588, 7484521.616760054603219 ], [ 4155278.819732069037855, 7484535.726869842037559 ], [ 4155270.268948965705931, 7484541.346871850080788 ], [ 4155248.637364897876978, 7484555.834601600654423 ], [ 4155240.185410491656512, 7484561.602164427749813 ], [ 4155218.808533805888146, 7484576.463149488903582 ], [ 4155210.457954274490476, 7484582.376535637304187 ], [ 4155189.342224522959441, 7484597.606299296952784 ], [ 4155181.095535506028682, 7484603.663727341219783 ], [ 4155160.247314252424985, 7484619.257681308314204 ], [ 4155152.107000090647489, 7484625.457326427102089 ], [ 4155131.532567566726357, 7484641.410773239098489 ], [ 4155123.501080556772649, 7484647.75076777022332 ], [ 4155103.206635008566082, 7484664.058901304379106 ], [ 4155095.286394661292434, 7484670.537335304543376 ], [ 4155075.278049941174686, 7484687.195242611691356 ], [ 4155067.471442254260182, 7484693.810164431110024 ], [ 4155047.755225828383118, 7484710.812827353365719 ], [ 4155040.064602568279952, 7484717.562244225293398 ], [ 4155020.646453985013068, 7484734.904540684074163 ], [ 4155013.074131975881755, 7484741.7864193264395 ], [ 4154993.959901116322726, 7484759.46312480699271 ], [ 4154986.508161545265466, 7484766.47539203055203 ], [ 4154967.703606716357172, 7484784.481181284412742 ], [ 4154960.374694442842156, 7484791.621724620461464 ], [ 4154941.885480268858373, 7484809.951173644512892 ], [ 4154934.681603152304888, 7484817.217841982841492 ], [ 4154916.513299757149071, 7484835.865428792312741 ], [ 4154909.436627988703549, 7484843.256033025681973 ], [ 4154891.594708752352744, 7484862.216139846481383 ], [ 4154884.64737420110032, 7484869.728453530929983 ], [ 4154867.137213876005262, 7484888.995368760079145 ], [ 4154860.321309450082481, 7484896.627128786407411 ], [ 4154843.148183100391179, 7484916.195048126392066 ], [ 4154836.465762112289667, 7484923.943955402821302 ], [ 4154819.634843167848885, 7484943.806983990594745 ], [ 4154813.087918717879802, 7484951.670704134739935 ], [ 4154796.604277521837503, 7484971.822858200408518 ], [ 4154790.194821893237531, 7484979.799022240564227 ], [ 4154774.063424337189645, 7485000.234230707399547 ], [ 4154767.793368398211896, 7485008.320435797795653 ], [ 4154752.019073885399848, 7485029.032542788423598 ], [ 4154745.890306510962546, 7485037.226352935656905 ], [ 4154730.477867350913584, 7485058.209118531085551 ], [ 4154724.492234851699322, 7485066.508065321482718 ], [ 4154709.446293921675533, 7485087.755168622359633 ], [ 4154703.605599488597363, 7485096.156751972623169 ], [ 4154688.930689468979836, 7485117.661792164668441 ], [ 4154683.236692630220205, 7485126.163481070660055 ], [ 4154668.937234384939075, 7485147.919979691505432 ], [ 4154663.391650475561619, 7485156.519212991930544 ], [ 4154649.471951751969755, 7485178.520615844987333 ], [ 4154644.076451397035271, 7485187.21480299346149 ], [ 4154630.540705648250878, 7485209.454481922090054 ], [ 4154625.29691425897181, 7485218.241003765724599 ], [ 4154612.14919902337715, 7485240.712259239517152 ], [ 4154607.058696309104562, 7485249.588468811474741 ], [ 4154594.302972475066781, 7485272.284531128592789 ], [ 4154589.367291965987533, 7485281.247754441574216 ], [ 4154577.007402135059237, 7485304.161786524578929 ], [ 4154572.228030721191317, 7485313.20932338014245 ], [ 4154560.267698533367366, 7485336.334421958774328 ], [ 4154555.646076015196741, 7485345.463546754792333 ], [ 4154544.08890434121713, 7485368.792745739221573 ], [ 4154539.626422998029739, 7485378.000708299688995 ], [ 4154528.475893620867282, 7485401.526979404501617 ], [ 4154524.173897789325565, 7485410.811005800031126 ], [ 4154513.43336983397603, 7485434.527261663228273 ], [ 4154509.293155503459275, 7485443.884555051103234 ], [ 4154498.965864493045956, 7485467.783651290461421 ], [ 4154494.98867891728878, 7485477.211392756551504 ], [ 4154485.077736079227179, 7485501.286129470914602 ], [ 4154481.264777397736907, 7485510.781478877179325 ], [ 4154471.773168398533016, 7485535.024603554978967 ], [ 4154468.125585277564824, 7485544.584700396284461 ], [ 4154459.056169462390244, 7485568.988909810781479 ], [ 4154455.5750607480295, 7485578.610874079167843 ], [ 4154446.930570377968252, 7485603.168816190212965 ], [ 4154443.616984765511006, 7485612.84974923543632 ], [ 4154435.4000239437446, 7485637.554026106372476 ], [ 4154432.254959661513567, 7485647.291011518798769 ], [ 4154424.468003848567605, 7485672.134180680848658 ], [ 4154421.492408357094973, 7485681.924285160377622 ], [ 4154414.137803356628865, 7485706.898862656205893 ], [ 4154411.332573063671589, 7485716.739136902615428 ], [ 4154404.412534455303103, 7485741.837599132210016 ], [ 4154401.778514445759356, 7485751.725078732706606 ], [ 4154395.295126978307962, 7485776.939864464104176 ], [ 4154392.833110758569092, 7485786.871570781804621 ], [ 4154386.788327490445226, 7485812.195084301754832 ], [ 4154384.499056751839817, 7485822.168025379069149 ], [ 4154378.894698773045093, 7485847.592637568712234 ], [ 4154376.77886316459626, 7485857.603809025138617 ], [ 4154371.616618744563311, 7485883.121860911138356 ], [ 4154369.674855669494718, 7485893.168246848508716 ], [ 4154364.956279985141009, 7485918.772050874307752 ], [ 4154363.189174405299127, 7485928.8506247876212 ], [ 4154358.915688935667276, 7485954.532467754557729 ], [ 4154357.323773197364062, 7485964.640193440020084 ], [ 4154353.496665340848267, 7485990.39233862888068 ], [ 4154352.080419013742357, 7486000.526171102188528 ], [ 4154348.700841694138944, 7486026.340860632248223 ], [ 4154347.460691427346319, 7486036.497747043147683 ], [ 4154344.52966276044026, 7486062.367204108275473 ], [ 4154343.465982153080404, 7486072.544084662571549 ], [ 4154340.984385117888451, 7486098.460516025312245 ], [ 4154340.097494607325643, 7486108.654324904084206 ], [ 4154338.066076801624149, 7486134.609923050738871 ], [ 4154337.356243565678596, 7486144.817589337937534 ], [ 4154335.775616943836212, 7486170.80453528650105 ], [ 4154335.24305482301861, 7486181.022983889095485 ], [ 4154334.113695568405092, 7486207.033448735252023 ], [ 4154333.75856499793008, 7486217.259601312689483 ], [ 4154333.080813324078918, 7486243.285749584436417 ], [ 4154332.903221289161593, 7486253.516525474376976 ], [ 4154332.677281377371401, 7486279.550516455434263 ], [ 4154332.677281377371401, 7486289.782833605073392 ], [ 4154332.903221289161593, 7486315.816824586130679 ], [ 4154333.080813324078918, 7486326.047600476071239 ], [ 4154333.75856499793008, 7486352.073748747818172 ], [ 4154334.113695568405092, 7486362.299901325255632 ], [ 4154335.24305482301861, 7486388.31036617141217 ], [ 4154335.775616943836212, 7486398.528814774006605 ], [ 4154337.356243565678596, 7486424.515760722570121 ], [ 4154338.066076801624149, 7486434.723427009768784 ], [ 4154340.097494607325643, 7486460.67902515642345 ], [ 4154340.984385117888451, 7486470.87283403519541 ], [ 4154343.465982153080404, 7486496.789265397936106 ], [ 4154344.52966276044026, 7486506.966145952232182 ], [ 4154347.460691427346319, 7486532.835603017359972 ], [ 4154348.700841694138944, 7486542.992489428259432 ], [ 4154352.080419013742357, 7486568.807178958319128 ], [ 4154353.496665340848267, 7486578.941011431626976 ], [ 4154357.323773197364062, 7486604.693156620487571 ], [ 4154358.915688935667276, 7486614.800882305949926 ], [ 4154363.189174405299127, 7486640.482725272886455 ], [ 4154364.956279985141009, 7486650.561299186199903 ], [ 4154369.674855669494718, 7486676.16510321199894 ], [ 4154371.616618744563311, 7486686.211489149369299 ], [ 4154376.77886316459626, 7486711.729541035369039 ], [ 4154378.894698773045093, 7486721.740712491795421 ], [ 4154384.499056751839817, 7486747.165324681438506 ], [ 4154386.788327490445226, 7486757.138265758752823 ], [ 4154392.833110758569092, 7486782.461779278703034 ], [ 4154395.295126978307962, 7486792.39348559640348 ], [ 4154401.778514445759356, 7486817.608271327801049 ], [ 4154404.412534455303103, 7486827.495750928297639 ], [ 4154411.332573063671589, 7486852.594213157892227 ], [ 4154414.137803356628865, 7486862.434487404301763 ], [ 4154421.492408357094973, 7486887.409064900130033 ], [ 4154424.468003848567605, 7486897.199169379658997 ], [ 4154432.254959661513567, 7486922.042338541708887 ], [ 4154435.4000239437446, 7486931.77932395413518 ], [ 4154443.616984765511006, 7486956.483600825071335 ], [ 4154446.930570377968252, 7486966.16453387029469 ], [ 4154455.5750607480295, 7486990.722475981339812 ], [ 4154459.056169462390244, 7487000.344440249726176 ], [ 4154468.125585277564824, 7487024.748649664223194 ], [ 4154471.773168398533016, 7487034.308746505528688 ], [ 4154481.264777397736907, 7487058.551871183328331 ], [ 4154485.077736079227179, 7487068.047220589593053 ], [ 4154494.98867891728878, 7487092.121957303956151 ], [ 4154498.965864493045956, 7487101.549698770046234 ], [ 4154509.293155503459275, 7487125.448795009404421 ], [ 4154513.43336983397603, 7487134.806088397279382 ], [ 4154524.173897789325565, 7487158.52234426047653 ], [ 4154528.475893620867282, 7487167.806370656006038 ], [ 4154539.626422998029739, 7487191.33264176081866 ], [ 4154544.08890434121713, 7487200.540604321286082 ], [ 4154555.646076015196741, 7487223.869803305715322 ], [ 4154560.267698533367366, 7487232.998928101733327 ], [ 4154572.228030721191317, 7487256.124026680365205 ], [ 4154577.007402135059237, 7487265.171563535928726 ], [ 4154589.367291965987533, 7487288.085595618933439 ], [ 4154594.302972475066781, 7487297.048818931914866 ], [ 4154607.058696309104562, 7487319.744881249032915 ], [ 4154612.14919902337715, 7487328.621090820990503 ], [ 4154625.29691425897181, 7487351.092346294783056 ], [ 4154630.540705648250878, 7487359.878868138417602 ], [ 4154644.076451397035271, 7487382.118547067046165 ], [ 4154649.471951751969755, 7487390.812734215520322 ], [ 4154663.391650475561619, 7487412.814137068577111 ], [ 4154668.937234384939075, 7487421.413370369002223 ], [ 4154683.236692630220205, 7487443.1698689898476 ], [ 4154688.930689468979836, 7487451.671557895839214 ], [ 4154703.605599488597363, 7487473.176598087884486 ], [ 4154709.446293921675533, 7487481.578181438148022 ], [ 4154724.492234851699322, 7487502.825284739024937 ], [ 4154730.477867350913584, 7487511.124231529422104 ], [ 4154745.890306510962546, 7487532.10699712485075 ], [ 4154752.019073885399848, 7487540.300807272084057 ], [ 4154767.793368398211896, 7487561.012914262712002 ], [ 4154774.063424337189645, 7487569.099119353108108 ], [ 4154790.194821893237531, 7487589.534327819943428 ], [ 4154796.604277521837503, 7487597.510491860099137 ], [ 4154813.087918684352189, 7487617.662645885720849 ], [ 4154819.634843133855611, 7487625.52636602986604 ], [ 4154836.46576214581728, 7487645.389394696801901 ], [ 4154843.148183134384453, 7487653.138301973231137 ], [ 4154860.321309450082481, 7487672.706221274100244 ], [ 4154867.137213876005262, 7487680.33798130042851 ], [ 4154884.64737420110032, 7487699.604896529577672 ], [ 4154891.594708752352744, 7487707.117210214026272 ], [ 4154909.436627988703549, 7487726.077317034825683 ], [ 4154916.513299757149071, 7487733.467921268194914 ], [ 4154934.681603152304888, 7487752.115508077666163 ], [ 4154941.885480268858373, 7487759.382176415994763 ], [ 4154960.374694442842156, 7487777.711625440046191 ], [ 4154967.703606716357172, 7487784.852168776094913 ], [ 4154986.508161545265466, 7487802.857958029955626 ], [ 4154993.959901116322726, 7487809.870225253514946 ], [ 4155013.074131975881755, 7487827.546930734068155 ], [ 4155020.646453985013068, 7487834.428809376433492 ], [ 4155040.064602568279952, 7487851.771105835214257 ], [ 4155047.755225828383118, 7487858.520522707141936 ], [ 4155067.471442254260182, 7487875.523185629397631 ], [ 4155075.278049941174686, 7487882.138107448816299 ], [ 4155095.286394661292434, 7487898.796014755964279 ], [ 4155103.206635008566082, 7487905.27444875612855 ], [ 4155123.501080556772649, 7487921.582582290284336 ], [ 4155131.532567566726357, 7487927.922576821409166 ], [ 4155152.107000090647489, 7487943.876023633405566 ], [ 4155160.247314252424985, 7487950.075668752193451 ], [ 4155181.095535506028682, 7487965.669622719287872 ], [ 4155189.342224522959441, 7487971.727050763554871 ], [ 4155210.457954274490476, 7487986.956814423203468 ], [ 4155218.808533805888146, 7487992.870200571604073 ], [ 4155240.185410491656512, 7488007.731185632757843 ], [ 4155248.637364897876978, 7488013.498748459853232 ], [ 4155270.268948965705931, 7488027.986478210426867 ], [ 4155278.819732069037855, 7488033.606480218470097 ], [ 4155300.699506670236588, 7488047.716590005904436 ], [ 4155309.346542519051582, 7488053.187338151969016 ], [ 4155331.46791642671451, 7488066.915577347390354 ], [ 4155340.208600073587149, 7488072.23542355094105 ], [ 4155362.56490918667987, 7488085.577656496316195 ], [ 4155371.396607473026961, 7488090.744998136535287 ], [ 4155393.981116805225611, 7488103.697205397300422 ], [ 4155402.901169153861701, 7488108.710485796444118 ], [ 4155425.707075173966587, 7488121.268765546381474 ], [ 4155434.71279438957572, 7488126.126474436372519 ], [ 4155457.733226670417935, 7488138.287043412216008 ], [ 4155466.821899751666933, 7488142.987717392854393 ], [ 4155490.04992323089391, 7488154.746912139467895 ], [ 4155499.21881218533963, 7488159.28913511801511 ], [ 4155522.647429370786995, 7488170.643413158133626 ], [ 4155531.893772041425109, 7488175.025816775858402 ], [ 4155555.515925253275782, 7488185.971757721155882 ], [ 4155564.83693614974618, 7488190.193021763116121 ], [ 4155588.64550862275064, 7488200.727327874861658 ], [ 4155598.038379760459065, 7488204.786180674098432 ], [ 4155622.026199641171843, 7488214.905678708106279 ], [ 4155631.488101387396455, 7488218.800897520035505 ], [ 4155655.647941861767322, 7488228.502538769505918 ], [ 4155665.17602378828451, 7488232.232950148172677 ], [ 4155689.500606840010732, 7488241.513812050223351 ], [ 4155699.091998581308872, 7488245.07829219661653 ], [ 4155723.573996179737151, 7488253.93557879794389 ], [ 4155733.22580829821527, 7488257.333053901791573 ], [ 4155757.85784550756216, 7488265.764097037725151 ], [ 4155767.567170363850892, 7488268.993543596938252 ], [ 4155792.341826201882213, 7488276.995803216472268 ], [ 4155802.105738830752671, 7488280.056248351931572 ], [ 4155827.015550289303064, 7488287.627313893288374 ], [ 4155836.831109280698001, 7488290.517835634760559 ], [ 4155861.868571924977005, 7488297.655426204204559 ], [ 4155871.732820310164243, 7488300.375153773464262 ], [ 4155896.890391693450511, 7488307.07711919862777 ], [ 4155906.800357835367322, 7488309.625233268365264 ], [ 4155932.07045900914818, 7488315.889554521068931 ], [ 4155942.023157499264926, 7488318.265287464484572 ], [ 4155967.398175965528935, 7488324.090077445842326 ], [ 4155977.390608521178365, 7488326.292713564820588 ], [ 4156002.862899749539793, 7488331.676217488013208 ], [ 4156012.892056117765605, 7488333.705093231983483 ], [ 4156038.453946806956083, 7488338.645689359866083 ], [ 4156048.516805673483759, 7488340.500193522311747 ], [ 4156074.160594697576016, 7488344.996393387205899 ], [ 4156084.254124592058361, 7488346.675967294722795 ], [ 4156109.972087206318974, 7488350.7264164974913 ], [ 4156120.093247422017157, 7488352.230554171837866 ], [ 4156145.877635683398694, 7488355.834032447077334 ], [ 4156156.023377187084407, 7488357.162280762568116 ], [ 4156181.866423725150526, 7488360.317702588625252 ], [ 4156192.033690080512315, 7488361.469661405310035 ], [ 4156217.92760929884389, 7488364.1760761635378 ], [ 4156228.113337583374232, 7488365.151398451067507 ], [ 4156254.050329180900007, 7488367.407990858890116 ], [ 4156264.251450911164284, 7488368.20638279709965 ], [ 4156290.223700931761414, 7488370.012473018839955 ], [ 4156300.437142987735569, 7488370.633694090880454 ], [ 4156326.436827484983951, 7488371.988738057203591 ], [ 4156336.659513033926487, 7488372.432601117528975 ], [ 4156362.678799345158041, 7488373.336190607398748 ], [ 4156372.907648770604283, 7488373.602561941370368 ], [ 4156398.938698760699481, 7488374.054424751549959 ], [ 4156409.170630588196218, 7488374.143224112689495 ] ] ] ] } }
]
}
