{
"type": "FeatureCollection",
"name": "800 спб",
"crs": { "type": "name", "properties": { "name": "urn:ogc:def:crs:EPSG::3857" } },
"features": [
{ "type": "Feature", "properties": { "id": null }, "geometry": { "type": "MultiPolygon", "coordinates": [ [ [ [ 3335767.352235577069223, 8422314.188576132059097 ], [ 3335781.314692225307226, 8422314.188576132059097 ], [ 3335790.826333242934197, 8422314.105569299310446 ], [ 3335804.786663594190031, 8422313.861890826374292 ], [ 3335814.295407273806632, 8422313.612895609810948 ], [ 3335828.249358577188104, 8422313.125612892210484 ], [ 3335837.752308463212103, 8422312.710705138742924 ], [ 3335851.695630003232509, 8422311.979966621845961 ], [ 3335861.189891405403614, 8422311.399272719398141 ], [ 3335875.118336538318545, 8422310.4253009557724 ], [ 3335884.601017412729561, 8422309.678997784852982 ], [ 3335898.510342794004828, 8422308.46208949573338 ], [ 3335907.978554623667151, 8422307.550404390320182 ], [ 3335921.864523633848876, 8422306.090930236503482 ], [ 3335931.315382309723645, 8422305.014140903949738 ], [ 3335945.173765061423182, 8422303.312545461580157 ], [ 3335954.604391761124134, 8422302.070979902520776 ], [ 3335968.430966854095459, 8422300.127781499177217 ], [ 3335977.83848891640082, 8422298.721817906945944 ], [ 3335991.629044620320201, 8422296.537608461454511 ], [ 3336001.01059642387554, 8422294.967675106599927 ], [ 3336014.760932320263237, 8422292.543119892477989 ], [ 3336024.113656152971089, 8422290.809694988653064 ], [ 3336037.819583106786013, 8422288.145532671362162 ], [ 3336047.140630038455129, 8422286.249144241213799 ], [ 3336060.797973768785596, 8422283.346186216920614 ], [ 3336070.0845045177266, 8422281.287411915138364 ], [ 3336083.689104526303709, 8422278.146542519330978 ], [ 3336092.938290326390415, 8422275.926009468734264 ], [ 3336106.486002327874303, 8422272.548185491934419 ], [ 3336115.695025786291808, 8422270.166570091620088 ], [ 3336129.181723525747657, 8422266.552820323035121 ], [ 3336138.347779485862702, 8422264.010848032310605 ], [ 3336151.769354258198291, 8422260.162273397669196 ], [ 3336160.889650649856776, 8422257.460718529298902 ], [ 3336174.242014605551958, 8422253.378491198644042 ], [ 3336183.313773298170418, 8422250.518176669254899 ], [ 3336196.592858733143657, 8422246.20354026183486 ], [ 3336205.61331638135016, 8422243.185337353497744 ], [ 3336218.815078708343208, 8422238.639606041833758 ], [ 3336227.7814875934273, 8422235.464434126392007 ], [ 3336240.901905168313533, 8422230.688992667943239 ], [ 3336249.811534035019577, 8422227.357818935066462 ], [ 3336262.846610374748707, 8422222.354121934622526 ], [ 3336271.696745263878256, 8422218.867961091920733 ], [ 3336284.642509896308184, 8422213.637532666325569 ], [ 3336293.430454970803112, 8422209.99744663015008 ], [ 3336306.282964106183499, 8422204.541880177333951 ], [ 3336315.006042473483831, 8422200.748977756127715 ], [ 3336327.761381540913135, 8422195.069934912025928 ], [ 3336336.416936066467315, 8422191.125371458008885 ], [ 3336349.07121940003708, 8422185.22458223067224 ], [ 3336357.656613518018275, 8422181.129559297114611 ], [ 3336370.205986448563635, 8422175.008821152150631 ], [ 3336378.718604964669794, 8422170.764586124569178 ], [ 3336391.159245133399963, 8422164.425763351842761 ], [ 3336399.596495022065938, 8422160.033609062433243 ], [ 3336411.924612685106695, 8422153.478632625192404 ], [ 3336420.283923877868801, 8422148.93989696726203 ], [ 3336432.495763681828976, 8422142.170763628557324 ], [ 3336440.774589851498604, 8422137.486829146742821 ], [ 3336452.8664322164841, 8422130.505600702017546 ], [ 3336461.062251552473754, 8422125.677894165739417 ], [ 3336473.030412816442549, 8422118.486697381362319 ], [ 3336481.140728793106973, 8422113.516689360141754 ], [ 3336492.981563759967685, 8422106.117714488878846 ], [ 3336501.003905896097422, 8422101.006918892264366 ], [ 3336512.71380757028237, 8422093.40241982974112 ], [ 3336520.645732183009386, 8422088.152393454685807 ], [ 3336532.221133339218795, 8422080.344686787575483 ], [ 3336540.060224287211895, 8422074.957028847187757 ], [ 3336551.497599343769252, 8422066.948492616415024 ], [ 3336559.241468763910234, 8422061.424844240769744 ], [ 3336570.537333700805902, 8422053.217917973175645 ], [ 3336578.18362273555249, 8422047.559961717575788 ], [ 3336589.334536431822926, 8422039.157145537436008 ], [ 3336596.880915947724134, 8422033.366604873910546 ], [ 3336607.883482067845762, 8422024.770458111539483 ], [ 3336615.327653364744037, 8422018.849096892401576 ], [ 3336626.178520342335105, 8422010.062238067388535 ], [ 3336633.518215852789581, 8422004.011859996244311 ], [ 3336644.214078145101666, 8421995.036965891718864 ], [ 3336651.447062127757818, 8421988.859413975849748 ], [ 3336661.984662175644189, 8421979.699218006804585 ], [ 3336669.108731392305344, 8421973.396373983472586 ], [ 3336679.484858862124383, 8421964.053666844964027 ], [ 3336686.497843253426254, 8421957.627450624480844 ], [ 3336696.709337725304067, 8421948.105077976360917 ], [ 3336703.609101067297161, 8421941.557447046041489 ], [ 3336713.652851995080709, 8421931.858309518545866 ], [ 3336720.437292553950101, 8421925.19125834852457 ], [ 3336730.310240387916565, 8421915.318310514092445 ], [ 3336736.977291556540877, 8421908.533869955688715 ], [ 3336746.676429025828838, 8421898.490119088441133 ], [ 3336753.224059956613928, 8421891.59035574644804 ], [ 3336762.746432623360306, 8421881.37886125408113 ], [ 3336769.17264884384349, 8421874.36587686277926 ], [ 3336778.515355967450887, 8421863.989749409258366 ], [ 3336784.818199990317225, 8421856.865680193528533 ], [ 3336793.978395965881646, 8421846.328080138191581 ], [ 3336800.155947883147746, 8421839.095096154138446 ], [ 3336809.130842002574354, 8421828.399233844131231 ], [ 3336815.181220072787255, 8421821.059538334608078 ], [ 3336823.968078875914216, 8421810.208671385422349 ], [ 3336829.889440095052123, 8421802.764500088989735 ], [ 3336838.485586836468428, 8421791.76193399913609 ], [ 3336844.276127500925213, 8421784.215554483234882 ], [ 3336852.678943801671267, 8421773.064640622586012 ], [ 3336858.336900055874139, 8421765.418351586908102 ], [ 3336866.543826221022755, 8421754.122486790642142 ], [ 3336872.067474597133696, 8421746.378617370501161 ], [ 3336880.07601083535701, 8421734.941242303699255 ], [ 3336885.463668776676059, 8421727.102151354774833 ], [ 3336893.271375472657382, 8421715.526750154793262 ], [ 3336898.521401846315712, 8421707.59482554346323 ], [ 3336906.12590089160949, 8421695.88492389768362 ], [ 3336911.23669648822397, 8421687.862581761553884 ], [ 3336918.63567130593583, 8421676.021746879443526 ], [ 3336923.605679328553379, 8421667.911430902779102 ], [ 3336930.796876220963895, 8421655.943269461393356 ], [ 3336935.624582756310701, 8421647.74745012447238 ], [ 3336942.605811129789799, 8421635.65560788102448 ], [ 3336947.289745612069964, 8421627.376781711354852 ], [ 3336954.058878973592073, 8421615.164941865950823 ], [ 3336958.597614630591124, 8421606.8056306745857 ], [ 3336965.152591078076512, 8421594.477512991055846 ], [ 3336969.54474536748603, 8421586.040263101458549 ], [ 3336975.883568085264415, 8421573.599623043090105 ], [ 3336980.12780311377719, 8421565.087004527449608 ], [ 3336986.248541311826557, 8421552.537631487473845 ], [ 3336990.343564244918525, 8421543.95223736949265 ], [ 3336996.244353487156332, 8421531.297954002395272 ], [ 3337000.188916940242052, 8421522.642399476841092 ], [ 3337005.867959738243371, 8421509.887060511857271 ], [ 3337009.66086216038093, 8421501.163982143625617 ], [ 3337015.116428663022816, 8421488.31147288903594 ], [ 3337018.756514698266983, 8421479.523527814075351 ], [ 3337023.986943058203906, 8421466.57776334322989 ], [ 3337027.473103901837021, 8421457.727628454566002 ], [ 3337032.47680092882365, 8421444.692552048712969 ], [ 3337035.807974661700428, 8421435.782923182472587 ], [ 3337040.583416128531098, 8421422.662505583837628 ], [ 3337043.758588043507189, 8421413.696096699684858 ], [ 3337048.304319353308529, 8421400.494334382936358 ], [ 3337051.322522262111306, 8421391.473876733332872 ], [ 3337055.637158682569861, 8421378.194791249930859 ], [ 3337058.497473211493343, 8421369.123032556846738 ], [ 3337062.579700500238687, 8421355.770668743178248 ], [ 3337065.281255369540304, 8421346.650372352451086 ], [ 3337069.129830055404454, 8421333.228797404095531 ], [ 3337071.671802345197648, 8421324.062741443514824 ], [ 3337075.285552073735744, 8421310.576043849810958 ], [ 3337077.667167474981397, 8421301.367020390927792 ], [ 3337081.044991488568485, 8421287.819308241829276 ], [ 3337083.265524537768215, 8421278.570122443139553 ], [ 3337086.406393917277455, 8421264.96552250161767 ], [ 3337088.465168219059706, 8421255.678991751745343 ], [ 3337091.368126224260777, 8421242.021648112684488 ], [ 3337093.264514655340463, 8421232.700601181015372 ], [ 3337095.928676999174058, 8421218.994674097746611 ], [ 3337097.662101902067661, 8421209.641950266435742 ], [ 3337100.086657092440873, 8421195.891614494845271 ], [ 3337101.65659044822678, 8421186.51006269082427 ], [ 3337103.840799902565777, 8421172.719506938010454 ], [ 3337105.246763495262712, 8421163.311984874308109 ], [ 3337107.18996190559119, 8421149.485409742221236 ], [ 3337108.43152746418491, 8421140.05478304438293 ], [ 3337110.133122904226184, 8421126.196400301530957 ], [ 3337111.209912236779928, 8421116.745541624724865 ], [ 3337112.669386393390596, 8421102.85957258567214 ], [ 3337113.581071498338133, 8421093.391360756009817 ], [ 3337114.797979789786041, 8421079.482035338878632 ], [ 3337115.544282959774137, 8421069.999354464933276 ], [ 3337116.5182547098957, 8421056.070909520611167 ], [ 3337117.098948613740504, 8421046.576648117974401 ], [ 3337117.829687141813338, 8421032.633326385170221 ], [ 3337118.244594894349575, 8421023.130376499146223 ], [ 3337118.731877609621733, 8421009.17642523534596 ], [ 3337118.980872825719416, 8420999.667681556195021 ], [ 3337119.224551296327263, 8420985.707351321354508 ], [ 3337119.307558130007237, 8420976.195710303261876 ], [ 3337119.307558130007237, 8420962.233253499493003 ], [ 3337119.224551296327263, 8420952.721612481400371 ], [ 3337118.980872825719416, 8420938.761282246559858 ], [ 3337118.731877609621733, 8420929.252538567408919 ], [ 3337118.244594894349575, 8420915.298587303608656 ], [ 3337117.829687141813338, 8420905.795637417584658 ], [ 3337117.098948613740504, 8420891.852315684780478 ], [ 3337116.5182547098957, 8420882.358054282143712 ], [ 3337115.544282959774137, 8420868.429609337821603 ], [ 3337114.797979789786041, 8420858.946928463876247 ], [ 3337113.581071498338133, 8420845.037603046745062 ], [ 3337112.669386393390596, 8420835.569391217082739 ], [ 3337111.209912236779928, 8420821.683422178030014 ], [ 3337110.133122904226184, 8420812.232563501223922 ], [ 3337108.43152746418491, 8420798.374180758371949 ], [ 3337107.18996190559119, 8420788.943554060533643 ], [ 3337105.246763495262712, 8420775.11697892844677 ], [ 3337103.840799902565777, 8420765.709456864744425 ], [ 3337101.65659044822678, 8420751.918901111930609 ], [ 3337100.086657092440873, 8420742.537349307909608 ], [ 3337097.662101902067661, 8420728.787013536319137 ], [ 3337095.928676999174058, 8420719.434289705008268 ], [ 3337093.264514655340463, 8420705.728362621739507 ], [ 3337091.368126224260777, 8420696.407315690070391 ], [ 3337088.465168219059706, 8420682.749972051009536 ], [ 3337086.406393917277455, 8420673.463441301137209 ], [ 3337083.265524537768215, 8420659.858841359615326 ], [ 3337081.044991488568485, 8420650.609655560925603 ], [ 3337077.667167474981397, 8420637.061943411827087 ], [ 3337075.285552073735744, 8420627.852919952943921 ], [ 3337071.671802345197648, 8420614.366222359240055 ], [ 3337069.129830055404454, 8420605.200166398659348 ], [ 3337065.281255369540304, 8420591.778591450303793 ], [ 3337062.579700500238687, 8420582.658295059576631 ], [ 3337058.497473211493343, 8420569.305931245908141 ], [ 3337055.637158682569861, 8420560.23417255282402 ], [ 3337051.322522262111306, 8420546.955087069422007 ], [ 3337048.304319353308529, 8420537.934629419818521 ], [ 3337043.758588043507189, 8420524.732867103070021 ], [ 3337040.583416128531098, 8420515.766458218917251 ], [ 3337035.807974661700428, 8420502.646040620282292 ], [ 3337032.47680092882365, 8420493.73641175404191 ], [ 3337027.473103901837021, 8420480.701335348188877 ], [ 3337023.986943058203906, 8420471.851200459524989 ], [ 3337018.756514698266983, 8420458.905435988679528 ], [ 3337015.116428663022816, 8420450.117490913718939 ], [ 3337009.66086216038093, 8420437.264981659129262 ], [ 3337005.867959738243371, 8420428.541903290897608 ], [ 3337000.188916940242052, 8420415.786564325913787 ], [ 3336996.244353487156332, 8420407.131009800359607 ], [ 3336990.343564244918525, 8420394.476726433262229 ], [ 3336986.248541311826557, 8420385.891332315281034 ], [ 3336980.12780311377719, 8420373.341959275305271 ], [ 3336975.883568085264415, 8420364.829340759664774 ], [ 3336969.54474536748603, 8420352.388700701296329 ], [ 3336965.152591078076512, 8420343.951450811699033 ], [ 3336958.597614630591124, 8420331.623333128169179 ], [ 3336954.058878973592073, 8420323.264021936804056 ], [ 3336947.289745612069964, 8420311.052182091400027 ], [ 3336942.605811129789799, 8420302.773355921730399 ], [ 3336935.624582756310701, 8420290.681513678282499 ], [ 3336930.796876220963895, 8420282.485694341361523 ], [ 3336923.605679328553379, 8420270.517532899975777 ], [ 3336918.63567130593583, 8420262.407216923311353 ], [ 3336911.23669648822397, 8420250.566382041200995 ], [ 3336906.12590089160949, 8420242.544039905071259 ], [ 3336898.521401846315712, 8420230.834138259291649 ], [ 3336893.271375472657382, 8420222.902213647961617 ], [ 3336885.463668776676059, 8420211.326812447980046 ], [ 3336880.07601083535701, 8420203.487721499055624 ], [ 3336872.067474597133696, 8420192.050346432253718 ], [ 3336866.543826221022755, 8420184.306477012112737 ], [ 3336858.336900055874139, 8420173.010612215846777 ], [ 3336852.678943801671267, 8420165.364323180168867 ], [ 3336844.276127500925213, 8420154.213409319519997 ], [ 3336838.485586836468428, 8420146.667029803618789 ], [ 3336829.889440095052123, 8420135.664463713765144 ], [ 3336823.968078875914216, 8420128.22029241733253 ], [ 3336815.181220072787255, 8420117.369425468146801 ], [ 3336809.130842002574354, 8420110.029729958623648 ], [ 3336800.155947883147746, 8420099.333867648616433 ], [ 3336793.978395965881646, 8420092.100883664563298 ], [ 3336784.818199990317225, 8420081.563283609226346 ], [ 3336778.515355967450887, 8420074.439214393496513 ], [ 3336769.17264884384349, 8420064.063086939975619 ], [ 3336762.746432623360306, 8420057.050102548673749 ], [ 3336753.224059956613928, 8420046.838608056306839 ], [ 3336746.676429025828838, 8420039.938844714313745 ], [ 3336736.977291556540877, 8420029.895093847066164 ], [ 3336730.310240387916565, 8420023.110653288662434 ], [ 3336720.437292553950101, 8420013.237705454230309 ], [ 3336713.652851995080709, 8420006.570654284209013 ], [ 3336703.609101067297161, 8419996.87151675671339 ], [ 3336696.709337725304067, 8419990.323885826393962 ], [ 3336686.497843253426254, 8419980.801513178274035 ], [ 3336679.484858862124383, 8419974.375296957790852 ], [ 3336669.108731392305344, 8419965.032589819282293 ], [ 3336661.984662175644189, 8419958.729745795950294 ], [ 3336651.447062127757818, 8419949.569549826905131 ], [ 3336644.214078145101666, 8419943.391997911036015 ], [ 3336633.518215852789581, 8419934.417103806510568 ], [ 3336626.178520342335105, 8419928.366725735366344 ], [ 3336615.327653364744037, 8419919.579866910353303 ], [ 3336607.883482067845762, 8419913.658505691215396 ], [ 3336596.880915947724134, 8419905.062358928844333 ], [ 3336589.334536431822926, 8419899.271818265318871 ], [ 3336578.18362273555249, 8419890.86900208517909 ], [ 3336570.537333700805902, 8419885.211045829579234 ], [ 3336559.241468763910234, 8419877.004119561985135 ], [ 3336551.497599343769252, 8419871.480471186339855 ], [ 3336540.060224287211895, 8419863.471934955567122 ], [ 3336532.221133339218795, 8419858.084277015179396 ], [ 3336520.645732183009386, 8419850.276570348069072 ], [ 3336512.71380757028237, 8419845.026543973013759 ], [ 3336501.003905896097422, 8419837.422044910490513 ], [ 3336492.981563759967685, 8419832.311249313876033 ], [ 3336481.140728793106973, 8419824.912274442613125 ], [ 3336473.030412816442549, 8419819.94226642139256 ], [ 3336461.062251552473754, 8419812.751069637015462 ], [ 3336452.8664322164841, 8419807.923363100737333 ], [ 3336440.774589851498604, 8419800.942134656012058 ], [ 3336432.495763681828976, 8419796.258200174197555 ], [ 3336420.283923877868801, 8419789.489066835492849 ], [ 3336411.924612685106695, 8419784.950331177562475 ], [ 3336399.596495022065938, 8419778.395354740321636 ], [ 3336391.159245133399963, 8419774.003200450912118 ], [ 3336378.718604964669794, 8419767.664377678185701 ], [ 3336370.205986448563635, 8419763.420142650604248 ], [ 3336357.656613518018275, 8419757.299404505640268 ], [ 3336349.07121940003708, 8419753.204381572082639 ], [ 3336336.416936066467315, 8419747.303592344745994 ], [ 3336327.761381540913135, 8419743.359028890728951 ], [ 3336315.006042473483831, 8419737.679986046627164 ], [ 3336306.282964106183499, 8419733.887083625420928 ], [ 3336293.430454970803112, 8419728.431517172604799 ], [ 3336284.642509896308184, 8419724.79143113642931 ], [ 3336271.696745263878256, 8419719.561002710834146 ], [ 3336262.846610374748707, 8419716.074841868132353 ], [ 3336249.811534035019577, 8419711.071144867688417 ], [ 3336240.901905168313533, 8419707.73997113481164 ], [ 3336227.7814875934273, 8419702.964529676362872 ], [ 3336218.815078708343208, 8419699.789357760921121 ], [ 3336205.61331638135016, 8419695.243626449257135 ], [ 3336196.592858733143657, 8419692.225423540920019 ], [ 3336183.313773298170418, 8419687.91078713349998 ], [ 3336174.242014605551958, 8419685.050472604110837 ], [ 3336160.889650649856776, 8419680.968245273455977 ], [ 3336151.769354258198291, 8419678.266690405085683 ], [ 3336138.347779485862702, 8419674.418115770444274 ], [ 3336129.181723525747657, 8419671.876143479719758 ], [ 3336115.695025786291808, 8419668.262393711134791 ], [ 3336106.486002327874303, 8419665.88077831082046 ], [ 3336092.938290326390415, 8419662.502954334020615 ], [ 3336083.689104526303709, 8419660.282421283423901 ], [ 3336070.0845045177266, 8419657.141551887616515 ], [ 3336060.797973768785596, 8419655.082777585834265 ], [ 3336047.140630038455129, 8419652.17981956154108 ], [ 3336037.819583106786013, 8419650.283431131392717 ], [ 3336024.113656152971089, 8419647.619268814101815 ], [ 3336014.760932320263237, 8419645.88584391027689 ], [ 3336001.01059642387554, 8419643.461288696154952 ], [ 3335991.629044620320201, 8419641.891355341300368 ], [ 3335977.83848891640082, 8419639.707145895808935 ], [ 3335968.430966854095459, 8419638.301182303577662 ], [ 3335954.604391761124134, 8419636.357983900234103 ], [ 3335945.173765061423182, 8419635.116418341174722 ], [ 3335931.315382309723645, 8419633.414822898805141 ], [ 3335921.864523633848876, 8419632.338033566251397 ], [ 3335907.978554623667151, 8419630.878559412434697 ], [ 3335898.510342794004828, 8419629.966874307021499 ], [ 3335884.601017412729561, 8419628.749966017901897 ], [ 3335875.118336538318545, 8419628.003662846982479 ], [ 3335861.189891405403614, 8419627.029691083356738 ], [ 3335851.695630003232509, 8419626.448997180908918 ], [ 3335837.752308463212103, 8419625.718258664011955 ], [ 3335828.249358577188104, 8419625.303350910544395 ], [ 3335814.295407273806632, 8419624.816068192943931 ], [ 3335804.786663594190031, 8419624.567072976380587 ], [ 3335790.826333242934197, 8419624.323394503444433 ], [ 3335781.314692225307226, 8419624.240387670695782 ], [ 3335767.352235577069223, 8419624.240387670695782 ], [ 3335757.840594559442252, 8419624.323394503444433 ], [ 3335743.880264208186418, 8419624.567072976380587 ], [ 3335734.371520528569818, 8419624.816068192943931 ], [ 3335720.417569225188345, 8419625.303350910544395 ], [ 3335710.914619339164346, 8419625.718258664011955 ], [ 3335696.97129779914394, 8419626.448997180908918 ], [ 3335687.477036396972835, 8419627.029691083356738 ], [ 3335673.548591264057904, 8419628.003662846982479 ], [ 3335664.065910389646888, 8419628.749966017901897 ], [ 3335650.156585008371621, 8419629.966874307021499 ], [ 3335640.688373178709298, 8419630.878559412434697 ], [ 3335626.802404168527573, 8419632.338033566251397 ], [ 3335617.351545492652804, 8419633.414822898805141 ], [ 3335603.493162740953267, 8419635.116418341174722 ], [ 3335594.062536041252315, 8419636.357983900234103 ], [ 3335580.23596094828099, 8419638.301182303577662 ], [ 3335570.828438885975629, 8419639.707145895808935 ], [ 3335557.037883182056248, 8419641.891355341300368 ], [ 3335547.656331378500909, 8419643.461288696154952 ], [ 3335533.905995482113212, 8419645.88584391027689 ], [ 3335524.55327164940536, 8419647.619268814101815 ], [ 3335510.847344695590436, 8419650.283431131392717 ], [ 3335501.52629776392132, 8419652.17981956154108 ], [ 3335487.868954033590853, 8419655.082777585834265 ], [ 3335478.582423284649849, 8419657.141551887616515 ], [ 3335464.977823276072741, 8419660.282421283423901 ], [ 3335455.728637475986034, 8419662.502954334020615 ], [ 3335442.180925474502146, 8419665.88077831082046 ], [ 3335432.971902016084641, 8419668.262393711134791 ], [ 3335419.485204276628792, 8419671.876143479719758 ], [ 3335410.319148316513747, 8419674.418115770444274 ], [ 3335396.897573544178158, 8419678.266690405085683 ], [ 3335387.777277152519673, 8419680.968245273455977 ], [ 3335374.424913196824491, 8419685.050472604110837 ], [ 3335365.353154504206032, 8419687.91078713349998 ], [ 3335352.074069069232792, 8419692.225423540920019 ], [ 3335343.053611421026289, 8419695.243626449257135 ], [ 3335329.851849094033241, 8419699.789357760921121 ], [ 3335320.885440208949149, 8419702.964529676362872 ], [ 3335307.765022634062916, 8419707.73997113481164 ], [ 3335298.855393767356873, 8419711.071144867688417 ], [ 3335285.820317427627742, 8419716.074841868132353 ], [ 3335276.970182538498193, 8419719.561002710834146 ], [ 3335264.024417906068265, 8419724.79143113642931 ], [ 3335255.236472831573337, 8419728.431517172604799 ], [ 3335242.38396369619295, 8419733.887083625420928 ], [ 3335233.660885328892618, 8419737.679986046627164 ], [ 3335220.905546261463314, 8419743.359028890728951 ], [ 3335212.249991735909134, 8419747.303592344745994 ], [ 3335199.595708402339369, 8419753.204381572082639 ], [ 3335191.010314284358174, 8419757.299404505640268 ], [ 3335178.460941353812814, 8419763.420142650604248 ], [ 3335169.948322837706655, 8419767.664377678185701 ], [ 3335157.507682668976486, 8419774.003200450912118 ], [ 3335149.070432780310512, 8419778.395354740321636 ], [ 3335136.742315117269754, 8419784.950331177562475 ], [ 3335128.383003924507648, 8419789.489066835492849 ], [ 3335116.171164120547473, 8419796.258200174197555 ], [ 3335107.892337950877845, 8419800.942134656012058 ], [ 3335095.800495585892349, 8419807.923363100737333 ], [ 3335087.604676249902695, 8419812.751069637015462 ], [ 3335075.6365149859339, 8419819.94226642139256 ], [ 3335067.526199009269476, 8419824.912274442613125 ], [ 3335055.685364042408764, 8419832.311249313876033 ], [ 3335047.663021906279027, 8419837.422044910490513 ], [ 3335035.953120232094079, 8419845.026543973013759 ], [ 3335028.021195619367063, 8419850.276570348069072 ], [ 3335016.445794444996864, 8419858.084277028217912 ], [ 3335008.606703497469425, 8419863.471934968605638 ], [ 3334997.16932847769931, 8419871.480471173301339 ], [ 3334989.425459057092667, 8419877.004119548946619 ], [ 3334978.129594101570547, 8419885.211045829579234 ], [ 3334970.483305066823959, 8419890.86900208517909 ], [ 3334959.332391370553523, 8419899.271818265318871 ], [ 3334951.786011854652315, 8419905.062358928844333 ], [ 3334940.783445734530687, 8419913.658505691215396 ], [ 3334933.339274437632412, 8419919.579866910353303 ], [ 3334922.488407460041344, 8419928.366725735366344 ], [ 3334915.148711949586868, 8419934.417103806510568 ], [ 3334904.452849657274783, 8419943.391997911036015 ], [ 3334897.219865674618632, 8419949.569549826905131 ], [ 3334886.68226562673226, 8419958.729745795950294 ], [ 3334879.558196410071105, 8419965.032589819282293 ], [ 3334869.182068940252066, 8419974.375296957790852 ], [ 3334862.169084548950195, 8419980.801513178274035 ], [ 3334851.957590077072382, 8419990.323885826393962 ], [ 3334845.057826735079288, 8419996.87151675671339 ], [ 3334835.01407580729574, 8420006.570654284209013 ], [ 3334828.229635248426348, 8420013.237705454230309 ], [ 3334818.356687414459884, 8420023.110653288662434 ], [ 3334811.689636245835572, 8420029.895093847066164 ], [ 3334801.990498776547611, 8420039.938844714313745 ], [ 3334795.442867845762521, 8420046.838608056306839 ], [ 3334785.920495179016143, 8420057.050102548673749 ], [ 3334779.494278958532959, 8420064.063086939975619 ], [ 3334770.151571834925562, 8420074.439214393496513 ], [ 3334763.848727812059224, 8420081.563283609226346 ], [ 3334754.688531836494803, 8420092.100883664563298 ], [ 3334748.510979919228703, 8420099.333867648616433 ], [ 3334739.536085799802095, 8420110.029729958623648 ], [ 3334733.485707729589194, 8420117.369425468146801 ], [ 3334724.698848926462233, 8420128.22029241733253 ], [ 3334718.777487707324326, 8420135.664463713765144 ], [ 3334710.181340965908021, 8420146.667029803618789 ], [ 3334704.390800301451236, 8420154.213409319519997 ], [ 3334695.987984000705183, 8420165.364323180168867 ], [ 3334690.33002774650231, 8420173.010612215846777 ], [ 3334682.123101581353694, 8420184.306477012112737 ], [ 3334676.599453205242753, 8420192.050346432253718 ], [ 3334668.590916967019439, 8420203.487721499055624 ], [ 3334663.20325902570039, 8420211.326812447980046 ], [ 3334655.395552329719067, 8420222.902213647961617 ], [ 3334650.145525956060737, 8420230.834138259291649 ], [ 3334642.541026910766959, 8420242.544039905071259 ], [ 3334637.430231314152479, 8420250.566382041200995 ], [ 3334630.031256496440619, 8420262.407216923311353 ], [ 3334625.061248473823071, 8420270.517532899975777 ], [ 3334617.870051581412554, 8420282.485694341361523 ], [ 3334613.042345046065748, 8420290.681513678282499 ], [ 3334606.06111667258665, 8420302.773355921730399 ], [ 3334601.377182190306485, 8420311.052182091400027 ], [ 3334594.608048828784376, 8420323.264021936804056 ], [ 3334590.069313171785325, 8420331.623333128169179 ], [ 3334583.514336724299937, 8420343.951450811699033 ], [ 3334579.122182434890419, 8420352.388700701296329 ], [ 3334572.783359717112035, 8420364.829340759664774 ], [ 3334568.539124688599259, 8420373.341959275305271 ], [ 3334562.418386490549892, 8420385.891332315281034 ], [ 3334558.323363557457924, 8420394.476726433262229 ], [ 3334552.422574315220118, 8420407.131009800359607 ], [ 3334548.478010862134397, 8420415.786564325913787 ], [ 3334542.798968064133078, 8420428.541903290897608 ], [ 3334539.006065641995519, 8420437.264981659129262 ], [ 3334533.550499139353633, 8420450.117490913718939 ], [ 3334529.910413104109466, 8420458.905435988679528 ], [ 3334524.679984744172543, 8420471.851200459524989 ], [ 3334521.193823900539428, 8420480.701335348188877 ], [ 3334516.190126873552799, 8420493.73641175404191 ], [ 3334512.858953140676022, 8420502.646040620282292 ], [ 3334508.083511673845351, 8420515.766458218917251 ], [ 3334504.908339758869261, 8420524.732867103070021 ], [ 3334500.36260844906792, 8420537.934629419818521 ], [ 3334497.344405540265143, 8420546.955087069422007 ], [ 3334493.029769119806588, 8420560.23417255282402 ], [ 3334490.169454590883106, 8420569.305931245908141 ], [ 3334486.087227302137762, 8420582.658295059576631 ], [ 3334483.385672432836145, 8420591.778591450303793 ], [ 3334479.537097746971995, 8420605.200166398659348 ], [ 3334476.995125457178801, 8420614.366222359240055 ], [ 3334473.381375728640705, 8420627.852919952943921 ], [ 3334470.999760327395052, 8420637.061943411827087 ], [ 3334467.621936313807964, 8420650.609655560925603 ], [ 3334465.401403264608234, 8420659.858841359615326 ], [ 3334462.260533885098994, 8420673.463441301137209 ], [ 3334460.201759583316743, 8420682.749972051009536 ], [ 3334457.298801578115672, 8420696.407315690070391 ], [ 3334455.402413147035986, 8420705.728362621739507 ], [ 3334452.738250803202391, 8420719.434289705008268 ], [ 3334451.004825900308788, 8420728.787013536319137 ], [ 3334448.580270709935576, 8420742.537349307909608 ], [ 3334447.010337354149669, 8420751.918901111930609 ], [ 3334444.826127899810672, 8420765.709456864744425 ], [ 3334443.420164307113737, 8420775.11697892844677 ], [ 3334441.476965896785259, 8420788.943554060533643 ], [ 3334440.235400338191539, 8420798.374180758371949 ], [ 3334438.533804898150265, 8420812.232563501223922 ], [ 3334437.457015565596521, 8420821.683422178030014 ], [ 3334435.997541408985853, 8420835.569391217082739 ], [ 3334435.085856304038316, 8420845.037603046745062 ], [ 3334433.868948012590408, 8420858.946928463876247 ], [ 3334433.122644842602313, 8420868.429609337821603 ], [ 3334432.148673092480749, 8420882.358054282143712 ], [ 3334431.567979188635945, 8420891.852315684780478 ], [ 3334430.837240660563111, 8420905.795637417584658 ], [ 3334430.422332908026874, 8420915.298587303608656 ], [ 3334429.935050192754716, 8420929.252538567408919 ], [ 3334429.686054976657033, 8420938.761282246559858 ], [ 3334429.442376506049186, 8420952.721612481400371 ], [ 3334429.359369672369212, 8420962.233253499493003 ], [ 3334429.359369672369212, 8420976.195710303261876 ], [ 3334429.442376506049186, 8420985.707351321354508 ], [ 3334429.686054976657033, 8420999.667681556195021 ], [ 3334429.935050192754716, 8421009.17642523534596 ], [ 3334430.422332908026874, 8421023.130376499146223 ], [ 3334430.837240660563111, 8421032.633326385170221 ], [ 3334431.567979188635945, 8421046.576648117974401 ], [ 3334432.148673092480749, 8421056.070909520611167 ], [ 3334433.122644842602313, 8421069.999354464933276 ], [ 3334433.868948012590408, 8421079.482035338878632 ], [ 3334435.085856304038316, 8421093.391360756009817 ], [ 3334435.997541408985853, 8421102.85957258567214 ], [ 3334437.457015565596521, 8421116.745541624724865 ], [ 3334438.533804898150265, 8421126.196400301530957 ], [ 3334440.235400338191539, 8421140.05478304438293 ], [ 3334441.476965896785259, 8421149.485409742221236 ], [ 3334443.420164307113737, 8421163.311984874308109 ], [ 3334444.826127899810672, 8421172.719506938010454 ], [ 3334447.010337354149669, 8421186.51006269082427 ], [ 3334448.580270709935576, 8421195.891614494845271 ], [ 3334451.004825900308788, 8421209.641950266435742 ], [ 3334452.738250803202391, 8421218.994674097746611 ], [ 3334455.402413147035986, 8421232.700601181015372 ], [ 3334457.298801578115672, 8421242.021648112684488 ], [ 3334460.201759583316743, 8421255.678991751745343 ], [ 3334462.260533885098994, 8421264.96552250161767 ], [ 3334465.401403264608234, 8421278.570122443139553 ], [ 3334467.621936313807964, 8421287.819308241829276 ], [ 3334470.999760327395052, 8421301.367020390927792 ], [ 3334473.381375728640705, 8421310.576043849810958 ], [ 3334476.995125457178801, 8421324.062741443514824 ], [ 3334479.537097746971995, 8421333.228797404095531 ], [ 3334483.385672432836145, 8421346.650372352451086 ], [ 3334486.087227302137762, 8421355.770668743178248 ], [ 3334490.169454590883106, 8421369.123032556846738 ], [ 3334493.029769119806588, 8421378.194791249930859 ], [ 3334497.344405540265143, 8421391.473876733332872 ], [ 3334500.36260844906792, 8421400.494334382936358 ], [ 3334504.908339758869261, 8421413.696096699684858 ], [ 3334508.083511673845351, 8421422.662505583837628 ], [ 3334512.858953140676022, 8421435.782923182472587 ], [ 3334516.190126873552799, 8421444.692552048712969 ], [ 3334521.193823900539428, 8421457.727628454566002 ], [ 3334524.679984744172543, 8421466.57776334322989 ], [ 3334529.910413104109466, 8421479.523527814075351 ], [ 3334533.550499139353633, 8421488.31147288903594 ], [ 3334539.006065641995519, 8421501.163982143625617 ], [ 3334542.798968064133078, 8421509.887060511857271 ], [ 3334548.478010862134397, 8421522.642399476841092 ], [ 3334552.422574315220118, 8421531.297954002395272 ], [ 3334558.323363557457924, 8421543.95223736949265 ], [ 3334562.418386490549892, 8421552.537631487473845 ], [ 3334568.539124688599259, 8421565.087004527449608 ], [ 3334572.783359717112035, 8421573.599623043090105 ], [ 3334579.122182434890419, 8421586.040263101458549 ], [ 3334583.514336724299937, 8421594.477512991055846 ], [ 3334590.069313171785325, 8421606.8056306745857 ], [ 3334594.608048828784376, 8421615.164941865950823 ], [ 3334601.377182190306485, 8421627.376781711354852 ], [ 3334606.06111667258665, 8421635.65560788102448 ], [ 3334613.042345046065748, 8421647.74745012447238 ], [ 3334617.870051581412554, 8421655.943269461393356 ], [ 3334625.061248473823071, 8421667.911430902779102 ], [ 3334630.031256496440619, 8421676.021746879443526 ], [ 3334637.430231314152479, 8421687.862581761553884 ], [ 3334642.541026910766959, 8421695.88492389768362 ], [ 3334650.145525956060737, 8421707.59482554346323 ], [ 3334655.395552329719067, 8421715.526750154793262 ], [ 3334663.20325902570039, 8421727.102151354774833 ], [ 3334668.590916967019439, 8421734.941242303699255 ], [ 3334676.599453205242753, 8421746.378617370501161 ], [ 3334682.123101581353694, 8421754.122486790642142 ], [ 3334690.33002774650231, 8421765.418351586908102 ], [ 3334695.987984000705183, 8421773.064640622586012 ], [ 3334704.390800301451236, 8421784.215554483234882 ], [ 3334710.181340965908021, 8421791.76193399913609 ], [ 3334718.777487707324326, 8421802.764500088989735 ], [ 3334724.698848926462233, 8421810.208671385422349 ], [ 3334733.485707729589194, 8421821.059538334608078 ], [ 3334739.536085799802095, 8421828.399233844131231 ], [ 3334748.510979919228703, 8421839.095096154138446 ], [ 3334754.688531836494803, 8421846.328080138191581 ], [ 3334763.848727812059224, 8421856.865680193528533 ], [ 3334770.151571834925562, 8421863.989749409258366 ], [ 3334779.494278958532959, 8421874.36587686277926 ], [ 3334785.920495179016143, 8421881.37886125408113 ], [ 3334795.442867845762521, 8421891.59035574644804 ], [ 3334801.990498776547611, 8421898.490119088441133 ], [ 3334811.689636245835572, 8421908.533869955688715 ], [ 3334818.356687414459884, 8421915.318310514092445 ], [ 3334828.229635248426348, 8421925.19125834852457 ], [ 3334835.01407580729574, 8421931.858309518545866 ], [ 3334845.057826735079288, 8421941.557447046041489 ], [ 3334851.957590077072382, 8421948.105077976360917 ], [ 3334862.169084548950195, 8421957.627450624480844 ], [ 3334869.182068940252066, 8421964.053666844964027 ], [ 3334879.558196410071105, 8421973.396373983472586 ], [ 3334886.68226562673226, 8421979.699218006804585 ], [ 3334897.219865674618632, 8421988.859413975849748 ], [ 3334904.452849657274783, 8421995.036965891718864 ], [ 3334915.148711949586868, 8422004.011859996244311 ], [ 3334922.488407460041344, 8422010.062238067388535 ], [ 3334933.339274437632412, 8422018.849096892401576 ], [ 3334940.783445734530687, 8422024.770458111539483 ], [ 3334951.786011854652315, 8422033.366604873910546 ], [ 3334959.332391370553523, 8422039.157145537436008 ], [ 3334970.483305066823959, 8422047.559961717575788 ], [ 3334978.129594101570547, 8422053.217917973175645 ], [ 3334989.425459038466215, 8422061.424844240769744 ], [ 3334997.169328458607197, 8422066.948492616415024 ], [ 3335008.606703515164554, 8422074.957028847187757 ], [ 3335016.445794463157654, 8422080.344686787575483 ], [ 3335028.021195619367063, 8422088.152393454685807 ], [ 3335035.953120232094079, 8422093.40241982974112 ], [ 3335047.663021906279027, 8422101.006918892264366 ], [ 3335055.685364042408764, 8422106.117714488878846 ], [ 3335067.526199009269476, 8422113.516689360141754 ], [ 3335075.6365149859339, 8422118.486697381362319 ], [ 3335087.604676249902695, 8422125.677894165739417 ], [ 3335095.800495585892349, 8422130.505600702017546 ], [ 3335107.892337950877845, 8422137.486829146742821 ], [ 3335116.171164120547473, 8422142.170763628557324 ], [ 3335128.383003924507648, 8422148.93989696726203 ], [ 3335136.742315117269754, 8422153.478632625192404 ], [ 3335149.070432780310512, 8422160.033609062433243 ], [ 3335157.507682668976486, 8422164.425763351842761 ], [ 3335169.948322837706655, 8422170.764586124569178 ], [ 3335178.460941353812814, 8422175.008821152150631 ], [ 3335191.010314284358174, 8422181.129559297114611 ], [ 3335199.595708402339369, 8422185.22458223067224 ], [ 3335212.249991735909134, 8422191.125371458008885 ], [ 3335220.905546261463314, 8422195.069934912025928 ], [ 3335233.660885328892618, 8422200.748977756127715 ], [ 3335242.38396369619295, 8422204.541880177333951 ], [ 3335255.236472831573337, 8422209.99744663015008 ], [ 3335264.024417906068265, 8422213.637532666325569 ], [ 3335276.970182538498193, 8422218.867961091920733 ], [ 3335285.820317427627742, 8422222.354121934622526 ], [ 3335298.855393767356873, 8422227.357818935066462 ], [ 3335307.765022634062916, 8422230.688992667943239 ], [ 3335320.885440208949149, 8422235.464434126392007 ], [ 3335329.851849094033241, 8422238.639606041833758 ], [ 3335343.053611421026289, 8422243.185337353497744 ], [ 3335352.074069069232792, 8422246.20354026183486 ], [ 3335365.353154504206032, 8422250.518176669254899 ], [ 3335374.424913196824491, 8422253.378491198644042 ], [ 3335387.777277152519673, 8422257.460718529298902 ], [ 3335396.897573544178158, 8422260.162273397669196 ], [ 3335410.319148316513747, 8422264.010848032310605 ], [ 3335419.485204276628792, 8422266.552820323035121 ], [ 3335432.971902016084641, 8422270.166570091620088 ], [ 3335442.180925474502146, 8422272.548185491934419 ], [ 3335455.728637475986034, 8422275.926009468734264 ], [ 3335464.977823276072741, 8422278.146542519330978 ], [ 3335478.582423284649849, 8422281.287411915138364 ], [ 3335487.868954033590853, 8422283.346186216920614 ], [ 3335501.52629776392132, 8422286.249144241213799 ], [ 3335510.847344695590436, 8422288.145532671362162 ], [ 3335524.55327164940536, 8422290.809694988653064 ], [ 3335533.905995482113212, 8422292.543119892477989 ], [ 3335547.656331378500909, 8422294.967675106599927 ], [ 3335557.037883182056248, 8422296.537608461454511 ], [ 3335570.828438885975629, 8422298.721817906945944 ], [ 3335580.23596094828099, 8422300.127781499177217 ], [ 3335594.062536041252315, 8422302.070979902520776 ], [ 3335603.493162740953267, 8422303.312545461580157 ], [ 3335617.351545492652804, 8422305.014140903949738 ], [ 3335626.802404168527573, 8422306.090930236503482 ], [ 3335640.688373178709298, 8422307.550404390320182 ], [ 3335650.156585008371621, 8422308.46208949573338 ], [ 3335664.065910389646888, 8422309.678997784852982 ], [ 3335673.548591264057904, 8422310.4253009557724 ], [ 3335687.477036396972835, 8422311.399272719398141 ], [ 3335696.97129779914394, 8422311.979966621845961 ], [ 3335710.914619339164346, 8422312.710705138742924 ], [ 3335720.417569225188345, 8422313.125612892210484 ], [ 3335734.371520528569818, 8422313.612895609810948 ], [ 3335743.880264208186418, 8422313.861890826374292 ], [ 3335757.840594559442252, 8422314.105569299310446 ], [ 3335767.352235577069223, 8422314.188576132059097 ] ] ] ] } },
{ "type": "Feature", "properties": { "id": null }, "geometry": { "type": "MultiPolygon", "coordinates": [ [ [ [ 3376324.245493329595774, 8379541.4205227708444 ], [ 3376338.130811455193907, 8379541.4205227708444 ], [ 3376353.001378206070513, 8379541.291466317139566 ], [ 3376366.884604765567929, 8379541.050472820177674 ], [ 3376381.750691710971296, 8379540.663342338986695 ], [ 3376395.627644476946443, 8379540.181427942588925 ], [ 3376410.4847731590271, 8379539.536340056918561 ], [ 3376424.351271500810981, 8379538.813649944961071 ], [ 3376439.194966163020581, 8379537.910798991099 ], [ 3376453.046832914464176, 8379536.947550867684186 ], [ 3376467.872621845453978, 8379535.787208830937743 ], [ 3376481.705683995969594, 8379534.583692882210016 ], [ 3376496.509100879076868, 8379533.166209319606423 ], [ 3376510.319191175978631, 8379531.722788110375404 ], [ 3376525.095776434522122, 8379530.04859004355967 ], [ 3376538.878734495025128, 8379528.365698414854705 ], [ 3376553.624036635272205, 8379526.435290202498436 ], [ 3376567.375710444990546, 8379524.513435112312436 ], [ 3376582.085287396330386, 8379522.327398294582963 ], [ 3376595.801534088794142, 8379520.16715872567147 ], [ 3376610.470954545307904, 8379517.72615185379982 ], [ 3376624.147642113734037, 8379515.32817857619375 ], [ 3376638.772486864123493, 8379512.632937011308968 ], [ 3376652.405495140701532, 8379509.997952426783741 ], [ 3376666.981358403805643, 8379507.049288119189441 ], [ 3376680.566580414306372, 8379504.178086022846401 ], [ 3376695.089071164373308, 8379500.97688726708293 ], [ 3376708.622414302546531, 8379497.870332620106637 ], [ 3376723.087157593108714, 8379494.417563787661493 ], [ 3376736.564544954802841, 8379491.076592436060309 ], [ 3376750.967183234635741, 8379487.373293683864176 ], [ 3376764.384554576594383, 8379483.798912140540779 ], [ 3376778.720749005209655, 8379479.846199100837111 ], [ 3376792.074062487576157, 8379476.039484109729528 ], [ 3376806.339494239538908, 8379471.838547548279166 ], [ 3376819.624726946931332, 8379467.80064594745636 ], [ 3376833.815098515711725, 8379463.352751411497593 ], [ 3376847.028248376678675, 8379459.084879588335752 ], [ 3376861.13928486732766, 8379454.391367019154131 ], [ 3376874.276371282525361, 8379449.89481071382761 ], [ 3376888.303821699228138, 8379444.957094048149884 ], [ 3376901.360887164250016, 8379440.233207832090557 ], [ 3376915.300525692757219, 8379435.052774571813643 ], [ 3376928.27363660139963, 8379430.102981576696038 ], [ 3376942.121263880748302, 8379424.681392345577478 ], [ 3376955.006512180902064, 8379419.507183660753071 ], [ 3376968.757956569083035, 8379413.846071728505194 ], [ 3376981.551460459828377, 8379408.449006129056215 ], [ 3376995.202579289674759, 8379402.550076924264431 ], [ 3377007.900484652724117, 8379396.931780311278999 ], [ 3377021.447165480814874, 8379390.796810906380415 ], [ 3377034.045647133607417, 8379384.958975764922798 ], [ 3377047.48380897892639, 8379378.589814337901771 ], [ 3377059.97907153936103, 8379372.534199353307486 ], [ 3377073.304666112177074, 8379365.932764634490013 ], [ 3377085.692945282906294, 8379359.661194111220539 ], [ 3377098.901958205737174, 8379352.829474804922938 ], [ 3377111.179522086400539, 8379346.343838019296527 ], [ 3377124.267974100541323, 8379339.283892202191055 ], [ 3377136.431123957503587, 8379332.586143013089895 ], [ 3377149.395072125364095, 8379325.300097516737878 ], [ 3377161.440143757034093, 8379318.392253652215004 ], [ 3377174.275682647246867, 8379310.882303422316909 ], [ 3377186.199047548230737, 8379303.766445827670395 ], [ 3377198.902310413308442, 8379296.03485325910151 ], [ 3377210.70037647197023, 8379288.713125703856349 ], [ 3377223.267536413855851, 8379280.762219965457916 ], [ 3377234.9367496073246, 8379273.236828031018376 ], [ 3377247.364020727574825, 8379265.069004356861115 ], [ 3377258.900865472853184, 8379257.342215216718614 ], [ 3377271.184504017233849, 8379248.959934191778302 ], [ 3377282.585504970978945, 8379241.034075454808772 ], [ 3377294.721810452640057, 8379232.439862267114222 ], [ 3377305.983532912563533, 8379224.317321702837944 ], [ 3377317.968849231489003, 8379215.513765387237072 ], [ 3377329.087900634389371, 8379207.196989887394011 ], [ 3377340.918617174960673, 8379198.186742543242872 ], [ 3377351.891647848300636, 8379189.678237581625581 ], [ 3377363.564200569409877, 8379180.464013574644923 ], [ 3377374.387904843781143, 8379171.766342370770872 ], [ 3377385.898777350783348, 8379162.35091751627624 ], [ 3377396.569894556887448, 8379153.46670026704669 ], [ 3377407.915619162842631, 8379143.852910991758108 ], [ 3377418.430934580974281, 8379134.784824106842279 ], [ 3377429.608093350194395, 8379124.97556659579277 ], [ 3377439.9644392314367, 8379115.726341845467687 ], [ 3377450.969665008131415, 8379105.724571169354022 ], [ 3377461.163921479601413, 8379096.296994901262224 ], [ 3377471.993898904882371, 8379086.105724124237895 ], [ 3377482.022994858212769, 8379076.502636479213834 ], [ 3377492.674461365677416, 8379066.12493575643748 ], [ 3377502.535375563893467, 8379056.349229637533426 ], [ 3377513.005122365895659, 8379045.788225282914937 ], [ 3377522.694884136784822, 8379035.842845692299306 ], [ 3377532.979757187888026, 8379025.101719243451953 ], [ 3377542.495447484776378, 8379014.989662233740091 ], [ 3377552.59234843403101, 8379004.071649488992989 ], [ 3377561.931100614834577, 8378993.795961357653141 ], [ 3377571.836987738031894, 8378982.704351403750479 ], [ 3377580.995988451410085, 8378972.268127762712538 ], [ 3377590.707877568900585, 8378961.006261982955039 ], [ 3377599.684367664624006, 8378950.412646746262908 ], [ 3377609.199333037715405, 8378938.983917814679444 ], [ 3377617.990608330816031, 8378928.236102326773107 ], [ 3377627.30578354652971, 8378916.643953182734549 ], [ 3377635.9091956038028, 8378905.745175299234688 ], [ 3377645.021774434950203, 8378893.993098116479814 ], [ 3377653.434731478337198, 8378882.946641094982624 ], [ 3377662.341968731489033, 8378871.038176223635674 ], [ 3377670.561936311423779, 8378859.847367866896093 ], [ 3377679.261148652527481, 8378847.786102770827711 ], [ 3377687.2856504782103, 8378836.454314349219203 ], [ 3377695.774217241443694, 8378824.243882523849607 ], [ 3377703.600835913326591, 8378812.774527763016522 ], [ 3377711.876199891325086, 8378800.418607639148831 ], [ 3377719.502577622421086, 8378788.815141706727445 ], [ 3377727.562245834153146, 8378776.31745554599911 ], [ 3377734.986085128970444, 8378764.583374063484371 ], [ 3377742.82762957457453, 8378751.947686833329499 ], [ 3377750.04669401049614, 8378740.086524678394198 ], [ 3377757.667752398643643, 8378727.316642920486629 ], [ 3377764.679867164697498, 8378715.331973379477859 ], [ 3377772.078143627848476, 8378702.43174406234175 ], [ 3377778.881196371745318, 8378690.327177435159683 ], [ 3377786.054462154395878, 8378677.300486792810261 ], [ 3377792.646403362974524, 8378665.079669745638967 ], [ 3377799.592497495934367, 8378651.930442112497985 ], [ 3377805.97134135523811, 8378639.597056154161692 ], [ 3377812.688171306159347, 8378626.329252775758505 ], [ 3377818.851996185258031, 8378613.88701334502548 ], [ 3377825.337538486346602, 8378600.504631190560758 ], [ 3377831.284487483557314, 8378587.957286610268056 ], [ 3377837.536788344848901, 8378574.464357165619731 ], [ 3377843.265069940127432, 8378561.815687328577042 ], [ 3377849.282245836220682, 8378548.216275380924344 ], [ 3377854.790134356357157, 8378535.470090762712061 ], [ 3377860.570372593123466, 8378521.768293180502951 ], [ 3377865.85620877565816, 8378508.928433595225215 ], [ 3377871.397768038325012, 8378495.12837808765471 ], [ 3377876.459959514439106, 8378482.198711567558348 ], [ 3377881.761170389596373, 8378468.304555446840823 ], [ 3377886.598192141856998, 8378455.288977134041488 ], [ 3377891.657457623630762, 8378441.304906058125198 ], [ 3377896.267852509859949, 8378428.207336870022118 ], [ 3377901.08364847721532, 8378414.137563585303724 ], [ 3377905.466027560643852, 8378400.961949317716062 ], [ 3377910.036903240252286, 8378386.810712390579283 ], [ 3377914.18994634738192, 8378373.561022150330245 ], [ 3377918.514524748548865, 8378359.332584683783352 ], [ 3377922.436980756465346, 8378346.01280999276787 ], [ 3377926.513959085103124, 8378331.711458351463079 ], [ 3377930.204646331723779, 8378318.325611869804561 ], [ 3377934.03279638569802, 8378303.955654380843043 ], [ 3377937.49060304556042, 8378290.507768617011607 ], [ 3377941.068771582096815, 8378276.073534277267754 ], [ 3377944.29265598161146, 8378262.567660441622138 ], [ 3377947.61976506607607, 8378248.073497609235346 ], [ 3377950.608755996916443, 8378234.513704402372241 ], [ 3377953.68380332691595, 8378219.96397949103266 ], [ 3377956.437000344973058, 8378206.354351848363876 ], [ 3377959.259059552568942, 8378191.753448010422289 ], [ 3377961.775633254088461, 8378178.098085845820606 ], [ 3377964.343854184728116, 8378163.450401648879051 ], [ 3377966.623046434018761, 8378149.753418737091124 ], [ 3377968.936655403114855, 8378135.06336684525013 ], [ 3377970.977779596112669, 8378121.328889393247664 ], [ 3377973.036079621408135, 8378106.60089522972703 ], [ 3377974.838520856108516, 8378092.833060829900205 ], [ 3377976.64089186815545, 8378078.07156125176698 ], [ 3377978.204107156023383, 8378064.274517495185137 ], [ 3377979.750006184913218, 8378049.483959450386465 ], [ 3377981.073524602688849, 8378035.661862733773887 ], [ 3377982.36248594103381, 8378020.846701927483082 ], [ 3377983.445908773224801, 8378007.003716222941875 ], [ 3377984.477544117718935, 8377992.168415768072009 ], [ 3377985.320544982329011, 8377978.308711268007755 ], [ 3377986.094543548766524, 8377963.457740346901119 ], [ 3377986.696868484839797, 8377949.585492417216301 ], [ 3377987.21299710450694, 8377934.723324934020638 ], [ 3377987.574464662931859, 8377920.842712567187846 ], [ 3377987.832567850127816, 8377905.973825795575976 ], [ 3377987.953069136943668, 8377892.089030574075878 ], [ 3377987.953069136943668, 8377877.217903816141188 ], [ 3377987.832567850127816, 8377863.333108594641089 ], [ 3377987.574464662931859, 8377848.46422182302922 ], [ 3377987.21299710450694, 8377834.583609456196427 ], [ 3377986.696868484839797, 8377819.721441973000765 ], [ 3377986.094543548766524, 8377805.849194043315947 ], [ 3377985.320544982329011, 8377790.998223122209311 ], [ 3377984.477544117718935, 8377777.138518622145057 ], [ 3377983.445908773224801, 8377762.30321816727519 ], [ 3377982.36248594103381, 8377748.460232462733984 ], [ 3377981.073524602688849, 8377733.645071656443179 ], [ 3377979.750006184913218, 8377719.822974939830601 ], [ 3377978.204107156023383, 8377705.032416895031929 ], [ 3377976.64089186815545, 8377691.235373138450086 ], [ 3377974.838520856108516, 8377676.473873560316861 ], [ 3377973.036079621408135, 8377662.706039160490036 ], [ 3377970.977779596112669, 8377647.978044996969402 ], [ 3377968.936655403114855, 8377634.243567544966936 ], [ 3377966.623046434018761, 8377619.553515653125942 ], [ 3377964.343854184728116, 8377605.856532741338015 ], [ 3377961.775633254088461, 8377591.20884854439646 ], [ 3377959.259059552568942, 8377577.553486379794776 ], [ 3377956.437000344973058, 8377562.952582541853189 ], [ 3377953.68380332691595, 8377549.342954899184406 ], [ 3377950.608755996916443, 8377534.793229987844825 ], [ 3377947.61976506607607, 8377521.233436780981719 ], [ 3377944.29265598161146, 8377506.739273948594928 ], [ 3377941.068771582096815, 8377493.233400112949312 ], [ 3377937.49060304556042, 8377478.799165773205459 ], [ 3377934.03279638569802, 8377465.351280009374022 ], [ 3377930.204646331723779, 8377450.981322520412505 ], [ 3377926.513959085103124, 8377437.595476038753986 ], [ 3377922.436980756465346, 8377423.294124397449195 ], [ 3377918.514524748548865, 8377409.974349706433713 ], [ 3377914.18994634738192, 8377395.74591223988682 ], [ 3377910.036903240252286, 8377382.496221999637783 ], [ 3377905.466027560643852, 8377368.344985072501004 ], [ 3377901.08364847721532, 8377355.169370804913342 ], [ 3377896.267852509859949, 8377341.099597520194948 ], [ 3377891.657457623630762, 8377328.002028332091868 ], [ 3377886.598192141856998, 8377314.017957256175578 ], [ 3377881.761170389596373, 8377301.002378943376243 ], [ 3377876.459959514439106, 8377287.108222822658718 ], [ 3377871.397768038325012, 8377274.178556302562356 ], [ 3377865.85620877565816, 8377260.378500794991851 ], [ 3377860.570372593123466, 8377247.538641209714115 ], [ 3377854.790134356357157, 8377233.836843627505004 ], [ 3377849.282245836220682, 8377221.090659009292722 ], [ 3377843.265069940127432, 8377207.491247061640024 ], [ 3377837.536788344848901, 8377194.842577224597335 ], [ 3377831.284487483557314, 8377181.349647779949009 ], [ 3377825.337538486346602, 8377168.802303199656308 ], [ 3377818.851996185258031, 8377155.419921045191586 ], [ 3377812.688171306159347, 8377142.977681614458561 ], [ 3377805.97134135523811, 8377129.709878236055374 ], [ 3377799.592497495934367, 8377117.37649227771908 ], [ 3377792.646403362974524, 8377104.227264644578099 ], [ 3377786.054462154395878, 8377092.006447597406805 ], [ 3377778.881196371745318, 8377078.979756955057383 ], [ 3377772.078143627848476, 8377066.875190327875316 ], [ 3377764.679867164697498, 8377053.974961010739207 ], [ 3377757.667752398643643, 8377041.990291469730437 ], [ 3377750.04669401049614, 8377029.220409711822867 ], [ 3377742.82762957457453, 8377017.359247556887567 ], [ 3377734.986085128970444, 8377004.723560326732695 ], [ 3377727.562245834153146, 8376992.989478844217956 ], [ 3377719.502577622421086, 8376980.491792683489621 ], [ 3377711.876199891325086, 8376968.888326751068234 ], [ 3377703.600835913326591, 8376956.532406627200544 ], [ 3377695.774217241443694, 8376945.063051866367459 ], [ 3377687.2856504782103, 8376932.852620040997863 ], [ 3377679.261148652527481, 8376921.520831619389355 ], [ 3377670.561936311423779, 8376909.459566523320973 ], [ 3377662.341968731489033, 8376898.268758166581392 ], [ 3377653.434731478337198, 8376886.360293295234442 ], [ 3377645.021774434950203, 8376875.313836273737252 ], [ 3377635.9091956038028, 8376863.561759090982378 ], [ 3377627.30578354652971, 8376852.662981207482517 ], [ 3377617.990608330816031, 8376841.070832063443959 ], [ 3377609.199333037715405, 8376830.323016575537622 ], [ 3377599.684367664624006, 8376818.894287643954158 ], [ 3377590.707877568900585, 8376808.300672407262027 ], [ 3377580.995988451410085, 8376797.038806627504528 ], [ 3377571.836987738031894, 8376786.602582986466587 ], [ 3377561.931100614834577, 8376775.510973032563925 ], [ 3377552.59234843403101, 8376765.235284901224077 ], [ 3377542.495447484776378, 8376754.317272156476974 ], [ 3377532.979757187888026, 8376744.205215146765113 ], [ 3377522.694884136784822, 8376733.464088697917759 ], [ 3377513.005122378468513, 8376723.518709119409323 ], [ 3377502.535375576931983, 8376712.957704764790833 ], [ 3377492.674461353570223, 8376703.181998620741069 ], [ 3377482.022994845639914, 8376692.804297897964716 ], [ 3377471.993898904882371, 8376683.201210265979171 ], [ 3377461.163921479601413, 8376673.009939488954842 ], [ 3377450.969665008131415, 8376663.582363220863044 ], [ 3377439.9644392314367, 8376653.580592544749379 ], [ 3377429.608093350194395, 8376644.331367794424295 ], [ 3377418.430934580974281, 8376634.522110283374786 ], [ 3377407.915619162842631, 8376625.454023398458958 ], [ 3377396.569894556887448, 8376615.840234123170376 ], [ 3377385.898777350783348, 8376606.956016873940825 ], [ 3377374.387904843781143, 8376597.540592019446194 ], [ 3377363.564200569409877, 8376588.842920815572143 ], [ 3377351.891647848300636, 8376579.628696808591485 ], [ 3377340.918617174960673, 8376571.120191846974194 ], [ 3377329.087900634389371, 8376562.109944502823055 ], [ 3377317.968849231489003, 8376553.793169002979994 ], [ 3377305.983532912563533, 8376544.989612687379122 ], [ 3377294.721810452640057, 8376536.867072123102844 ], [ 3377282.585504970978945, 8376528.272858935408294 ], [ 3377271.184504017233849, 8376520.347000198438764 ], [ 3377258.900865472853184, 8376511.964719173498452 ], [ 3377247.364020727574825, 8376504.237930033355951 ], [ 3377234.9367496073246, 8376496.070106359198689 ], [ 3377223.267536413855851, 8376488.54471442475915 ], [ 3377210.70037647197023, 8376480.593808686360717 ], [ 3377198.902310413308442, 8376473.272081131115556 ], [ 3377186.199047548230737, 8376465.54048856254667 ], [ 3377174.275682647246867, 8376458.424630967900157 ], [ 3377161.440143757034093, 8376450.914680738002062 ], [ 3377149.395072125364095, 8376444.006836873479187 ], [ 3377136.431123957503587, 8376436.720791377127171 ], [ 3377124.267974100541323, 8376430.023042188026011 ], [ 3377111.179522086400539, 8376422.963096370920539 ], [ 3377098.901958205737174, 8376416.477459585294127 ], [ 3377085.692945282906294, 8376409.645740278996527 ], [ 3377073.304666112177074, 8376403.374169755727053 ], [ 3377059.97907153936103, 8376396.77273503690958 ], [ 3377047.48380897892639, 8376390.717120052315295 ], [ 3377034.045647133607417, 8376384.347958625294268 ], [ 3377021.447165480814874, 8376378.510123483836651 ], [ 3377007.900484652724117, 8376372.375154078938067 ], [ 3376995.202579289674759, 8376366.756857465952635 ], [ 3376981.551460459828377, 8376360.857928261160851 ], [ 3376968.757956569083035, 8376355.460862661711872 ], [ 3376955.006512180902064, 8376349.799750729463995 ], [ 3376942.121263880748302, 8376344.625542044639587 ], [ 3376928.27363660139963, 8376339.203952813521028 ], [ 3376915.300525692757219, 8376334.254159818403423 ], [ 3376901.360887164250016, 8376329.073726558126509 ], [ 3376888.303821699228138, 8376324.349840342067182 ], [ 3376874.276371282525361, 8376319.412123676389456 ], [ 3376861.13928486732766, 8376314.915567371062934 ], [ 3376847.028248376678675, 8376310.222054801881313 ], [ 3376833.815098515711725, 8376305.954182978719473 ], [ 3376819.624726946931332, 8376301.506288442760706 ], [ 3376806.339494239538908, 8376297.4683868419379 ], [ 3376792.074062487576157, 8376293.267450280487537 ], [ 3376778.720749005209655, 8376289.460735289379954 ], [ 3376764.384554576594383, 8376285.508022249676287 ], [ 3376750.967183234635741, 8376281.93364070635289 ], [ 3376736.564544954802841, 8376278.230341954156756 ], [ 3376723.087157593108714, 8376274.889370602555573 ], [ 3376708.622414302546531, 8376271.436601770110428 ], [ 3376695.089071164373308, 8376268.330047123134136 ], [ 3376680.566580414306372, 8376265.128848367370665 ], [ 3376666.981358403805643, 8376262.257646271027625 ], [ 3376652.405495140701532, 8376259.308981963433325 ], [ 3376638.772486864123493, 8376256.673997378908098 ], [ 3376624.147642113734037, 8376253.978755814023316 ], [ 3376610.470954545307904, 8376251.580782536417246 ], [ 3376595.801534088794142, 8376249.139775664545596 ], [ 3376582.085287396330386, 8376246.979536095634103 ], [ 3376567.375710444990546, 8376244.79349927790463 ], [ 3376553.624036635272205, 8376242.87164418771863 ], [ 3376538.878734495025128, 8376240.94123597536236 ], [ 3376525.095776434522122, 8376239.258344346657395 ], [ 3376510.319191175978631, 8376237.584146279841661 ], [ 3376496.509100879076868, 8376236.140725070610642 ], [ 3376481.705683995969594, 8376234.72324150800705 ], [ 3376467.872621845453978, 8376233.519725559279323 ], [ 3376453.046832914464176, 8376232.35938352253288 ], [ 3376439.194966163020581, 8376231.396135399118066 ], [ 3376424.351271500810981, 8376230.493284445255995 ], [ 3376410.4847731590271, 8376229.770594333298504 ], [ 3376395.627644476946443, 8376229.12550644762814 ], [ 3376381.750691710971296, 8376228.643592051230371 ], [ 3376366.884604765567929, 8376228.256461570039392 ], [ 3376353.001378206070513, 8376228.0154680730775 ], [ 3376338.130811455193907, 8376227.886411619372666 ], [ 3376324.245493329595774, 8376227.886411619372666 ], [ 3376309.374926578719169, 8376228.0154680730775 ], [ 3376295.491700019221753, 8376228.256461570039392 ], [ 3376280.625613073818386, 8376228.643592051230371 ], [ 3376266.748660307843238, 8376229.12550644762814 ], [ 3376251.891531625762582, 8376229.770594333298504 ], [ 3376238.025033283978701, 8376230.493284445255995 ], [ 3376223.1813386217691, 8376231.396135399118066 ], [ 3376209.329471870325506, 8376232.35938352253288 ], [ 3376194.503682939335704, 8376233.519725559279323 ], [ 3376180.670620788820088, 8376234.72324150800705 ], [ 3376165.867203905712813, 8376236.140725070610642 ], [ 3376152.057113608811051, 8376237.584146279841661 ], [ 3376137.280528350267559, 8376239.258344346657395 ], [ 3376123.497570289764553, 8376240.94123597536236 ], [ 3376108.752268149517477, 8376242.87164418771863 ], [ 3376095.000594339799136, 8376244.79349927790463 ], [ 3376080.291017388459295, 8376246.979536095634103 ], [ 3376066.574770695995539, 8376249.139775664545596 ], [ 3376051.905350239481777, 8376251.580782536417246 ], [ 3376038.228662671055645, 8376253.978755814023316 ], [ 3376023.603817920666188, 8376256.673997378908098 ], [ 3376009.970809644088149, 8376259.308981963433325 ], [ 3375995.394946380984038, 8376262.257646271027625 ], [ 3375981.809724370483309, 8376265.128848367370665 ], [ 3375967.287233620416373, 8376268.330047123134136 ], [ 3375953.75389048224315, 8376271.436601770110428 ], [ 3375939.289147191680968, 8376274.889370602555573 ], [ 3375925.81175982998684, 8376278.230341954156756 ], [ 3375911.409121550153941, 8376281.93364070635289 ], [ 3375897.991750208195299, 8376285.508022249676287 ], [ 3375883.655555779580027, 8376289.460735289379954 ], [ 3375870.302242297213525, 8376293.267450280487537 ], [ 3375856.036810545250773, 8376297.4683868419379 ], [ 3375842.751577837858349, 8376301.506288442760706 ], [ 3375828.561206269077957, 8376305.954182978719473 ], [ 3375815.348056408111006, 8376310.222054801881313 ], [ 3375801.237019917462021, 8376314.915567371062934 ], [ 3375788.099933502264321, 8376319.412123676389456 ], [ 3375774.072483085561544, 8376324.349840342067182 ], [ 3375761.015417664777488, 8376329.073726542294025 ], [ 3375747.075779136270285, 8376334.254159801639616 ], [ 3375734.10266813961789, 8376339.203952829353511 ], [ 3375720.255040860269219, 8376344.625542061403394 ], [ 3375707.369792603887618, 8376349.799750729463995 ], [ 3375693.618348215706646, 8376355.460862661711872 ], [ 3375680.824844324961305, 8376360.857928261160851 ], [ 3375667.173725495114923, 8376366.756857465952635 ], [ 3375654.475820132065564, 8376372.375154078938067 ], [ 3375640.929139303974807, 8376378.510123483836651 ], [ 3375628.330657651182264, 8376384.347958625294268 ], [ 3375614.892495805863291, 8376390.717120052315295 ], [ 3375602.397233245428652, 8376396.77273503690958 ], [ 3375589.071638672612607, 8376403.374169755727053 ], [ 3375576.683359501883388, 8376409.645740278996527 ], [ 3375563.474346579052508, 8376416.477459585294127 ], [ 3375551.196782698389143, 8376422.963096370920539 ], [ 3375538.108330684248358, 8376430.023042188026011 ], [ 3375525.945180827286094, 8376436.720791377127171 ], [ 3375512.981232659425586, 8376444.006836873479187 ], [ 3375500.936161027755588, 8376450.914680738002062 ], [ 3375488.100622137542814, 8376458.424630967900157 ], [ 3375476.177257236558944, 8376465.54048856254667 ], [ 3375463.47399437148124, 8376473.272081131115556 ], [ 3375451.675928312819451, 8376480.593808686360717 ], [ 3375439.108768370933831, 8376488.54471442475915 ], [ 3375427.439555177465081, 8376496.070106359198689 ], [ 3375415.012284057214856, 8376504.237930033355951 ], [ 3375403.475439311936498, 8376511.964719173498452 ], [ 3375391.191800767555833, 8376520.347000198438764 ], [ 3375379.790799813810736, 8376528.272858935408294 ], [ 3375367.654494332149625, 8376536.867072123102844 ], [ 3375356.392771872226149, 8376544.989612687379122 ], [ 3375344.407455553300679, 8376553.793169002979994 ], [ 3375333.288404150400311, 8376562.109944502823055 ], [ 3375321.457687609829009, 8376571.120191846974194 ], [ 3375310.484656936489046, 8376579.628696808591485 ], [ 3375298.812104215379804, 8376588.842920815572143 ], [ 3375287.988399941008538, 8376597.540592019446194 ], [ 3375276.477527434006333, 8376606.956016873940825 ], [ 3375265.806410227902234, 8376615.840234123170376 ], [ 3375254.46068562194705, 8376625.454023398458958 ], [ 3375243.945370203815401, 8376634.522110283374786 ], [ 3375232.768211434595287, 8376644.331367794424295 ], [ 3375222.411865553352982, 8376653.580592544749379 ], [ 3375211.406639776658267, 8376663.582363220863044 ], [ 3375201.212383305188268, 8376673.009939488954842 ], [ 3375190.38240587990731, 8376683.201210265979171 ], [ 3375180.353309926576912, 8376692.804297911003232 ], [ 3375169.701843419112265, 8376703.181998633779585 ], [ 3375159.840929220896214, 8376712.95770475268364 ], [ 3375149.371182418894023, 8376723.518709107302129 ], [ 3375139.68142064800486, 8376733.464088697917759 ], [ 3375129.396547596901655, 8376744.205215146765113 ], [ 3375119.880857300013304, 8376754.317272156476974 ], [ 3375109.783956350758672, 8376765.235284901224077 ], [ 3375100.445204169955105, 8376775.510973032563925 ], [ 3375090.539317046757787, 8376786.602582986466587 ], [ 3375081.380316333379596, 8376797.038806627504528 ], [ 3375071.668427215889096, 8376808.300672407262027 ], [ 3375062.691937120165676, 8376818.894287643954158 ], [ 3375053.176971747074276, 8376830.323016575537622 ], [ 3375044.385696453973651, 8376841.070832063443959 ], [ 3375035.070521238259971, 8376852.662981207482517 ], [ 3375026.467109180986881, 8376863.561759090982378 ], [ 3375017.354530349839479, 8376875.313836273737252 ], [ 3375008.941573306452483, 8376886.360293295234442 ], [ 3375000.034336053300649, 8376898.268758166581392 ], [ 3374991.814368473365903, 8376909.459566523320973 ], [ 3374983.1151561322622, 8376921.520831619389355 ], [ 3374975.090654306579381, 8376932.852620040997863 ], [ 3374966.602087543345988, 8376945.063051866367459 ], [ 3374958.77546887146309, 8376956.532406627200544 ], [ 3374950.500104893464595, 8376968.888326751068234 ], [ 3374942.873727162368596, 8376980.491792683489621 ], [ 3374934.814058950636536, 8376992.989478844217956 ], [ 3374927.390219655819237, 8377004.723560326732695 ], [ 3374919.548675210215151, 8377017.359247556887567 ], [ 3374912.329610774293542, 8377029.220409711822867 ], [ 3374904.708552386146039, 8377041.990291469730437 ], [ 3374897.696437620092183, 8377053.974961010739207 ], [ 3374890.298161156941205, 8377066.875190327875316 ], [ 3374883.495108413044363, 8377078.979756955057383 ], [ 3374876.321842630393803, 8377092.006447597406805 ], [ 3374869.729901421815157, 8377104.227264644578099 ], [ 3374862.783807288855314, 8377117.37649227771908 ], [ 3374856.404963429551572, 8377129.709878236055374 ], [ 3374849.688133478630334, 8377142.977681614458561 ], [ 3374843.524308599531651, 8377155.419921045191586 ], [ 3374837.038766298443079, 8377168.802303199656308 ], [ 3374831.091817301232368, 8377181.349647779949009 ], [ 3374824.83951643994078, 8377194.842577224597335 ], [ 3374819.111234852578491, 8377207.491247043013573 ], [ 3374813.094058956485242, 8377221.090658989734948 ], [ 3374807.586170420516282, 8377233.836843645200133 ], [ 3374801.805932183749974, 8377247.538641228340566 ], [ 3374796.520096009131521, 8377260.378500794991851 ], [ 3374790.97853674646467, 8377274.178556302562356 ], [ 3374785.916345270350575, 8377287.108222822658718 ], [ 3374780.615134395193309, 8377301.002378943376243 ], [ 3374775.778112642932683, 8377314.017957256175578 ], [ 3374770.718847161158919, 8377328.002028332091868 ], [ 3374766.108452274929732, 8377341.099597520194948 ], [ 3374761.292656307574362, 8377355.169370804913342 ], [ 3374756.91027722414583, 8377368.344985072501004 ], [ 3374752.339401544537395, 8377382.496221999637783 ], [ 3374748.186358437407762, 8377395.74591223988682 ], [ 3374743.861780036240816, 8377409.974349706433713 ], [ 3374739.939324028324336, 8377423.294124397449195 ], [ 3374735.862345699686557, 8377437.595476038753986 ], [ 3374732.171658453065902, 8377450.981322520412505 ], [ 3374728.343508399091661, 8377465.351280009374022 ], [ 3374724.885701739229262, 8377478.799165773205459 ], [ 3374721.307533202692866, 8377493.233400112949312 ], [ 3374718.083648803178221, 8377506.739273948594928 ], [ 3374714.756539718713611, 8377521.233436780981719 ], [ 3374711.767548787873238, 8377534.793229987844825 ], [ 3374708.692501457873732, 8377549.342954899184406 ], [ 3374705.939304439816624, 8377562.952582541853189 ], [ 3374703.117245232220739, 8377577.553486379794776 ], [ 3374700.60067153070122, 8377591.20884854439646 ], [ 3374698.032450600061566, 8377605.856532741338015 ], [ 3374695.753258350770921, 8377619.553515653125942 ], [ 3374693.439649381674826, 8377634.243567544966936 ], [ 3374691.398525188677013, 8377647.978044996969402 ], [ 3374689.340225163381547, 8377662.706039160490036 ], [ 3374687.537783928681165, 8377676.473873560316861 ], [ 3374685.735412916634232, 8377691.235373138450086 ], [ 3374684.172197628766298, 8377705.032416895031929 ], [ 3374682.626298599876463, 8377719.822974939830601 ], [ 3374681.302780182100832, 8377733.645071656443179 ], [ 3374680.013818843755871, 8377748.460232462733984 ], [ 3374678.930396011564881, 8377762.30321816727519 ], [ 3374677.898760667070746, 8377777.138518622145057 ], [ 3374677.05575980246067, 8377790.998223122209311 ], [ 3374676.281761236023158, 8377805.849194043315947 ], [ 3374675.679436299949884, 8377819.721441973000765 ], [ 3374675.163307680282742, 8377834.583609456196427 ], [ 3374674.801840121857822, 8377848.46422182302922 ], [ 3374674.543736934661865, 8377863.333108594641089 ], [ 3374674.423235647846013, 8377877.217903816141188 ], [ 3374674.423235647846013, 8377892.089030574075878 ], [ 3374674.543736934661865, 8377905.973825795575976 ], [ 3374674.801840121857822, 8377920.842712567187846 ], [ 3374675.163307680282742, 8377934.723324934020638 ], [ 3374675.679436299949884, 8377949.585492417216301 ], [ 3374676.281761236023158, 8377963.457740346901119 ], [ 3374677.05575980246067, 8377978.308711268007755 ], [ 3374677.898760667070746, 8377992.168415768072009 ], [ 3374678.930396011564881, 8378007.003716222941875 ], [ 3374680.013818843755871, 8378020.846701927483082 ], [ 3374681.302780182100832, 8378035.661862733773887 ], [ 3374682.626298599876463, 8378049.483959450386465 ], [ 3374684.172197628766298, 8378064.274517495185137 ], [ 3374685.735412916634232, 8378078.07156125176698 ], [ 3374687.537783928681165, 8378092.833060829900205 ], [ 3374689.340225163381547, 8378106.60089522972703 ], [ 3374691.398525188677013, 8378121.328889393247664 ], [ 3374693.439649381674826, 8378135.06336684525013 ], [ 3374695.753258350770921, 8378149.753418737091124 ], [ 3374698.032450600061566, 8378163.450401648879051 ], [ 3374700.60067153070122, 8378178.098085845820606 ], [ 3374703.117245232220739, 8378191.753448010422289 ], [ 3374705.939304439816624, 8378206.354351848363876 ], [ 3374708.692501457873732, 8378219.96397949103266 ], [ 3374711.767548787873238, 8378234.513704402372241 ], [ 3374714.756539718713611, 8378248.073497609235346 ], [ 3374718.083648803178221, 8378262.567660441622138 ], [ 3374721.307533202692866, 8378276.073534277267754 ], [ 3374724.885701739229262, 8378290.507768617011607 ], [ 3374728.343508399091661, 8378303.955654380843043 ], [ 3374732.171658453065902, 8378318.325611869804561 ], [ 3374735.862345699686557, 8378331.711458351463079 ], [ 3374739.939324028324336, 8378346.01280999276787 ], [ 3374743.861780036240816, 8378359.332584683783352 ], [ 3374748.186358437407762, 8378373.561022150330245 ], [ 3374752.339401544537395, 8378386.810712390579283 ], [ 3374756.91027722414583, 8378400.961949317716062 ], [ 3374761.292656307574362, 8378414.137563585303724 ], [ 3374766.108452274929732, 8378428.207336870022118 ], [ 3374770.718847161158919, 8378441.304906058125198 ], [ 3374775.778112642932683, 8378455.288977134041488 ], [ 3374780.615134395193309, 8378468.304555446840823 ], [ 3374785.916345270350575, 8378482.198711567558348 ], [ 3374790.97853674646467, 8378495.12837808765471 ], [ 3374796.520096009131521, 8378508.928433595225215 ], [ 3374801.805932191666216, 8378521.768293180502951 ], [ 3374807.586170428432524, 8378535.470090762712061 ], [ 3374813.094058939255774, 8378548.216275360435247 ], [ 3374819.111234834883362, 8378561.815687308087945 ], [ 3374824.839516449254006, 8378574.464357186108828 ], [ 3374831.091817311011255, 8378587.957286630757153 ], [ 3374837.038766298443079, 8378600.504631190560758 ], [ 3374843.524308599531651, 8378613.88701334502548 ], [ 3374849.688133478630334, 8378626.329252775758505 ], [ 3374856.404963429551572, 8378639.597056154161692 ], [ 3374862.783807288855314, 8378651.930442112497985 ], [ 3374869.729901421815157, 8378665.079669745638967 ], [ 3374876.321842630393803, 8378677.300486792810261 ], [ 3374883.495108413044363, 8378690.327177435159683 ], [ 3374890.298161156941205, 8378702.43174406234175 ], [ 3374897.696437620092183, 8378715.331973379477859 ], [ 3374904.708552386146039, 8378727.316642920486629 ], [ 3374912.329610774293542, 8378740.086524678394198 ], [ 3374919.548675210215151, 8378751.947686833329499 ], [ 3374927.390219655819237, 8378764.583374063484371 ], [ 3374934.814058950636536, 8378776.31745554599911 ], [ 3374942.873727162368596, 8378788.815141706727445 ], [ 3374950.500104893464595, 8378800.418607639148831 ], [ 3374958.77546887146309, 8378812.774527763016522 ], [ 3374966.602087543345988, 8378824.243882523849607 ], [ 3374975.090654306579381, 8378836.454314349219203 ], [ 3374983.1151561322622, 8378847.786102770827711 ], [ 3374991.814368473365903, 8378859.847367866896093 ], [ 3375000.034336053300649, 8378871.038176223635674 ], [ 3375008.941573306452483, 8378882.946641094982624 ], [ 3375017.354530349839479, 8378893.993098116479814 ], [ 3375026.467109180986881, 8378905.745175299234688 ], [ 3375035.070521226152778, 8378916.643953167833388 ], [ 3375044.385696441400796, 8378928.236102311871946 ], [ 3375053.176971758715808, 8378938.983917828649282 ], [ 3375062.691937132272869, 8378950.412646760232747 ], [ 3375071.668427215889096, 8378961.006261982955039 ], [ 3375081.380316333379596, 8378972.268127762712538 ], [ 3375090.539317046757787, 8378982.704351403750479 ], [ 3375100.445204169955105, 8378993.795961357653141 ], [ 3375109.783956350758672, 8379004.071649488992989 ], [ 3375119.880857300013304, 8379014.989662233740091 ], [ 3375129.396547596901655, 8379025.101719243451953 ], [ 3375139.68142064800486, 8379035.842845692299306 ], [ 3375149.371182406321168, 8379045.788225270807743 ], [ 3375159.840929207857698, 8379056.349229625426233 ], [ 3375169.701843431219459, 8379066.124935769475996 ], [ 3375180.353309939149767, 8379076.50263649225235 ], [ 3375190.38240587990731, 8379086.105724124237895 ], [ 3375201.212383305188268, 8379096.296994901262224 ], [ 3375211.406639776658267, 8379105.724571169354022 ], [ 3375222.411865553352982, 8379115.726341845467687 ], [ 3375232.768211434595287, 8379124.97556659579277 ], [ 3375243.945370203815401, 8379134.784824106842279 ], [ 3375254.46068562194705, 8379143.852910991758108 ], [ 3375265.806410227902234, 8379153.46670026704669 ], [ 3375276.477527434006333, 8379162.35091751627624 ], [ 3375287.988399941008538, 8379171.766342370770872 ], [ 3375298.812104215379804, 8379180.464013574644923 ], [ 3375310.484656936489046, 8379189.678237581625581 ], [ 3375321.457687609829009, 8379198.186742543242872 ], [ 3375333.288404150400311, 8379207.196989887394011 ], [ 3375344.407455553300679, 8379215.513765387237072 ], [ 3375356.392771872226149, 8379224.317321702837944 ], [ 3375367.654494332149625, 8379232.439862267114222 ], [ 3375379.790799813810736, 8379241.034075454808772 ], [ 3375391.191800767555833, 8379248.959934191778302 ], [ 3375403.475439311936498, 8379257.342215216718614 ], [ 3375415.012284057214856, 8379265.069004356861115 ], [ 3375427.439555177465081, 8379273.236828031018376 ], [ 3375439.108768370933831, 8379280.762219965457916 ], [ 3375451.675928312819451, 8379288.713125703856349 ], [ 3375463.47399437148124, 8379296.03485325910151 ], [ 3375476.177257236558944, 8379303.766445827670395 ], [ 3375488.100622137542814, 8379310.882303422316909 ], [ 3375500.936161027755588, 8379318.392253652215004 ], [ 3375512.981232659425586, 8379325.300097516737878 ], [ 3375525.945180827286094, 8379332.586143013089895 ], [ 3375538.108330684248358, 8379339.283892202191055 ], [ 3375551.196782698389143, 8379346.343838019296527 ], [ 3375563.474346579052508, 8379352.829474804922938 ], [ 3375576.683359501883388, 8379359.661194111220539 ], [ 3375589.071638672612607, 8379365.932764634490013 ], [ 3375602.397233245428652, 8379372.534199353307486 ], [ 3375614.892495805863291, 8379378.589814337901771 ], [ 3375628.330657651182264, 8379384.958975764922798 ], [ 3375640.929139303974807, 8379390.796810906380415 ], [ 3375654.475820132065564, 8379396.931780311278999 ], [ 3375667.173725495114923, 8379402.550076924264431 ], [ 3375680.824844324961305, 8379408.449006129056215 ], [ 3375693.618348215706646, 8379413.846071728505194 ], [ 3375707.369792603887618, 8379419.507183660753071 ], [ 3375720.25504090404138, 8379424.681392345577478 ], [ 3375734.102668183390051, 8379430.102981576696038 ], [ 3375747.075779092032462, 8379435.052774571813643 ], [ 3375761.015417620539665, 8379440.233207832090557 ], [ 3375774.072483085561544, 8379444.957094048149884 ], [ 3375788.099933502264321, 8379449.89481071382761 ], [ 3375801.237019917462021, 8379454.391367019154131 ], [ 3375815.348056408111006, 8379459.084879588335752 ], [ 3375828.561206269077957, 8379463.352751411497593 ], [ 3375842.751577837858349, 8379467.80064594745636 ], [ 3375856.036810545250773, 8379471.838547548279166 ], [ 3375870.302242297213525, 8379476.039484109729528 ], [ 3375883.655555779580027, 8379479.846199100837111 ], [ 3375897.991750208195299, 8379483.798912140540779 ], [ 3375911.409121550153941, 8379487.373293683864176 ], [ 3375925.81175982998684, 8379491.076592436060309 ], [ 3375939.289147191680968, 8379494.417563787661493 ], [ 3375953.75389048224315, 8379497.870332620106637 ], [ 3375967.287233620416373, 8379500.97688726708293 ], [ 3375981.809724370483309, 8379504.178086022846401 ], [ 3375995.394946380984038, 8379507.049288119189441 ], [ 3376009.970809644088149, 8379509.997952426783741 ], [ 3376023.603817920666188, 8379512.632937011308968 ], [ 3376038.228662671055645, 8379515.32817857619375 ], [ 3376051.905350239481777, 8379517.72615185379982 ], [ 3376066.574770695995539, 8379520.16715872567147 ], [ 3376080.291017388459295, 8379522.327398294582963 ], [ 3376095.000594339799136, 8379524.513435112312436 ], [ 3376108.752268149517477, 8379526.435290202498436 ], [ 3376123.497570289764553, 8379528.365698414854705 ], [ 3376137.280528350267559, 8379530.04859004355967 ], [ 3376152.057113608811051, 8379531.722788110375404 ], [ 3376165.867203905712813, 8379533.166209319606423 ], [ 3376180.670620788820088, 8379534.583692882210016 ], [ 3376194.503682939335704, 8379535.787208830937743 ], [ 3376209.329471870325506, 8379536.947550867684186 ], [ 3376223.1813386217691, 8379537.910798991099 ], [ 3376238.025033283978701, 8379538.813649944961071 ], [ 3376251.891531625762582, 8379539.536340056918561 ], [ 3376266.748660307843238, 8379540.181427942588925 ], [ 3376280.625613073818386, 8379540.663342338986695 ], [ 3376295.491700019221753, 8379541.050472820177674 ], [ 3376309.374926578719169, 8379541.291466317139566 ], [ 3376324.245493329595774, 8379541.4205227708444 ] ] ] ] } },
{ "type": "Feature", "properties": { "id": null }, "geometry": { "type": "MultiPolygon", "coordinates": [ [ [ [ 3387086.667623285204172, 8382715.06925618276 ], [ 3387100.630080034956336, 8382715.06925618276 ], [ 3387115.650400013662875, 8382714.938175836578012 ], [ 3387129.610730299726129, 8382714.694497365504503 ], [ 3387144.62647494347766, 8382714.301296253688633 ], [ 3387158.580426184460521, 8382713.814013538882136 ], [ 3387173.587021552026272, 8382713.158811435103416 ], [ 3387187.530343301128596, 8382712.42807290609926 ], [ 3387202.523218238260597, 8382711.511069390922785 ], [ 3387216.451663124375045, 8382710.537097644992173 ], [ 3387231.426250655669719, 8382709.358572048135102 ], [ 3387245.335576162673533, 8382708.141663748770952 ], [ 3387260.287314884364605, 8382706.701975057832897 ], [ 3387274.173283863347024, 8382705.242500906810164 ], [ 3387289.097619330510497, 8382703.54208766669035 ], [ 3387302.956002064980567, 8382701.84049222804606 ], [ 3387317.848388180602342, 8382699.879872401244938 ], [ 3387331.674963337834924, 8382697.936673987656832 ], [ 3387346.530863736756146, 8382695.71644479688257 ], [ 3387360.321419510990381, 8382693.532235339283943 ], [ 3387375.136308941990137, 8382691.053073088638484 ], [ 3387388.886644631158561, 8382688.628517912700772 ], [ 3387403.656010335776955, 8382685.891177779063582 ], [ 3387417.361937496811152, 8382683.227015420794487 ], [ 3387432.081280583050102, 8382680.232331223785877 ], [ 3387445.738624218851328, 8382677.329373218119144 ], [ 3387460.403461031615734, 8382674.078257167711854 ], [ 3387474.008060908410698, 8382670.937387803569436 ], [ 3387488.613924397155643, 8382667.430830222554505 ], [ 3387502.161636616103351, 8382664.05300619173795 ], [ 3387516.704077692702413, 8382660.292075209319592 ], [ 3387530.190775263588876, 8382656.678325486369431 ], [ 3387544.665364160202444, 8382652.664166720584035 ], [ 3387558.08693909086287, 8382648.81559204030782 ], [ 3387572.489266707096249, 8382644.549428241327405 ], [ 3387585.841630551498383, 8382640.467200943268836 ], [ 3387600.167309798765928, 8382635.950331626459956 ], [ 3387613.446395283099264, 8382631.635695205070078 ], [ 3387627.691062421072274, 8382626.869496253319085 ], [ 3387640.892824690788984, 8382622.323764960281551 ], [ 3387655.05214065592736, 8382617.309688203036785 ], [ 3387668.172558294609189, 8382612.534246721304953 ], [ 3387682.242210021242499, 8382607.273819494992495 ], [ 3387695.2772864010185, 8382602.270122478716075 ], [ 3387709.252988138236105, 8382596.76494716014713 ], [ 3387722.198752666357905, 8382591.534518777392805 ], [ 3387736.076247278600931, 8382585.786272296682 ], [ 3387748.928756488487124, 8382580.330705811269581 ], [ 3387762.703816758003086, 8382574.341139140538871 ], [ 3387775.459155749063939, 8382568.662096331827343 ], [ 3387789.12758565787226, 8382562.43303395062685 ], [ 3387801.781868974212557, 8382556.532244731672108 ], [ 3387815.339504986535758, 8382550.065584072843194 ], [ 3387827.888878053054214, 8382543.944845861755311 ], [ 3387841.331590381450951, 8382537.242556732147932 ], [ 3387853.772230465430766, 8382530.903734001331031 ], [ 3387867.095924329943955, 8382523.967857983894646 ], [ 3387879.424041945487261, 8382517.412881573662162 ], [ 3387892.624658819288015, 8382510.245531403459609 ], [ 3387904.836498701013625, 8382503.476398021914065 ], [ 3387917.910017549060285, 8382496.07975694257766 ], [ 3387930.00185982696712, 8382489.098528548143804 ], [ 3387942.944298328366131, 8382481.47484964877367 ], [ 3387954.912459769751877, 8382474.283652756363153 ], [ 3387967.719875532202423, 8382466.435258282348514 ], [ 3387979.560710411053151, 8382459.036283465102315 ], [ 3387992.22920217178762, 8382450.965564114972949 ], [ 3388003.939103741198778, 8382443.361065120436251 ], [ 3388016.464812554884702, 8382435.07047931291163 ], [ 3388028.040213820990175, 8382427.262772573158145 ], [ 3388040.419324235990644, 8382418.754845701158047 ], [ 3388051.856699300929904, 8382410.746309463866055 ], [ 3388064.085440519265831, 8382402.023633123375475 ], [ 3388075.381305334158242, 8382393.816706944257021 ], [ 3388087.455952363088727, 8382384.881938148289919 ], [ 3388098.606866179034114, 8382376.479121880605817 ], [ 3388110.523740964476019, 8382367.334982245229185 ], [ 3388121.526307061780244, 8382358.738835498690605 ], [ 3388133.281779608223587, 8382349.388110417872667 ], [ 3388144.1326465154998, 8382340.601251649670303 ], [ 3388155.723135991953313, 8382331.046789444983006 ], [ 3388166.418998459819704, 8382322.071895193308592 ], [ 3388177.840974290389568, 8382312.316606245934963 ], [ 3388188.378574148286134, 8382303.156410440802574 ], [ 3388199.628557089716196, 8382293.203266307711601 ], [ 3388210.004684655927122, 8382283.860559083521366 ], [ 3388221.079247853253037, 8382273.712591586634517 ], [ 3388231.290742317214608, 8382264.190218945965171 ], [ 3388242.186512351501733, 8382253.85051925573498 ], [ 3388252.230263196863234, 8382244.151381807401776 ], [ 3388262.943921111524105, 8382233.623099497519433 ], [ 3388272.816869013942778, 8382223.750151596032083 ], [ 3388283.345151324756444, 8382213.036493681371212 ], [ 3388293.044288821984082, 8382202.992742785252631 ], [ 3388303.383988511748612, 8382192.096972750499845 ], [ 3388312.906361151486635, 8382181.885478286072612 ], [ 3388323.054328647907823, 8382170.810915088281035 ], [ 3388332.397035813424736, 8382160.434787588194013 ], [ 3388342.350179947447032, 8382149.184804647229612 ], [ 3388351.510375800076872, 8382138.647204734385014 ], [ 3388361.265664746984839, 8382127.22522890381515 ], [ 3388370.240558976773173, 8382116.529366462491453 ], [ 3388379.79502118146047, 8382104.938876986503601 ], [ 3388388.58187995897606, 8382094.088010067120194 ], [ 3388397.932605039793998, 8382082.332537520676851 ], [ 3388406.528751795645803, 8382071.329971411265433 ], [ 3388415.672891431022435, 8382059.413096625357866 ], [ 3388424.075707690324634, 8382048.262182821519673 ], [ 3388433.010476486291736, 8382036.187535792589188 ], [ 3388441.21740266494453, 8382024.891670977696776 ], [ 3388449.940079005435109, 8382012.66292975936085 ], [ 3388457.948615234810859, 8382001.22555470559746 ], [ 3388466.456542106810957, 8381988.846444291062653 ], [ 3388474.264248850755394, 8381977.271043019369245 ], [ 3388482.554834658745676, 8381964.745334205217659 ], [ 3388490.159333664458245, 8381953.035432619042695 ], [ 3388498.230053014587611, 8381940.366940857842565 ], [ 3388505.629027839750051, 8381928.526105965487659 ], [ 3388513.477422312833369, 8381915.718690203502774 ], [ 3388520.668619183823466, 8381903.750528797507286 ], [ 3388528.2922980831936, 8381890.808090296573937 ], [ 3388535.273526483681053, 8381878.716248007491231 ], [ 3388542.670167563017458, 8381865.642729159444571 ], [ 3388549.439300945028663, 8381853.430889276787639 ], [ 3388556.606651115696877, 8381840.230272402055562 ], [ 3388563.161627520341426, 8381827.902154797688127 ], [ 3388570.097503537777811, 8381814.578460933640599 ], [ 3388576.436326274182647, 8381802.137820839881897 ], [ 3388583.138615403790027, 8381788.695108511485159 ], [ 3388589.259353614412248, 8381776.145735444501042 ], [ 3388595.726014273241162, 8381762.588099432177842 ], [ 3388601.626803495921195, 8381749.93381610698998 ], [ 3388607.855865877121687, 8381736.265386197715998 ], [ 3388613.534908669535071, 8381723.510047245770693 ], [ 3388619.524475340731442, 8381709.734986976720393 ], [ 3388624.980041850823909, 8381696.882477707229555 ], [ 3388630.728288331069052, 8381683.004983094520867 ], [ 3388635.95871670357883, 8381670.059218591079116 ], [ 3388641.463892021682113, 8381656.083516854792833 ], [ 3388646.467589042149484, 8381643.048440463840961 ], [ 3388651.728016268461943, 8381628.978788736276329 ], [ 3388656.503457730636001, 8381615.858371151611209 ], [ 3388661.517534488346428, 8381601.699055187404156 ], [ 3388666.063265787437558, 8381588.497292902320623 ], [ 3388670.829464739654213, 8381574.252625764347613 ], [ 3388675.144101175945252, 8381560.973540235310793 ], [ 3388679.66097049228847, 8381546.647860988043249 ], [ 3388683.743197784759104, 8381533.295497159473598 ], [ 3388688.009361583739519, 8381518.893169542774558 ], [ 3388691.857936254236847, 8381505.471594648435712 ], [ 3388695.872095020487905, 8381490.997005752287805 ], [ 3388699.485844760667533, 8381477.510308116674423 ], [ 3388703.24677574262023, 8381462.967867039144039 ], [ 3388706.62459975713864, 8381449.420154884457588 ], [ 3388710.131157338619232, 8381434.814291396178305 ], [ 3388713.272026715334505, 8381421.209691466763616 ], [ 3388716.523142765276134, 8381406.544854653999209 ], [ 3388719.426100763957947, 8381392.887511046603322 ], [ 3388722.420784960966557, 8381378.168167960830033 ], [ 3388725.084947320632637, 8381364.462240794673562 ], [ 3388727.822287454269826, 8381349.692875090055168 ], [ 3388730.246842629741877, 8381335.942539400421083 ], [ 3388732.726004880387336, 8381321.127649969421327 ], [ 3388734.910214338917285, 8381307.337094192393124 ], [ 3388737.130443529691547, 8381292.481193793006241 ], [ 3388739.073641939554363, 8381278.654618666507304 ], [ 3388741.034261766821146, 8381263.76223255135119 ], [ 3388742.735857211984694, 8381249.903849761933088 ], [ 3388744.436270451638848, 8381234.979514294303954 ], [ 3388745.895744601730257, 8381221.093545318581164 ], [ 3388747.335433292202652, 8381206.141806596890092 ], [ 3388748.552341585047543, 8381192.232481165789068 ], [ 3388749.730867182835937, 8381177.257893634960055 ], [ 3388750.704838934354484, 8381163.329448672011495 ], [ 3388751.621842449065298, 8381148.336573734879494 ], [ 3388752.352580976206809, 8381134.39325201138854 ], [ 3388753.007783079985529, 8381119.386656643822789 ], [ 3388753.495065795723349, 8381105.432705376297235 ], [ 3388753.888266907073557, 8381090.416960732080042 ], [ 3388754.131945377681404, 8381076.45663049723953 ], [ 3388754.263025724329054, 8381061.436310518532991 ], [ 3388754.263025724329054, 8381047.473853718489408 ], [ 3388754.131945377681404, 8381032.45353373978287 ], [ 3388753.888266907073557, 8381018.493203504942358 ], [ 3388753.495065795723349, 8381003.477458860725164 ], [ 3388753.007783079985529, 8380989.523507593199611 ], [ 3388752.352580976206809, 8380974.51691222563386 ], [ 3388751.621842449065298, 8380960.573590502142906 ], [ 3388750.704838934354484, 8380945.580715565010905 ], [ 3388749.730867182835937, 8380931.652270602062345 ], [ 3388748.552341585047543, 8380916.677683071233332 ], [ 3388747.335433292202652, 8380902.768357640132308 ], [ 3388745.895744601730257, 8380887.816618918441236 ], [ 3388744.436270451638848, 8380873.930649942718446 ], [ 3388742.735857211984694, 8380859.006314475089312 ], [ 3388741.034261766821146, 8380845.14793168567121 ], [ 3388739.073641939554363, 8380830.255545570515096 ], [ 3388737.130443529691547, 8380816.428970444016159 ], [ 3388734.910214338917285, 8380801.573070044629276 ], [ 3388732.726004880387336, 8380787.782514267601073 ], [ 3388730.246842629741877, 8380772.967624836601317 ], [ 3388727.822287454269826, 8380759.217289146967232 ], [ 3388725.084947320632637, 8380744.447923442348838 ], [ 3388722.420784960966557, 8380730.741996276192367 ], [ 3388719.426100763957947, 8380716.022653190419078 ], [ 3388716.523142765276134, 8380702.36530958302319 ], [ 3388713.272026715334505, 8380687.700472770258784 ], [ 3388710.131157338619232, 8380674.095872840844095 ], [ 3388706.62459975713864, 8380659.490009352564812 ], [ 3388703.24677574262023, 8380645.942297197878361 ], [ 3388699.485844760667533, 8380631.399856120347977 ], [ 3388695.872095020487905, 8380617.913158484734595 ], [ 3388691.857936254236847, 8380603.438569588586688 ], [ 3388688.009361583739519, 8380590.016994694247842 ], [ 3388683.743197784759104, 8380575.614667077548802 ], [ 3388679.66097049228847, 8380562.262303248979151 ], [ 3388675.144101175945252, 8380547.936624001711607 ], [ 3388670.829464739654213, 8380534.657538472674787 ], [ 3388666.063265787437558, 8380520.412871334701777 ], [ 3388661.517534488346428, 8380507.211109049618244 ], [ 3388656.503457730636001, 8380493.051793085411191 ], [ 3388651.728016268461943, 8380479.931375500746071 ], [ 3388646.467589042149484, 8380465.861723773181438 ], [ 3388641.463892021682113, 8380452.826647382229567 ], [ 3388635.95871670357883, 8380438.850945645943284 ], [ 3388630.728288331069052, 8380425.905181142501533 ], [ 3388624.980041850823909, 8380412.027686529792845 ], [ 3388619.524475340731442, 8380399.175177260302007 ], [ 3388613.534908669535071, 8380385.400116991251707 ], [ 3388607.855865877121687, 8380372.644778039306402 ], [ 3388601.626803495921195, 8380358.97634813003242 ], [ 3388595.726014273241162, 8380346.322064804844558 ], [ 3388589.259353614412248, 8380332.764428792521358 ], [ 3388583.138615403790027, 8380320.215055725537241 ], [ 3388576.436326274182647, 8380306.772343397140503 ], [ 3388570.097503537777811, 8380294.331703303381801 ], [ 3388563.161627520341426, 8380281.008009439334273 ], [ 3388556.606651115696877, 8380268.679891834966838 ], [ 3388549.439300945028663, 8380255.479274960234761 ], [ 3388542.670167550910264, 8380243.26743505615741 ], [ 3388535.273526471573859, 8380230.193916209042072 ], [ 3388528.292298096232116, 8380218.102073962800205 ], [ 3388520.668619196861982, 8380205.159635460935533 ], [ 3388513.477422312833369, 8380193.191474033519626 ], [ 3388505.629027839750051, 8380180.384058271534741 ], [ 3388498.230053014587611, 8380168.543223379179835 ], [ 3388490.159333664458245, 8380155.874731617979705 ], [ 3388482.554834658745676, 8380144.16483003180474 ], [ 3388474.264248850755394, 8380131.639121217653155 ], [ 3388466.456542106810957, 8380120.063719945959747 ], [ 3388457.948615234810859, 8380107.68460953142494 ], [ 3388449.940079005435109, 8380096.24723447766155 ], [ 3388441.21740266494453, 8380084.018493259325624 ], [ 3388433.010476486291736, 8380072.722628444433212 ], [ 3388424.075707690324634, 8380060.647981415502727 ], [ 3388415.672891431022435, 8380049.497067611664534 ], [ 3388406.528751795645803, 8380037.580192825756967 ], [ 3388397.932605039793998, 8380026.577626716345549 ], [ 3388388.58187995897606, 8380014.822154169902205 ], [ 3388379.79502118146047, 8380003.971287250518799 ], [ 3388370.240558976773173, 8379992.380797774530947 ], [ 3388361.265664746984839, 8379981.68493533320725 ], [ 3388351.510375800076872, 8379970.262959502637386 ], [ 3388342.350179947447032, 8379959.725359589792788 ], [ 3388332.397035813424736, 8379948.475376648828387 ], [ 3388323.054328647907823, 8379938.099249148741364 ], [ 3388312.906361151486635, 8379927.024685950949788 ], [ 3388303.383988511748612, 8379916.813191486522555 ], [ 3388293.044288821984082, 8379905.917421451769769 ], [ 3388283.345151324756444, 8379895.873670555651188 ], [ 3388272.816869013942778, 8379885.160012640990317 ], [ 3388262.943921111524105, 8379875.287064739502966 ], [ 3388252.230263196863234, 8379864.758782429620624 ], [ 3388242.186512351501733, 8379855.05964498128742 ], [ 3388231.290742317214608, 8379844.719945291057229 ], [ 3388221.079247853253037, 8379835.197572650387883 ], [ 3388210.004684655927122, 8379825.049605153501034 ], [ 3388199.628557089716196, 8379815.706897929310799 ], [ 3388188.378574148286134, 8379805.753753796219826 ], [ 3388177.840974290389568, 8379796.593557991087437 ], [ 3388166.418998459819704, 8379786.838269043713808 ], [ 3388155.723135991953313, 8379777.863374792039394 ], [ 3388144.1326465154998, 8379768.308912587352097 ], [ 3388133.281779608223587, 8379759.522053819149733 ], [ 3388121.526307061780244, 8379750.171328738331795 ], [ 3388110.523740964476019, 8379741.575181991793215 ], [ 3388098.606866179034114, 8379732.431042356416583 ], [ 3388087.455952363088727, 8379724.028226088732481 ], [ 3388075.381305334158242, 8379715.093457292765379 ], [ 3388064.085440519265831, 8379706.886531113646924 ], [ 3388051.856699300929904, 8379698.163854773156345 ], [ 3388040.419324235990644, 8379690.155318535864353 ], [ 3388028.040213820990175, 8379681.647391663864255 ], [ 3388016.464812554884702, 8379673.83968492411077 ], [ 3388003.939103741198778, 8379665.549099116586149 ], [ 3387992.22920217178762, 8379657.944600122049451 ], [ 3387979.560710411053151, 8379649.873880771920085 ], [ 3387967.719875532202423, 8379642.474905954673886 ], [ 3387954.912459769751877, 8379634.626511480659246 ], [ 3387942.944298328366131, 8379627.43531458824873 ], [ 3387930.00185982696712, 8379619.811635688878596 ], [ 3387917.910017549060285, 8379612.83040729444474 ], [ 3387904.836498701013625, 8379605.433766215108335 ], [ 3387892.624658819288015, 8379598.664632833562791 ], [ 3387879.424041945487261, 8379591.497282663360238 ], [ 3387867.095924329943955, 8379584.942306253127754 ], [ 3387853.772230465430766, 8379578.006430235691369 ], [ 3387841.331590381450951, 8379571.667607504874468 ], [ 3387827.888878053054214, 8379564.965318375267088 ], [ 3387815.339504986535758, 8379558.844580164179206 ], [ 3387801.781868974212557, 8379552.377919505350292 ], [ 3387789.12758565787226, 8379546.47713028639555 ], [ 3387775.459155749063939, 8379540.248067905195057 ], [ 3387762.703816758003086, 8379534.569025096483529 ], [ 3387748.928756488487124, 8379528.579458425752819 ], [ 3387736.076247278600931, 8379523.1238919403404 ], [ 3387722.198752666357905, 8379517.375645459629595 ], [ 3387709.252988138236105, 8379512.145217076875269 ], [ 3387695.2772864010185, 8379506.640041758306324 ], [ 3387682.242210021242499, 8379501.636344742029905 ], [ 3387668.172558294609189, 8379496.375917515717447 ], [ 3387655.05214065592736, 8379491.600476033985615 ], [ 3387640.892824690788984, 8379486.586399276740849 ], [ 3387627.691062421072274, 8379482.040667983703315 ], [ 3387613.446395283099264, 8379477.274469031952322 ], [ 3387600.167309798765928, 8379472.959832610562444 ], [ 3387585.841630551498383, 8379468.442963293753564 ], [ 3387572.489266707096249, 8379464.360735995694995 ], [ 3387558.08693909086287, 8379460.09457219671458 ], [ 3387544.665364160202444, 8379456.245997516438365 ], [ 3387530.190775263588876, 8379452.231838750652969 ], [ 3387516.704077692702413, 8379448.618089027702808 ], [ 3387502.161636616103351, 8379444.85715804528445 ], [ 3387488.613924397155643, 8379441.479334014467895 ], [ 3387474.008060908410698, 8379437.972776433452964 ], [ 3387460.403461031615734, 8379434.831907069310546 ], [ 3387445.738624218851328, 8379431.580791018903255 ], [ 3387432.081280583050102, 8379428.677833013236523 ], [ 3387417.361937496811152, 8379425.683148816227913 ], [ 3387403.656010335776955, 8379423.018986457958817 ], [ 3387388.886644631158561, 8379420.281646324321628 ], [ 3387375.136308941990137, 8379417.857091148383915 ], [ 3387360.321419510990381, 8379415.377928897738457 ], [ 3387346.530863736756146, 8379413.19371944013983 ], [ 3387331.674963337834924, 8379410.973490249365568 ], [ 3387317.848388180602342, 8379409.030291835777462 ], [ 3387302.956002064980567, 8379407.06967200897634 ], [ 3387289.097619330510497, 8379405.36807657033205 ], [ 3387274.173283863347024, 8379403.667663330212235 ], [ 3387260.287314884364605, 8379402.208189179189503 ], [ 3387245.335576162673533, 8379400.768500488251448 ], [ 3387231.426250655669719, 8379399.551592188887298 ], [ 3387216.451663124375045, 8379398.373066592030227 ], [ 3387202.523218238260597, 8379397.399094846099615 ], [ 3387187.530343301128596, 8379396.48209133092314 ], [ 3387173.587021552026272, 8379395.751352801918983 ], [ 3387158.580426184460521, 8379395.096150698140264 ], [ 3387144.62647494347766, 8379394.608867983333766 ], [ 3387129.610730299726129, 8379394.215666871517897 ], [ 3387115.650400013662875, 8379393.971988400444388 ], [ 3387100.630080034956336, 8379393.8409080542624 ], [ 3387086.667623285204172, 8379393.8409080542624 ], [ 3387071.647303306497633, 8379393.971988400444388 ], [ 3387057.68697302043438, 8379394.215666871517897 ], [ 3387042.671228376682848, 8379394.608867983333766 ], [ 3387028.717277135699987, 8379395.096150698140264 ], [ 3387013.710681768134236, 8379395.751352801918983 ], [ 3386999.767360019031912, 8379396.48209133092314 ], [ 3386984.774485081899911, 8379397.399094846099615 ], [ 3386970.846040195785463, 8379398.373066592030227 ], [ 3386955.871452664490789, 8379399.551592188887298 ], [ 3386941.962127157486975, 8379400.768500488251448 ], [ 3386927.010388435795903, 8379402.208189179189503 ], [ 3386913.124419456813484, 8379403.667663330212235 ], [ 3386898.200083989650011, 8379405.36807657033205 ], [ 3386884.341701255179942, 8379407.06967200897634 ], [ 3386869.449315139558166, 8379409.030291835777462 ], [ 3386855.622739982325584, 8379410.973490249365568 ], [ 3386840.766839583404362, 8379413.19371944013983 ], [ 3386826.976283809170127, 8379415.377928897738457 ], [ 3386812.161394378170371, 8379417.857091148383915 ], [ 3386798.411058689001948, 8379420.281646324321628 ], [ 3386783.641692984383553, 8379423.018986457958817 ], [ 3386769.935765823349357, 8379425.683148816227913 ], [ 3386755.216422737110406, 8379428.677833013236523 ], [ 3386741.55907910130918, 8379431.580791018903255 ], [ 3386726.894242288544774, 8379434.831907069310546 ], [ 3386713.28964241174981, 8379437.972776433452964 ], [ 3386698.683778923004866, 8379441.479334014467895 ], [ 3386685.136066704057157, 8379444.85715804528445 ], [ 3386670.593625627458096, 8379448.618089027702808 ], [ 3386657.106928056571633, 8379452.231838750652969 ], [ 3386642.632339159958065, 8379456.245997516438365 ], [ 3386629.210764229297638, 8379460.09457219671458 ], [ 3386614.808436613064259, 8379464.360735995694995 ], [ 3386601.456072768662125, 8379468.442963293753564 ], [ 3386587.130393521394581, 8379472.959832610562444 ], [ 3386573.851308037061244, 8379477.274469031952322 ], [ 3386559.606640899088234, 8379482.040667983703315 ], [ 3386546.404878629371524, 8379486.586399276740849 ], [ 3386532.245562664233148, 8379491.600476033985615 ], [ 3386519.125145025551319, 8379496.375917515717447 ], [ 3386505.055493298918009, 8379501.636344742029905 ], [ 3386492.020416919142008, 8379506.640041758306324 ], [ 3386478.044715181924403, 8379512.145217076875269 ], [ 3386465.098950653802603, 8379517.375645459629595 ], [ 3386451.221456041559577, 8379523.1238919403404 ], [ 3386438.368946831673384, 8379528.579458425752819 ], [ 3386424.593886562157422, 8379534.569025096483529 ], [ 3386411.838547571096569, 8379540.248067905195057 ], [ 3386398.170117662288249, 8379546.47713028639555 ], [ 3386385.515834345947951, 8379552.377919505350292 ], [ 3386371.95819833362475, 8379558.844580164179206 ], [ 3386359.408825267106295, 8379564.965318375267088 ], [ 3386345.966112938709557, 8379571.667607504874468 ], [ 3386333.525472854729742, 8379578.006430235691369 ], [ 3386320.201778990216553, 8379584.942306253127754 ], [ 3386307.873661374673247, 8379591.497282663360238 ], [ 3386294.673044500872493, 8379598.664632833562791 ], [ 3386282.461204619146883, 8379605.433766215108335 ], [ 3386269.387685771100223, 8379612.83040729444474 ], [ 3386257.295843493193388, 8379619.811635688878596 ], [ 3386244.353404991794378, 8379627.43531458824873 ], [ 3386232.385243550408632, 8379634.626511480659246 ], [ 3386219.577827787958086, 8379642.474905954673886 ], [ 3386207.736992909107357, 8379649.873880771920085 ], [ 3386195.068501148372889, 8379657.944600122049451 ], [ 3386183.35859957896173, 8379665.549099116586149 ], [ 3386170.832890765275806, 8379673.83968492411077 ], [ 3386159.257489499170333, 8379681.647391663864255 ], [ 3386146.878379084169865, 8379690.155318535864353 ], [ 3386135.441004019230604, 8379698.163854773156345 ], [ 3386123.212262800894678, 8379706.886531113646924 ], [ 3386111.916397986002266, 8379715.093457292765379 ], [ 3386099.841750957071781, 8379724.028226088732481 ], [ 3386088.690837141126394, 8379732.431042356416583 ], [ 3386076.773962355684489, 8379741.575181991793215 ], [ 3386065.771396258380264, 8379750.171328738331795 ], [ 3386054.015923711936921, 8379759.522053819149733 ], [ 3386043.165056804660708, 8379768.308912587352097 ], [ 3386031.574567328207195, 8379777.863374792039394 ], [ 3386020.878704872447997, 8379786.83826903346926 ], [ 3386009.456729041412473, 8379796.593557980842888 ], [ 3385998.919129159301519, 8379805.753753807395697 ], [ 3385987.669146218337119, 8379815.70689794048667 ], [ 3385977.293018664233387, 8379825.049605153501034 ], [ 3385966.218455466907471, 8379835.197572650387883 ], [ 3385956.006961015518755, 8379844.719945278950036 ], [ 3385945.111190980765969, 8379855.059644969180226 ], [ 3385935.067440110258758, 8379864.758782441727817 ], [ 3385924.353782196063548, 8379875.28706475161016 ], [ 3385914.48083430621773, 8379885.160012640990317 ], [ 3385903.952551995404065, 8379895.873670555651188 ], [ 3385894.253414498176426, 8379905.917421451769769 ], [ 3385883.913714808411896, 8379916.813191486522555 ], [ 3385874.391342168673873, 8379927.024685950949788 ], [ 3385864.243374672252685, 8379938.099249148741364 ], [ 3385854.900667506735772, 8379948.475376648828387 ], [ 3385844.947523372713476, 8379959.725359589792788 ], [ 3385835.787327520083636, 8379970.262959502637386 ], [ 3385826.032038573175669, 8379981.68493533320725 ], [ 3385817.0571443233639, 8379992.380797798745334 ], [ 3385807.502682118676603, 8380003.971287275664508 ], [ 3385798.715823380276561, 8380014.822154146619141 ], [ 3385789.365098299458623, 8380026.577626692131162 ], [ 3385780.768951524514705, 8380037.580192825756967 ], [ 3385771.624811889138073, 8380049.497067611664534 ], [ 3385763.221995629835874, 8380060.647981415502727 ], [ 3385754.287226833868772, 8380072.722628444433212 ], [ 3385746.080300655215979, 8380084.018493259325624 ], [ 3385737.357624314725399, 8380096.24723447766155 ], [ 3385729.34908809652552, 8380107.684609513729811 ], [ 3385720.841161224059761, 8380120.063719928264618 ], [ 3385713.033454457297921, 8380131.639121234416962 ], [ 3385704.7428686497733, 8380144.164830048568547 ], [ 3385697.138369655702263, 8380155.874731617979705 ], [ 3385689.067650305572897, 8380168.543223379179835 ], [ 3385681.668675480410457, 8380180.384058271534741 ], [ 3385673.820281007327139, 8380193.191474033519626 ], [ 3385666.629084123298526, 8380205.159635460935533 ], [ 3385659.005405223928392, 8380218.102073962800205 ], [ 3385652.024176848586649, 8380230.193916209042072 ], [ 3385644.627535769250244, 8380243.26743505615741 ], [ 3385637.858402375131845, 8380255.479274960234761 ], [ 3385630.691052204463631, 8380268.679891834966838 ], [ 3385624.136075799819082, 8380281.008009439334273 ], [ 3385617.200199782382697, 8380294.331703303381801 ], [ 3385610.861377045977861, 8380306.772343397140503 ], [ 3385604.159087916370481, 8380320.215055725537241 ], [ 3385598.03834970574826, 8380332.764428792521358 ], [ 3385591.571689046919346, 8380346.322064804844558 ], [ 3385585.670899824239314, 8380358.97634813003242 ], [ 3385579.441837443038821, 8380372.644778039306402 ], [ 3385573.762794650625437, 8380385.400116991251707 ], [ 3385567.773227979429066, 8380399.175177260302007 ], [ 3385562.317661469336599, 8380412.027686529792845 ], [ 3385556.569414989091456, 8380425.905181142501533 ], [ 3385551.338986616581678, 8380438.850945645943284 ], [ 3385545.833811298478395, 8380452.826647382229567 ], [ 3385540.830114278011024, 8380465.861723773181438 ], [ 3385535.569687051698565, 8380479.931375500746071 ], [ 3385530.794245589524508, 8380493.051793085411191 ], [ 3385525.78016883181408, 8380507.211109049618244 ], [ 3385521.23443753272295, 8380520.412871334701777 ], [ 3385516.468238580506295, 8380534.657538472674787 ], [ 3385512.153602144215256, 8380547.936624001711607 ], [ 3385507.636732827872038, 8380562.262303248979151 ], [ 3385503.554505535401404, 8380575.614667077548802 ], [ 3385499.288341736420989, 8380590.016994694247842 ], [ 3385495.439767065923661, 8380603.438569588586688 ], [ 3385491.425608299672604, 8380617.913158484734595 ], [ 3385487.811858559492975, 8380631.399856120347977 ], [ 3385484.050927577540278, 8380645.942297197878361 ], [ 3385480.673103563021868, 8380659.490009352564812 ], [ 3385477.166545981541276, 8380674.095872840844095 ], [ 3385474.025676604826003, 8380687.700472770258784 ], [ 3385470.774560554884374, 8380702.36530958302319 ], [ 3385467.871602556202561, 8380716.022653190419078 ], [ 3385464.876918359193951, 8380730.741996276192367 ], [ 3385462.212755999527872, 8380744.447923442348838 ], [ 3385459.475415865890682, 8380759.217289146967232 ], [ 3385457.050860690418631, 8380772.967624836601317 ], [ 3385454.571698439773172, 8380787.782514267601073 ], [ 3385452.387488981243223, 8380801.573070044629276 ], [ 3385450.167259790468961, 8380816.428970444016159 ], [ 3385448.224061380606145, 8380830.255545570515096 ], [ 3385446.263441553339362, 8380845.14793168567121 ], [ 3385444.561846108175814, 8380859.006314475089312 ], [ 3385442.861432868521661, 8380873.930649942718446 ], [ 3385441.401958718430251, 8380887.816618918441236 ], [ 3385439.962270027957857, 8380902.768357640132308 ], [ 3385438.745361735112965, 8380916.677683075889945 ], [ 3385437.566836137324572, 8380931.65227060765028 ], [ 3385436.592864386271685, 8380945.580715562216938 ], [ 3385435.675860871560872, 8380960.573590498417616 ], [ 3385434.945122343953699, 8380974.51691222563386 ], [ 3385434.289920240174979, 8380989.523507593199611 ], [ 3385433.802637524437159, 8381003.477458860725164 ], [ 3385433.409436413086951, 8381018.493203504942358 ], [ 3385433.165757942479104, 8381032.45353373978287 ], [ 3385433.034677595831454, 8381047.473853718489408 ], [ 3385433.034677595831454, 8381061.436310518532991 ], [ 3385433.165757942479104, 8381076.45663049723953 ], [ 3385433.409436413086951, 8381090.416960732080042 ], [ 3385433.802637524437159, 8381105.432705376297235 ], [ 3385434.289920240174979, 8381119.386656643822789 ], [ 3385434.945122343953699, 8381134.39325201138854 ], [ 3385435.67586087109521, 8381148.336573734879494 ], [ 3385436.592864385806024, 8381163.329448672011495 ], [ 3385437.566836137324572, 8381177.257893634960055 ], [ 3385438.745361735112965, 8381192.232481165789068 ], [ 3385439.962270027957857, 8381206.141806596890092 ], [ 3385441.401958718430251, 8381221.093545318581164 ], [ 3385442.861432868521661, 8381234.979514294303954 ], [ 3385444.561846108175814, 8381249.903849761933088 ], [ 3385446.263441553339362, 8381263.76223255135119 ], [ 3385448.224061380606145, 8381278.654618666507304 ], [ 3385450.167259790468961, 8381292.481193793006241 ], [ 3385452.387488981243223, 8381307.337094192393124 ], [ 3385454.571698439773172, 8381321.127649969421327 ], [ 3385457.050860690418631, 8381335.942539400421083 ], [ 3385459.475415865890682, 8381349.692875090055168 ], [ 3385462.212755999527872, 8381364.462240794673562 ], [ 3385464.876918359193951, 8381378.168167960830033 ], [ 3385467.871602556202561, 8381392.887511046603322 ], [ 3385470.774560554884374, 8381406.544854653999209 ], [ 3385474.025676604826003, 8381421.209691466763616 ], [ 3385477.166545981541276, 8381434.814291396178305 ], [ 3385480.673103563021868, 8381449.420154884457588 ], [ 3385484.050927577540278, 8381462.967867039144039 ], [ 3385487.811858559492975, 8381477.510308116674423 ], [ 3385491.425608299672604, 8381490.997005752287805 ], [ 3385495.439767065923661, 8381505.471594648435712 ], [ 3385499.288341736420989, 8381518.893169542774558 ], [ 3385503.554505535401404, 8381533.295497159473598 ], [ 3385507.636732827872038, 8381546.647860988043249 ], [ 3385512.153602144215256, 8381560.973540235310793 ], [ 3385516.468238580506295, 8381574.252625764347613 ], [ 3385521.23443753272295, 8381588.497292902320623 ], [ 3385525.78016883181408, 8381601.699055187404156 ], [ 3385530.794245589524508, 8381615.858371151611209 ], [ 3385535.569687051698565, 8381628.978788736276329 ], [ 3385540.830114278011024, 8381643.048440463840961 ], [ 3385545.833811298478395, 8381656.083516854792833 ], [ 3385551.338986616581678, 8381670.059218591079116 ], [ 3385556.569414989091456, 8381683.004983094520867 ], [ 3385562.317661469336599, 8381696.882477707229555 ], [ 3385567.773227979429066, 8381709.734986976720393 ], [ 3385573.762794650625437, 8381723.510047245770693 ], [ 3385579.441837443038821, 8381736.265386197715998 ], [ 3385585.670899824239314, 8381749.93381610698998 ], [ 3385591.571689046919346, 8381762.588099432177842 ], [ 3385598.03834970574826, 8381776.145735444501042 ], [ 3385604.159087916370481, 8381788.695108511485159 ], [ 3385610.861377045977861, 8381802.137820839881897 ], [ 3385617.200199782382697, 8381814.578460933640599 ], [ 3385624.136075799819082, 8381827.902154797688127 ], [ 3385630.691052204463631, 8381840.230272402055562 ], [ 3385637.858402375131845, 8381853.430889276787639 ], [ 3385644.62753575714305, 8381865.642729159444571 ], [ 3385652.024176836479455, 8381878.716248007491231 ], [ 3385659.005405236966908, 8381890.808090296573937 ], [ 3385666.629084136337042, 8381903.750528797507286 ], [ 3385673.820281007327139, 8381915.718690203502774 ], [ 3385681.668675480410457, 8381928.526105965487659 ], [ 3385689.067650305572897, 8381940.366940857842565 ], [ 3385697.138369655702263, 8381953.035432619042695 ], [ 3385704.742868661414832, 8381964.745334205217659 ], [ 3385713.033454469405115, 8381977.271043019369245 ], [ 3385720.841161213349551, 8381988.846444291062653 ], [ 3385729.349088085349649, 8382001.22555470559746 ], [ 3385737.357624314725399, 8382012.66292975936085 ], [ 3385746.080300655215979, 8382024.891670977696776 ], [ 3385754.287226833868772, 8382036.187535792589188 ], [ 3385763.221995629835874, 8382048.262182821519673 ], [ 3385771.624811889138073, 8382059.413096625357866 ], [ 3385780.768951524514705, 8382071.329971411265433 ], [ 3385789.36509828036651, 8382082.332537520676851 ], [ 3385798.715823361184448, 8382094.088010067120194 ], [ 3385807.502682138700038, 8382104.938876986503601 ], [ 3385817.057144343387336, 8382116.529366462491453 ], [ 3385826.032038573175669, 8382127.22522890381515 ], [ 3385835.787327520083636, 8382138.647204734385014 ], [ 3385844.947523372713476, 8382149.184804647229612 ], [ 3385854.900667506735772, 8382160.434787588194013 ], [ 3385864.243374672252685, 8382170.810915088281035 ], [ 3385874.391342168673873, 8382181.885478286072612 ], [ 3385883.913714808411896, 8382192.096972750499845 ], [ 3385894.253414498176426, 8382202.992742785252631 ], [ 3385903.952551995404065, 8382213.036493681371212 ], [ 3385914.48083430621773, 8382223.750151596032083 ], [ 3385924.353782208636403, 8382233.623099497519433 ], [ 3385935.067440123297274, 8382244.151381807401776 ], [ 3385945.111190968658775, 8382253.85051925573498 ], [ 3385956.0069610029459, 8382264.190218945965171 ], [ 3385966.218455466907471, 8382273.712591586634517 ], [ 3385977.293018664233387, 8382283.860559083521366 ], [ 3385987.669146230444312, 8382293.203266307711601 ], [ 3385998.919129171874374, 8382303.156410440802574 ], [ 3386009.456729029770941, 8382312.316606245934963 ], [ 3386020.878704860340804, 8382322.071895193308592 ], [ 3386031.574567328207195, 8382331.046789444983006 ], [ 3386043.165056804660708, 8382340.601251649670303 ], [ 3386054.015923711936921, 8382349.388110417872667 ], [ 3386065.771396258380264, 8382358.738835498690605 ], [ 3386076.773962355684489, 8382367.334982245229185 ], [ 3386088.690837141126394, 8382376.479121880605817 ], [ 3386099.841750957071781, 8382384.881938148289919 ], [ 3386111.916397986002266, 8382393.816706944257021 ], [ 3386123.212262800894678, 8382402.023633123375475 ], [ 3386135.441004019230604, 8382410.746309463866055 ], [ 3386146.878379084169865, 8382418.754845701158047 ], [ 3386159.257489499170333, 8382427.262772573158145 ], [ 3386170.832890765275806, 8382435.07047931291163 ], [ 3386183.35859957896173, 8382443.361065120436251 ], [ 3386195.068501148372889, 8382450.965564114972949 ], [ 3386207.736992909107357, 8382459.036283465102315 ], [ 3386219.577827787958086, 8382466.435258282348514 ], [ 3386232.385243550408632, 8382474.283652756363153 ], [ 3386244.353404991794378, 8382481.47484964877367 ], [ 3386257.295843493193388, 8382489.098528548143804 ], [ 3386269.387685771100223, 8382496.07975694257766 ], [ 3386282.461204619146883, 8382503.476398021914065 ], [ 3386294.673044500872493, 8382510.245531403459609 ], [ 3386307.873661374673247, 8382517.412881573662162 ], [ 3386320.201778990216553, 8382523.967857983894646 ], [ 3386333.525472854729742, 8382530.903734001331031 ], [ 3386345.966112938709557, 8382537.242556732147932 ], [ 3386359.408825267106295, 8382543.944845861755311 ], [ 3386371.95819833362475, 8382550.065584072843194 ], [ 3386385.515834345947951, 8382556.532244731672108 ], [ 3386398.170117662288249, 8382562.43303395062685 ], [ 3386411.838547571096569, 8382568.662096331827343 ], [ 3386424.593886562157422, 8382574.341139140538871 ], [ 3386438.368946831673384, 8382580.330705811269581 ], [ 3386451.221456041559577, 8382585.786272296682 ], [ 3386465.098950653802603, 8382591.534518777392805 ], [ 3386478.044715181924403, 8382596.76494716014713 ], [ 3386492.020416919142008, 8382602.270122478716075 ], [ 3386505.055493298918009, 8382607.273819494992495 ], [ 3386519.125145025551319, 8382612.534246721304953 ], [ 3386532.245562664233148, 8382617.309688203036785 ], [ 3386546.404878629371524, 8382622.323764960281551 ], [ 3386559.606640899088234, 8382626.869496253319085 ], [ 3386573.851308037061244, 8382631.635695205070078 ], [ 3386587.130393521394581, 8382635.950331626459956 ], [ 3386601.456072768662125, 8382640.467200943268836 ], [ 3386614.808436613064259, 8382644.549428241327405 ], [ 3386629.210764229297638, 8382648.81559204030782 ], [ 3386642.632339159958065, 8382652.664166720584035 ], [ 3386657.106928056571633, 8382656.678325486369431 ], [ 3386670.593625627458096, 8382660.292075209319592 ], [ 3386685.136066704057157, 8382664.05300619173795 ], [ 3386698.683778923004866, 8382667.430830222554505 ], [ 3386713.28964241174981, 8382670.937387803569436 ], [ 3386726.894242288544774, 8382674.078257167711854 ], [ 3386741.55907910130918, 8382677.329373218119144 ], [ 3386755.216422737110406, 8382680.232331223785877 ], [ 3386769.935765823349357, 8382683.227015420794487 ], [ 3386783.641692984383553, 8382685.891177779063582 ], [ 3386798.411058689001948, 8382688.628517912700772 ], [ 3386812.161394378170371, 8382691.053073088638484 ], [ 3386826.976283809170127, 8382693.532235339283943 ], [ 3386840.766839583404362, 8382695.71644479688257 ], [ 3386855.622739982325584, 8382697.936673987656832 ], [ 3386869.449315139558166, 8382699.879872401244938 ], [ 3386884.341701255179942, 8382701.84049222804606 ], [ 3386898.200083989650011, 8382703.54208766669035 ], [ 3386913.124419456813484, 8382705.242500906810164 ], [ 3386927.010388435795903, 8382706.701975057832897 ], [ 3386941.962127157486975, 8382708.141663748770952 ], [ 3386955.871452664490789, 8382709.358572048135102 ], [ 3386970.846040195785463, 8382710.537097644992173 ], [ 3386984.774485081899911, 8382711.511069390922785 ], [ 3386999.767360019031912, 8382712.42807290609926 ], [ 3387013.710681768134236, 8382713.158811435103416 ], [ 3387028.717277135699987, 8382713.814013538882136 ], [ 3387042.671228376682848, 8382714.301296253688633 ], [ 3387057.68697302043438, 8382714.694497365504503 ], [ 3387071.647303306497633, 8382714.938175836578012 ], [ 3387086.667623285204172, 8382715.06925618276 ] ] ] ] } },
{ "type": "Feature", "properties": { "id": null }, "geometry": { "type": "MultiPolygon", "coordinates": [ [ [ [ 3371023.913145495112985, 8380231.014256225898862 ], [ 3371037.87560225604102, 8380231.014256225898862 ], [ 3371056.246779415290803, 8380230.853933392092586 ], [ 3371070.207109712529927, 8380230.610254920087755 ], [ 3371088.572690833359957, 8380230.129335252568126 ], [ 3371102.526642024982721, 8380229.642052539624274 ], [ 3371120.881032773293555, 8380228.840682533569634 ], [ 3371134.824354529380798, 8380228.109944004565477 ], [ 3371153.161963979713619, 8380226.988367763347924 ], [ 3371167.090408967342228, 8380226.014396009966731 ], [ 3371185.405651306733489, 8380224.572955176234245 ], [ 3371199.31497670058161, 8380223.356046887114644 ], [ 3371217.6022729286924, 8380221.595180539414287 ], [ 3371231.488241941668093, 8380220.135706385597587 ], [ 3371249.742021570913494, 8380218.055950899608433 ], [ 3371263.600404313765466, 8380216.354355459101498 ], [ 3371281.815107065718621, 8380213.956344349309802 ], [ 3371295.641682200599462, 8380212.013145939446986 ], [ 3371313.811759700533003, 8380209.297609662637115 ], [ 3371327.602315505035222, 8380207.113400199450552 ], [ 3371345.722232971340418, 8380204.081165933981538 ], [ 3371359.472568672616035, 8380201.65661075618118 ], [ 3371377.536806602962315, 8380198.308602150529623 ], [ 3371391.242733716964722, 8380195.644439800642431 ], [ 3371409.245789569336921, 8380191.98167669121176 ], [ 3371422.903133190702647, 8380189.07871869020164 ], [ 3371440.839523060247302, 8380185.102316789329052 ], [ 3371454.444123013876379, 8380181.961447406560183 ], [ 3371472.308383302297443, 8380177.672617964446545 ], [ 3371485.856095472350717, 8380174.294793946668506 ], [ 3371503.642784552648664, 8380169.694843382574618 ], [ 3371517.129482137970626, 8380166.081093655899167 ], [ 3371534.83318201219663, 8380161.171423160471022 ], [ 3371548.254756928421557, 8380157.322848482988775 ], [ 3371565.870074878912419, 8380152.104953587986529 ], [ 3371579.222438707016408, 8380148.022726296447217 ], [ 3371596.744008936919272, 8380142.498196423985064 ], [ 3371610.023094487376511, 8380138.183559980243444 ], [ 3371627.445579756051302, 8380132.354077954776585 ], [ 3371640.647342011798173, 8380127.808346666395664 ], [ 3371657.965435262303799, 8380121.67568820528686 ], [ 3371671.085852873977274, 8380116.900246732868254 ], [ 3371688.294278847053647, 8380110.466279903426766 ], [ 3371701.329355196096003, 8380105.462582899257541 ], [ 3371718.422872038092464, 8380098.729267550632358 ], [ 3371731.368636591825634, 8380093.498839157633483 ], [ 3371748.34203745238483, 8380086.468226321041584 ], [ 3371761.194546656683087, 8380081.012659838423133 ], [ 3371778.042661273851991, 8380073.686891108751297 ], [ 3371790.798000302165747, 8380068.007848282344639 ], [ 3371807.515696575865149, 8380060.389155157841742 ], [ 3371820.16997987171635, 8380054.488365948200226 ], [ 3371836.752165430691093, 8380046.579069158062339 ], [ 3371849.301538476254791, 8380040.458330958150327 ], [ 3371865.743162225931883, 8380032.260839750058949 ], [ 3371878.183802313171327, 8380025.922017017379403 ], [ 3371894.479855975136161, 8380017.438828427344561 ], [ 3371906.807973623741418, 8380010.883851999416947 ], [ 3371922.953493263106793, 8380002.117550087161362 ], [ 3371935.165333121549338, 8379995.348416718654335 ], [ 3371951.155400656163692, 8379986.301671786233783 ], [ 3371963.247242948971689, 8379979.320443383418024 ], [ 3371979.076987648848444, 8379969.996011156588793 ], [ 3371991.045149051118642, 8379962.80481428746134 ], [ 3372006.709749023430049, 8379953.205535078421235 ], [ 3372018.550583925098181, 8379945.806560247205198 ], [ 3372034.045267581008375, 8379935.935358089394867 ], [ 3372045.755169149022549, 8379928.330859095789492 ], [ 3372061.075216657016426, 8379918.19074085354805 ], [ 3372072.650617934763432, 8379910.383034106343985 ], [ 3372087.791362660937011, 8379899.977088557556272 ], [ 3372099.228737723547965, 8379891.968552321195602 ], [ 3372114.185567649547011, 8379881.299949216656387 ], [ 3372125.481432460714132, 8379873.0930230403319 ], [ 3372140.24979159142822, 8379862.165012141689658 ], [ 3372151.400705394335091, 8379853.762195883318782 ], [ 3372165.97609514510259, 8379842.578105967491865 ], [ 3372176.978661271277815, 8379833.981959198601544 ], [ 3372191.356641836464405, 8379822.545197047293186 ], [ 3372202.207508731167763, 8379813.75833828933537 ], [ 3372216.383700438775122, 8379802.072387652471662 ], [ 3372227.079562877770513, 8379793.097493425011635 ], [ 3372241.049647523090243, 8379781.165913955308497 ], [ 3372251.587247441057116, 8379772.005718098022044 ], [ 3372265.346969599835575, 8379759.832144270651042 ], [ 3372275.723097110632807, 8379750.489437095820904 ], [ 3372289.268265439197421, 8379738.077577099204063 ], [ 3372299.479759890120476, 8379728.555204472504556 ], [ 3372312.806248398963362, 8379715.908839079551399 ], [ 3372322.849999316502362, 8379706.209701560437679 ], [ 3372335.95374862710014, 8379693.332682975567877 ], [ 3372345.826696486212313, 8379683.459735116921365 ], [ 3372358.703715070616454, 8379670.355985806323588 ], [ 3372368.402852568309754, 8379660.312234909273684 ], [ 3372381.049217961728573, 8379646.985746400430799 ], [ 3372390.571590589825064, 8379636.774251949042082 ], [ 3372402.983450586441904, 8379623.229083620943129 ], [ 3372412.326157779432833, 8379612.852956090122461 ], [ 3372424.499731606803834, 8379599.093233930878341 ], [ 3372433.659927446395159, 8379588.555634032934904 ], [ 3372445.591506916098297, 8379574.585549388080835 ], [ 3372454.566401150543243, 8379563.889686941169202 ], [ 3372466.252351787872612, 8379549.713495233096182 ], [ 3372475.039210559334606, 8379538.862628321163356 ], [ 3372486.475972709711641, 8379524.484647756442428 ], [ 3372495.072119465097785, 8379513.482081648893654 ], [ 3372506.256209381390363, 8379498.906691897660494 ], [ 3372514.659025634638965, 8379487.755778101272881 ], [ 3372525.587036533281207, 8379472.987418971024454 ], [ 3372533.793962725903839, 8379461.691554136574268 ], [ 3372544.462565829977393, 8379446.734724210575223 ], [ 3372552.471102047711611, 8379435.297349175438285 ], [ 3372562.877047596964985, 8379420.156604449264705 ], [ 3372570.684754353482276, 8379408.5812031570822 ], [ 3372580.824872595723718, 8379393.261155649088323 ], [ 3372588.429371589794755, 8379381.55125408153981 ], [ 3372598.300573747605085, 8379366.056570425629616 ], [ 3372605.699548583943397, 8379354.215735514648259 ], [ 3372615.298827792983502, 8379338.55113554187119 ], [ 3372622.490024661645293, 8379326.582974139600992 ], [ 3372631.814456888474524, 8379310.753229439258575 ], [ 3372638.795685281045735, 8379298.661387164145708 ], [ 3372647.842430213466287, 8379282.671319629997015 ], [ 3372654.611563595477492, 8379270.459479747340083 ], [ 3372663.377865507267416, 8379254.313960107974708 ], [ 3372669.932841918896884, 8379241.98584249150008 ], [ 3372678.416030509397388, 8379225.689788829535246 ], [ 3372684.754853245802224, 8379213.249148733913898 ], [ 3372692.952344453893602, 8379196.807524984702468 ], [ 3372699.073082658462226, 8379184.258151930756867 ], [ 3372706.982379448600113, 8379167.675966371782124 ], [ 3372712.88316867267713, 8379155.021683043800294 ], [ 3372720.501861796714365, 8379138.303986769169569 ], [ 3372726.180904594250023, 8379125.548647805117071 ], [ 3372733.506673324387521, 8379108.70053318887949 ], [ 3372738.962239830754697, 8379095.848023928701878 ], [ 3372745.992852666880935, 8379078.874623067677021 ], [ 3372751.223281045909971, 8379065.928858549334109 ], [ 3372757.956596395000815, 8379048.835341706871986 ], [ 3372762.960293401032686, 8379035.800265353173018 ], [ 3372769.394260230474174, 8379018.591839380562305 ], [ 3372774.169701711274683, 8379005.471421743743122 ], [ 3372780.302360171917826, 8378988.153328493237495 ], [ 3372784.84809145424515, 8378974.951566256582737 ], [ 3372790.677573479712009, 8378957.529080987907946 ], [ 3372794.992209922987968, 8378944.249995437450707 ], [ 3372800.516739795450121, 8378926.728425207547843 ], [ 3372804.59896708605811, 8378913.376061384566128 ], [ 3372809.816861981060356, 8378895.760743434540927 ], [ 3372813.665436655748636, 8378882.339168526232243 ], [ 3372818.575107151642442, 8378864.635468651540577 ], [ 3372822.188856887165457, 8378851.148771033622324 ], [ 3372826.788807450793684, 8378833.362081953324378 ], [ 3372830.1666314676404, 8378819.814369787462056 ], [ 3372834.455460909288377, 8378801.950109499506652 ], [ 3372837.596330285072327, 8378788.345509575679898 ], [ 3372841.572732186410576, 8378770.409119705669582 ], [ 3372844.475690186023712, 8378756.751776092685759 ], [ 3372848.138453295920044, 8378738.748720240779221 ], [ 3372850.802615654654801, 8378725.042793080210686 ], [ 3372854.150624259840697, 8378706.978555149398744 ], [ 3372856.575179433450103, 8378693.22821947094053 ], [ 3372859.607413698919117, 8378675.108302004635334 ], [ 3372861.79162316210568, 8378661.317746200598776 ], [ 3372864.507159438915551, 8378643.147668700665236 ], [ 3372866.450357846915722, 8378629.321093582548201 ], [ 3372868.848368957173079, 8378611.106390830129385 ], [ 3372870.549964400939643, 8378597.248008054681122 ], [ 3372872.629719886463135, 8378578.994228426367044 ], [ 3372874.089194037020206, 8378565.108259449712932 ], [ 3372875.850060385186225, 8378546.820963221602142 ], [ 3372877.066968679893762, 8378532.911637765355408 ], [ 3372878.508409512694925, 8378514.596395425498486 ], [ 3372879.482381261419505, 8378500.667950499802828 ], [ 3372880.60395750310272, 8378482.330341049470007 ], [ 3372881.334696032572538, 8378468.387019292451441 ], [ 3372882.136066039092839, 8378450.032628543674946 ], [ 3372882.623348753899336, 8378436.078677292913198 ], [ 3372883.104268420487642, 8378417.713096172548831 ], [ 3372883.347946891095489, 8378403.752765935845673 ], [ 3372883.508269725367427, 8378385.381588776595891 ], [ 3372883.508269725367427, 8378371.419131974689662 ], [ 3372883.347946891095489, 8378353.04795481543988 ], [ 3372883.104268420487642, 8378339.087624578736722 ], [ 3372882.623348753899336, 8378320.722043458372355 ], [ 3372882.136066039092839, 8378306.768092207610607 ], [ 3372881.334696032572538, 8378288.413701458834112 ], [ 3372880.60395750310272, 8378274.470379701815546 ], [ 3372879.482381261419505, 8378256.132770251482725 ], [ 3372878.508409512694925, 8378242.204325325787067 ], [ 3372877.066968679893762, 8378223.889082985930145 ], [ 3372875.850060385186225, 8378209.979757529683411 ], [ 3372874.089194037020206, 8378191.692461301572621 ], [ 3372872.629719886463135, 8378177.806492324918509 ], [ 3372870.549964400939643, 8378159.552712696604431 ], [ 3372868.848368957173079, 8378145.694329921156168 ], [ 3372866.450357846915722, 8378127.479627168737352 ], [ 3372864.507159438915551, 8378113.653052050620317 ], [ 3372861.79162316210568, 8378095.482974550686777 ], [ 3372859.607413698919117, 8378081.692418746650219 ], [ 3372856.575179433450103, 8378063.572501280345023 ], [ 3372854.150624259840697, 8378049.822165601886809 ], [ 3372850.802615654654801, 8378031.757927671074867 ], [ 3372848.138453295920044, 8378018.052000510506332 ], [ 3372844.475690186023712, 8378000.048944658599794 ], [ 3372841.572732186410576, 8377986.391601045615971 ], [ 3372837.596330285072327, 8377968.455211175605655 ], [ 3372834.455460909288377, 8377954.850611251778901 ], [ 3372830.1666314676404, 8377936.986350963823497 ], [ 3372826.788807450793684, 8377923.438638797961175 ], [ 3372822.188856887165457, 8377905.651949717663229 ], [ 3372818.575107151642442, 8377892.165252099744976 ], [ 3372813.665436655748636, 8377874.46155222505331 ], [ 3372809.816861981060356, 8377861.039977316744626 ], [ 3372804.59896708605811, 8377843.424659366719425 ], [ 3372800.516739795450121, 8377830.07229554373771 ], [ 3372794.992209922987968, 8377812.550725313834846 ], [ 3372790.677573479712009, 8377799.271639763377607 ], [ 3372784.84809145424515, 8377781.849154494702816 ], [ 3372780.302360171917826, 8377768.647392258048058 ], [ 3372774.169701711274683, 8377751.329299007542431 ], [ 3372769.394260230474174, 8377738.208881370723248 ], [ 3372762.960293401032686, 8377721.000455398112535 ], [ 3372757.956596395000815, 8377707.965379044413567 ], [ 3372751.223281045909971, 8377690.871862201951444 ], [ 3372745.992852666880935, 8377677.926097683608532 ], [ 3372738.962239830754697, 8377660.952696822583675 ], [ 3372733.506673324387521, 8377648.100187562406063 ], [ 3372726.180904594250023, 8377631.252072946168482 ], [ 3372720.501861796714365, 8377618.496733982115984 ], [ 3372712.88316867267713, 8377601.779037707485259 ], [ 3372706.982379448600113, 8377589.124754379503429 ], [ 3372699.073082658462226, 8377572.542568820528686 ], [ 3372692.952344453893602, 8377559.993195766583085 ], [ 3372684.754853245802224, 8377543.551572017371655 ], [ 3372678.416030509397388, 8377531.110931921750307 ], [ 3372669.932841918896884, 8377514.814878259785473 ], [ 3372663.377865507267416, 8377502.486760643310845 ], [ 3372654.611563595477492, 8377486.34124100394547 ], [ 3372647.842430213466287, 8377474.129401121288538 ], [ 3372638.795685281045735, 8377458.139333587139845 ], [ 3372631.814456888474524, 8377446.047491312026978 ], [ 3372622.490024661645293, 8377430.217746611684561 ], [ 3372615.298827792983502, 8377418.249585209414363 ], [ 3372605.699548583943397, 8377402.584985236637294 ], [ 3372598.300573747605085, 8377390.744150325655937 ], [ 3372588.429371589794755, 8377375.249466669745743 ], [ 3372580.824872595723718, 8377363.53956510219723 ], [ 3372570.684754353482276, 8377348.219517594203353 ], [ 3372562.877047596964985, 8377336.644116302020848 ], [ 3372552.471102047711611, 8377321.503371575847268 ], [ 3372544.462565829977393, 8377310.06599654071033 ], [ 3372533.793962725903839, 8377295.109166614711285 ], [ 3372525.587036533281207, 8377283.813301780261099 ], [ 3372514.659025634638965, 8377269.044942650012672 ], [ 3372506.256209381390363, 8377257.894028853625059 ], [ 3372495.072119465097785, 8377243.318639102391899 ], [ 3372486.475972709711641, 8377232.316072994843125 ], [ 3372475.039210559334606, 8377217.938092430122197 ], [ 3372466.252351787872612, 8377207.087225518189371 ], [ 3372454.566401150543243, 8377192.911033810116351 ], [ 3372445.591506916098297, 8377182.215171363204718 ], [ 3372433.659927446395159, 8377168.245086718350649 ], [ 3372424.499731606803834, 8377157.707486820407212 ], [ 3372412.326157779432833, 8377143.947764661163092 ], [ 3372402.983450586441904, 8377133.571637130342424 ], [ 3372390.571590589825064, 8377120.026468802243471 ], [ 3372381.049217961728573, 8377109.814974350854754 ], [ 3372368.402852568309754, 8377096.488485842011869 ], [ 3372358.703715070616454, 8377086.444734944961965 ], [ 3372345.826696486212313, 8377073.340985634364188 ], [ 3372335.95374862710014, 8377063.468037775717676 ], [ 3372322.849999316502362, 8377050.591019190847874 ], [ 3372312.806248398963362, 8377040.891881671734154 ], [ 3372299.479759890120476, 8377028.245516278780997 ], [ 3372289.268265439197421, 8377018.72314365208149 ], [ 3372275.723097110632807, 8377006.311283655464649 ], [ 3372265.346969599835575, 8376996.968576480634511 ], [ 3372251.587247441057116, 8376984.795002653263509 ], [ 3372241.049647523090243, 8376975.634806795977056 ], [ 3372227.079562877770513, 8376963.703227326273918 ], [ 3372216.383700438775122, 8376954.728333098813891 ], [ 3372202.207508731167763, 8376943.042382461950183 ], [ 3372191.356641836464405, 8376934.255523703992367 ], [ 3372176.978661271277815, 8376922.818761552684009 ], [ 3372165.976095154881477, 8376914.222614791244268 ], [ 3372151.400705404579639, 8376903.038524875417352 ], [ 3372140.249791582114995, 8376894.635708602145314 ], [ 3372125.481432450935245, 8376883.707697703503072 ], [ 3372114.185567649547011, 8376875.500771534629166 ], [ 3372099.228737723547965, 8376864.832168430089951 ], [ 3372087.791362670250237, 8376856.823632200248539 ], [ 3372072.650617944542319, 8376846.417686651460826 ], [ 3372061.075216648168862, 8376838.609979891218245 ], [ 3372045.755169139709324, 8376828.469861648976803 ], [ 3372034.045267581008375, 8376820.865362661890686 ], [ 3372018.550583925098181, 8376810.994160504080355 ], [ 3372006.709749023430049, 8376803.595185672864318 ], [ 3371991.045149051118642, 8376793.995906463824213 ], [ 3371979.076987648848444, 8376786.80470959469676 ], [ 3371963.247242948971689, 8376777.480277367867529 ], [ 3371951.155400656163692, 8376770.49904896505177 ], [ 3371935.165333121549338, 8376761.452304032631218 ], [ 3371922.953493263106793, 8376754.683170664124191 ], [ 3371906.807973623741418, 8376745.916868751868606 ], [ 3371894.479855975136161, 8376739.361892323940992 ], [ 3371878.183802313171327, 8376730.87870373390615 ], [ 3371865.743162225931883, 8376724.539881001226604 ], [ 3371849.301538476254791, 8376716.342389793135226 ], [ 3371836.752165430691093, 8376710.221651593223214 ], [ 3371820.16997987171635, 8376702.312354803085327 ], [ 3371807.515696575865149, 8376696.411565593443811 ], [ 3371790.798000302165747, 8376688.792872468940914 ], [ 3371778.042661273851991, 8376683.113829642534256 ], [ 3371761.194546656683087, 8376675.78806091286242 ], [ 3371748.34203745238483, 8376670.332494430243969 ], [ 3371731.368636591825634, 8376663.30188159365207 ], [ 3371718.422872038092464, 8376658.071453200653195 ], [ 3371701.329355196096003, 8376651.338137852028012 ], [ 3371688.294278847053647, 8376646.334440847858787 ], [ 3371671.085852873977274, 8376639.900474018417299 ], [ 3371657.965435262303799, 8376635.125032545998693 ], [ 3371640.647342011798173, 8376628.992374084889889 ], [ 3371627.445579756051302, 8376624.446642796508968 ], [ 3371610.023094487376511, 8376618.617160771042109 ], [ 3371596.744008936919272, 8376614.302524327300489 ], [ 3371579.222438707016408, 8376608.777994454838336 ], [ 3371565.870074878912419, 8376604.695767163299024 ], [ 3371548.254756928421557, 8376599.477872268296778 ], [ 3371534.83318201219663, 8376595.629297590814531 ], [ 3371517.129482137970626, 8376590.719627095386386 ], [ 3371503.642784552648664, 8376587.105877368710935 ], [ 3371485.856095472350717, 8376582.505926804617047 ], [ 3371472.308383302297443, 8376579.128102786839008 ], [ 3371454.444123013876379, 8376574.83927334472537 ], [ 3371440.839523060247302, 8376571.698403961956501 ], [ 3371422.903133190702647, 8376567.722002061083913 ], [ 3371409.245789569336921, 8376564.819044060073793 ], [ 3371391.242733716964722, 8376561.156280950643122 ], [ 3371377.536806602962315, 8376558.49211860075593 ], [ 3371359.472568672616035, 8376555.144109995104373 ], [ 3371345.722232971340418, 8376552.719554817304015 ], [ 3371327.602315505035222, 8376549.687320551835001 ], [ 3371313.811759700533003, 8376547.503111088648438 ], [ 3371295.641682200599462, 8376544.787574811838567 ], [ 3371281.815107065718621, 8376542.844376401975751 ], [ 3371263.600404313765466, 8376540.446365292184055 ], [ 3371249.742021570913494, 8376538.74476985167712 ], [ 3371231.488241941668093, 8376536.665014365687966 ], [ 3371217.6022729286924, 8376535.205540211871266 ], [ 3371199.31497670058161, 8376533.444673864170909 ], [ 3371185.405651306733489, 8376532.227765575051308 ], [ 3371167.090408967342228, 8376530.786324741318822 ], [ 3371153.161963979713619, 8376529.812352987937629 ], [ 3371134.824354529380798, 8376528.690776746720076 ], [ 3371120.881032773293555, 8376527.960038217715919 ], [ 3371102.526642024982721, 8376527.158668211661279 ], [ 3371088.572690833359957, 8376526.671385498717427 ], [ 3371070.207109712529927, 8376526.190465831197798 ], [ 3371056.246779415290803, 8376525.946787359192967 ], [ 3371037.87560225604102, 8376525.786464525386691 ], [ 3371023.913145495112985, 8376525.786464525386691 ], [ 3371005.541968335863203, 8376525.946787359192967 ], [ 3370991.581638038624078, 8376526.190465831197798 ], [ 3370973.216056917794049, 8376526.671385498717427 ], [ 3370959.262105726171285, 8376527.158668211661279 ], [ 3370940.907714977860451, 8376527.960038217715919 ], [ 3370926.964393221773207, 8376528.690776746720076 ], [ 3370908.626783771440387, 8376529.812352987937629 ], [ 3370894.698338783811778, 8376530.786324741318822 ], [ 3370876.383096444420516, 8376532.227765575051308 ], [ 3370862.473771050572395, 8376533.444673864170909 ], [ 3370844.186474822461605, 8376535.205540211871266 ], [ 3370830.300505809485912, 8376536.665014365687966 ], [ 3370812.046726180240512, 8376538.74476985167712 ], [ 3370798.188343437388539, 8376540.446365292184055 ], [ 3370779.973640685435385, 8376542.844376401975751 ], [ 3370766.147065550554544, 8376544.787574811838567 ], [ 3370747.976988050621003, 8376547.503111088648438 ], [ 3370734.186432246118784, 8376549.687320551835001 ], [ 3370716.066514779813588, 8376552.719554817304015 ], [ 3370702.316179078537971, 8376555.144109995104373 ], [ 3370684.25194114819169, 8376558.49211860075593 ], [ 3370670.546014034189284, 8376561.156280950643122 ], [ 3370652.542958181817085, 8376564.819044060073793 ], [ 3370638.885614560451359, 8376567.722002061083913 ], [ 3370620.949224690906703, 8376571.698403961956501 ], [ 3370607.344624737277627, 8376574.83927334472537 ], [ 3370589.480364448856562, 8376579.128102786839008 ], [ 3370575.932652278803289, 8376582.505926804617047 ], [ 3370558.145963198505342, 8376587.105877368710935 ], [ 3370544.659265613183379, 8376590.719627095386386 ], [ 3370526.955565738957375, 8376595.629297590814531 ], [ 3370513.533990822732449, 8376599.477872268296778 ], [ 3370495.918672872241586, 8376604.695767163299024 ], [ 3370482.566309044137597, 8376608.777994454838336 ], [ 3370465.044738814234734, 8376614.302524327300489 ], [ 3370451.765653263777494, 8376618.617160771042109 ], [ 3370434.343167995102704, 8376624.446642796508968 ], [ 3370421.141405739355832, 8376628.992374084889889 ], [ 3370403.823312488850206, 8376635.125032545998693 ], [ 3370390.702894877176732, 8376639.900474018417299 ], [ 3370373.494468904100358, 8376646.334440847858787 ], [ 3370360.459392555058002, 8376651.338137852028012 ], [ 3370343.365875713061541, 8376658.071453200653195 ], [ 3370330.420111159328371, 8376663.30188159365207 ], [ 3370313.446710298769176, 8376670.332494430243969 ], [ 3370300.594201094470918, 8376675.78806091286242 ], [ 3370283.746086477302015, 8376683.113829642534256 ], [ 3370270.990747448988259, 8376688.792872468940914 ], [ 3370254.273051175288856, 8376696.411565593443811 ], [ 3370241.618767879437655, 8376702.312354803085327 ], [ 3370225.036582320462912, 8376710.221651593223214 ], [ 3370212.487209274899215, 8376716.342389793135226 ], [ 3370196.045585525222123, 8376724.539881001226604 ], [ 3370183.604945437982678, 8376730.87870373390615 ], [ 3370167.308891776017845, 8376739.361892323940992 ], [ 3370154.980774127412587, 8376745.916868751868606 ], [ 3370138.835254488047212, 8376754.683170664124191 ], [ 3370126.623414629604667, 8376761.452304032631218 ], [ 3370110.633347094990313, 8376770.49904896505177 ], [ 3370098.541504802182317, 8376777.480277367867529 ], [ 3370082.711760102305561, 8376786.80470959469676 ], [ 3370070.743598700035363, 8376793.995906463824213 ], [ 3370055.078998727723956, 8376803.595185672864318 ], [ 3370043.238163826055825, 8376810.994160504080355 ], [ 3370027.743480170145631, 8376820.865362661890686 ], [ 3370016.033578611444682, 8376828.469861648976803 ], [ 3370000.713531102985144, 8376838.609979891218245 ], [ 3369989.138129806611687, 8376846.417686651460826 ], [ 3369973.997385080903769, 8376856.823632200248539 ], [ 3369962.56001002760604, 8376864.832168430089951 ], [ 3369947.603180101606995, 8376875.500771534629166 ], [ 3369936.307315300218761, 8376883.707697703503072 ], [ 3369921.538956169039011, 8376894.635708602145314 ], [ 3369910.388042346574366, 8376903.038524875417352 ], [ 3369895.812652596272528, 8376914.222614791244268 ], [ 3369884.81008647987619, 8376922.818761552684009 ], [ 3369870.4321059146896, 8376934.255523703992367 ], [ 3369859.581239029765129, 8376943.04238245356828 ], [ 3369845.405047321692109, 8376954.728333090431988 ], [ 3369834.709184862673283, 8376963.703227335587144 ], [ 3369820.739100217819214, 8376975.634806805290282 ], [ 3369810.20150031009689, 8376984.795002653263509 ], [ 3369796.441778151318431, 8376996.968576480634511 ], [ 3369786.065650640521199, 8377006.311283655464649 ], [ 3369772.520482311956584, 8377018.72314365208149 ], [ 3369762.308987861033529, 8377028.245516278780997 ], [ 3369748.982499352190644, 8377040.891881671734154 ], [ 3369738.938748434651643, 8377050.591019190847874 ], [ 3369725.834999124053866, 8377063.468037775717676 ], [ 3369715.962051264941692, 8377073.340985634364188 ], [ 3369703.085032680537552, 8377086.444734944961965 ], [ 3369693.385895182844251, 8377096.488485842011869 ], [ 3369680.739529789425433, 8377109.814974350854754 ], [ 3369671.217157161328942, 8377120.026468802243471 ], [ 3369658.805297164712101, 8377133.571637130342424 ], [ 3369649.462589971721172, 8377143.947764661163092 ], [ 3369637.289016144350171, 8377157.707486820407212 ], [ 3369628.128820304758847, 8377168.245086718350649 ], [ 3369616.197240835055709, 8377182.215171363204718 ], [ 3369607.222346600610763, 8377192.911033810116351 ], [ 3369595.536395963281393, 8377207.087225518189371 ], [ 3369586.7495371918194, 8377217.938092430122197 ], [ 3369575.312775041442364, 8377232.316072994843125 ], [ 3369566.716628286056221, 8377243.318639102391899 ], [ 3369555.532538369763643, 8377257.894028853625059 ], [ 3369547.12972211651504, 8377269.044942650012672 ], [ 3369536.201711217872798, 8377283.813301780261099 ], [ 3369527.994785025250167, 8377295.109166614711285 ], [ 3369517.326181921176612, 8377310.06599654071033 ], [ 3369509.317645703442395, 8377321.503371575847268 ], [ 3369498.91170015418902, 8377336.644116302020848 ], [ 3369491.103993397671729, 8377348.219517594203353 ], [ 3369480.963875155430287, 8377363.53956510219723 ], [ 3369473.359376161359251, 8377375.249466669745743 ], [ 3369463.48817400354892, 8377390.744150325655937 ], [ 3369456.089199167210609, 8377402.584985236637294 ], [ 3369446.489919958170503, 8377418.249585209414363 ], [ 3369439.298723089508712, 8377430.217746611684561 ], [ 3369429.974290862679482, 8377446.047491312026978 ], [ 3369422.993062470108271, 8377458.139333587139845 ], [ 3369413.946317537687719, 8377474.129401121288538 ], [ 3369407.177184155676514, 8377486.34124100394547 ], [ 3369398.41088224388659, 8377502.486760643310845 ], [ 3369391.855905832257122, 8377514.814878259785473 ], [ 3369383.372717241756618, 8377531.110931921750307 ], [ 3369377.033894505351782, 8377543.551572017371655 ], [ 3369368.836403297260404, 8377559.993195766583085 ], [ 3369362.715665092691779, 8377572.542568820528686 ], [ 3369354.806368302553892, 8377589.124754379503429 ], [ 3369348.905579078476876, 8377601.779037707485259 ], [ 3369341.28688595443964, 8377618.496733982115984 ], [ 3369335.607843156903982, 8377631.252072946168482 ], [ 3369328.282074426766485, 8377648.100187562406063 ], [ 3369322.826507920399308, 8377660.952696822583675 ], [ 3369315.79589508427307, 8377677.926097683608532 ], [ 3369310.565466705244035, 8377690.871862201951444 ], [ 3369303.83215135615319, 8377707.965379044413567 ], [ 3369298.828454350121319, 8377721.000455398112535 ], [ 3369292.394487520679832, 8377738.208881370723248 ], [ 3369287.619046039879322, 8377751.329299007542431 ], [ 3369281.48638757923618, 8377768.647392258048058 ], [ 3369276.940656296908855, 8377781.849154494702816 ], [ 3369271.111174271441996, 8377799.271639763377607 ], [ 3369266.796537828166038, 8377812.550725313834846 ], [ 3369261.272007955703884, 8377830.07229554373771 ], [ 3369257.189780665095896, 8377843.424659366719425 ], [ 3369251.97188577009365, 8377861.039977316744626 ], [ 3369248.12331109540537, 8377874.46155222505331 ], [ 3369243.213640599511564, 8377892.165252099744976 ], [ 3369239.599890863988549, 8377905.651949717663229 ], [ 3369234.999940300360322, 8377923.438638797961175 ], [ 3369231.622116283513606, 8377936.986350963823497 ], [ 3369227.333286841865629, 8377954.850611251778901 ], [ 3369224.192417466081679, 8377968.455211175605655 ], [ 3369220.216015564743429, 8377986.391601045615971 ], [ 3369217.313057565130293, 8378000.048944658599794 ], [ 3369213.650294455233961, 8378018.052000510506332 ], [ 3369210.986132096499205, 8378031.757927671074867 ], [ 3369207.638123491313308, 8378049.822165601886809 ], [ 3369205.213568317703903, 8378063.572501280345023 ], [ 3369202.181334052234888, 8378081.692418746650219 ], [ 3369199.997124589048326, 8378095.482974550686777 ], [ 3369197.281588312238455, 8378113.653052050620317 ], [ 3369195.338389904238284, 8378127.479627168737352 ], [ 3369192.940378793980926, 8378145.694329921156168 ], [ 3369191.238783350214362, 8378159.552712696604431 ], [ 3369189.15902786469087, 8378177.806492324918509 ], [ 3369187.699553714133799, 8378191.692461301572621 ], [ 3369185.93868736596778, 8378209.979757529683411 ], [ 3369184.721779071260244, 8378223.889082985930145 ], [ 3369183.28033823845908, 8378242.204325325787067 ], [ 3369182.306366489734501, 8378256.132770251482725 ], [ 3369181.184790248051286, 8378274.470379701815546 ], [ 3369180.454051718581468, 8378288.413701458834112 ], [ 3369179.652681712061167, 8378306.768092207610607 ], [ 3369179.16539899725467, 8378320.722043458372355 ], [ 3369178.684479330666363, 8378339.087624578736722 ], [ 3369178.440800860058516, 8378353.04795481543988 ], [ 3369178.280478025786579, 8378371.419131974689662 ], [ 3369178.280478025786579, 8378385.381588776595891 ], [ 3369178.440800860058516, 8378403.752765935845673 ], [ 3369178.684479330666363, 8378417.713096172548831 ], [ 3369179.16539899725467, 8378436.078677292913198 ], [ 3369179.652681712061167, 8378450.032628543674946 ], [ 3369180.454051718581468, 8378468.387019292451441 ], [ 3369181.184790248051286, 8378482.330341049470007 ], [ 3369182.306366489734501, 8378500.667950499802828 ], [ 3369183.28033823845908, 8378514.596395425498486 ], [ 3369184.721779071260244, 8378532.911637765355408 ], [ 3369185.93868736596778, 8378546.820963221602142 ], [ 3369187.699553714133799, 8378565.108259449712932 ], [ 3369189.15902786469087, 8378578.994228426367044 ], [ 3369191.238783350214362, 8378597.248008054681122 ], [ 3369192.940378793980926, 8378611.106390830129385 ], [ 3369195.338389904238284, 8378629.321093582548201 ], [ 3369197.281588312238455, 8378643.147668700665236 ], [ 3369199.997124589048326, 8378661.317746200598776 ], [ 3369202.181334052234888, 8378675.108302004635334 ], [ 3369205.213568317703903, 8378693.22821947094053 ], [ 3369207.638123491313308, 8378706.978555149398744 ], [ 3369210.986132096499205, 8378725.042793080210686 ], [ 3369213.650294455233961, 8378738.748720240779221 ], [ 3369217.313057565130293, 8378756.751776092685759 ], [ 3369220.216015564743429, 8378770.409119705669582 ], [ 3369224.192417466081679, 8378788.345509575679898 ], [ 3369227.333286841865629, 8378801.950109499506652 ], [ 3369231.622116283513606, 8378819.814369787462056 ], [ 3369234.999940300360322, 8378833.362081953324378 ], [ 3369239.599890863988549, 8378851.148771033622324 ], [ 3369243.213640599511564, 8378864.635468651540577 ], [ 3369248.12331109540537, 8378882.339168526232243 ], [ 3369251.97188577009365, 8378895.760743434540927 ], [ 3369257.189780665095896, 8378913.376061384566128 ], [ 3369261.272007955703884, 8378926.728425207547843 ], [ 3369266.796537828166038, 8378944.249995437450707 ], [ 3369271.111174271441996, 8378957.529080987907946 ], [ 3369276.940656296908855, 8378974.951566256582737 ], [ 3369281.48638757923618, 8378988.153328493237495 ], [ 3369287.619046039879322, 8379005.471421743743122 ], [ 3369292.394487520679832, 8379018.591839380562305 ], [ 3369298.828454350121319, 8379035.800265353173018 ], [ 3369303.83215135615319, 8379048.835341706871986 ], [ 3369310.565466705244035, 8379065.928858549334109 ], [ 3369315.79589508427307, 8379078.874623067677021 ], [ 3369322.826507920399308, 8379095.848023928701878 ], [ 3369328.282074426766485, 8379108.70053318887949 ], [ 3369335.607843156903982, 8379125.548647805117071 ], [ 3369341.28688595443964, 8379138.303986769169569 ], [ 3369348.905579078476876, 8379155.021683043800294 ], [ 3369354.806368302553892, 8379167.675966371782124 ], [ 3369362.715665092691779, 8379184.258151930756867 ], [ 3369368.836403297260404, 8379196.807524984702468 ], [ 3369377.033894505351782, 8379213.249148733913898 ], [ 3369383.372717241756618, 8379225.689788829535246 ], [ 3369391.855905832257122, 8379241.98584249150008 ], [ 3369398.41088224388659, 8379254.313960107974708 ], [ 3369407.177184155676514, 8379270.459479747340083 ], [ 3369413.946317537687719, 8379282.671319629997015 ], [ 3369422.993062470108271, 8379298.661387164145708 ], [ 3369429.974290862679482, 8379310.753229439258575 ], [ 3369439.298723089508712, 8379326.582974139600992 ], [ 3369446.489919958170503, 8379338.55113554187119 ], [ 3369456.089199167210609, 8379354.215735514648259 ], [ 3369463.48817400354892, 8379366.056570425629616 ], [ 3369473.359376161359251, 8379381.55125408153981 ], [ 3369480.963875155430287, 8379393.261155649088323 ], [ 3369491.103993397671729, 8379408.5812031570822 ], [ 3369498.91170015418902, 8379420.156604449264705 ], [ 3369509.317645703442395, 8379435.297349175438285 ], [ 3369517.326181921176612, 8379446.734724210575223 ], [ 3369527.994785025250167, 8379461.691554136574268 ], [ 3369536.201711217872798, 8379472.987418971024454 ], [ 3369547.12972211651504, 8379487.755778101272881 ], [ 3369555.532538369763643, 8379498.906691897660494 ], [ 3369566.716628286056221, 8379513.482081648893654 ], [ 3369575.312775041442364, 8379524.484647756442428 ], [ 3369586.7495371918194, 8379538.862628321163356 ], [ 3369595.536395963281393, 8379549.713495233096182 ], [ 3369607.222346600610763, 8379563.889686941169202 ], [ 3369616.197240835055709, 8379574.585549388080835 ], [ 3369628.128820304758847, 8379588.555634032934904 ], [ 3369637.289016144350171, 8379599.093233930878341 ], [ 3369649.462589971721172, 8379612.852956090122461 ], [ 3369658.805297164712101, 8379623.229083620943129 ], [ 3369671.217157161328942, 8379636.774251949042082 ], [ 3369680.739529789425433, 8379646.985746400430799 ], [ 3369693.385895182844251, 8379660.312234909273684 ], [ 3369703.085032680537552, 8379670.355985806323588 ], [ 3369715.962051264941692, 8379683.459735116921365 ], [ 3369725.834999124053866, 8379693.332682975567877 ], [ 3369738.938748434651643, 8379706.209701560437679 ], [ 3369748.982499352190644, 8379715.908839079551399 ], [ 3369762.308987861033529, 8379728.555204472504556 ], [ 3369772.520482311956584, 8379738.077577099204063 ], [ 3369786.065650640521199, 8379750.489437095820904 ], [ 3369796.441778151318431, 8379759.832144270651042 ], [ 3369810.20150031009689, 8379772.005718098022044 ], [ 3369820.739100228063762, 8379781.165913955308497 ], [ 3369834.709184873383492, 8379793.097493425011635 ], [ 3369845.405047312378883, 8379802.072387652471662 ], [ 3369859.581239019986242, 8379813.75833828933537 ], [ 3369870.4321059146896, 8379822.545197047293186 ], [ 3369884.81008647987619, 8379833.981959198601544 ], [ 3369895.812652596272528, 8379842.578105960041285 ], [ 3369910.388042346574366, 8379853.762195875868201 ], [ 3369921.538956169039011, 8379862.165012149140239 ], [ 3369936.307315300218761, 8379873.093023047782481 ], [ 3369947.603180101606995, 8379881.299949216656387 ], [ 3369962.56001002760604, 8379891.968552321195602 ], [ 3369973.997385090216994, 8379899.977088557556272 ], [ 3369989.138129816390574, 8379910.383034106343985 ], [ 3370000.713531094137579, 8379918.19074085354805 ], [ 3370016.033578602131456, 8379928.330859095789492 ], [ 3370027.743480170145631, 8379935.935358089394867 ], [ 3370043.238163826055825, 8379945.806560247205198 ], [ 3370055.078998727723956, 8379953.205535078421235 ], [ 3370070.743598700035363, 8379962.80481428746134 ], [ 3370082.711760102305561, 8379969.996011156588793 ], [ 3370098.541504802182317, 8379979.320443383418024 ], [ 3370110.633347094990313, 8379986.301671786233783 ], [ 3370126.623414629604667, 8379995.348416718654335 ], [ 3370138.835254488047212, 8380002.117550087161362 ], [ 3370154.980774127412587, 8380010.883851999416947 ], [ 3370167.308891776017845, 8380017.438828427344561 ], [ 3370183.604945437982678, 8380025.922017017379403 ], [ 3370196.045585525222123, 8380032.260839750058949 ], [ 3370212.487209274899215, 8380040.458330958150327 ], [ 3370225.036582320462912, 8380046.579069158062339 ], [ 3370241.618767879437655, 8380054.488365948200226 ], [ 3370254.273051175288856, 8380060.389155157841742 ], [ 3370270.990747448988259, 8380068.007848282344639 ], [ 3370283.746086477302015, 8380073.686891108751297 ], [ 3370300.594201094470918, 8380081.012659838423133 ], [ 3370313.446710298769176, 8380086.468226321041584 ], [ 3370330.420111159328371, 8380093.498839157633483 ], [ 3370343.365875713061541, 8380098.729267550632358 ], [ 3370360.459392555058002, 8380105.462582899257541 ], [ 3370373.494468904100358, 8380110.466279903426766 ], [ 3370390.702894877176732, 8380116.900246732868254 ], [ 3370403.823312488850206, 8380121.67568820528686 ], [ 3370421.141405739355832, 8380127.808346666395664 ], [ 3370434.343167995102704, 8380132.354077954776585 ], [ 3370451.765653263777494, 8380138.183559980243444 ], [ 3370465.044738814234734, 8380142.498196423985064 ], [ 3370482.566309044137597, 8380148.022726296447217 ], [ 3370495.918672872241586, 8380152.104953587986529 ], [ 3370513.533990822732449, 8380157.322848482988775 ], [ 3370526.955565738957375, 8380161.171423160471022 ], [ 3370544.659265613183379, 8380166.081093655899167 ], [ 3370558.145963198505342, 8380169.694843382574618 ], [ 3370575.932652278803289, 8380174.294793946668506 ], [ 3370589.480364448856562, 8380177.672617964446545 ], [ 3370607.344624737277627, 8380181.961447406560183 ], [ 3370620.949224690906703, 8380185.102316789329052 ], [ 3370638.885614560451359, 8380189.07871869020164 ], [ 3370652.542958181817085, 8380191.98167669121176 ], [ 3370670.546014034189284, 8380195.644439800642431 ], [ 3370684.25194114819169, 8380198.308602150529623 ], [ 3370702.316179078537971, 8380201.65661075618118 ], [ 3370716.066514779813588, 8380204.081165933981538 ], [ 3370734.186432246118784, 8380207.113400199450552 ], [ 3370747.976988050621003, 8380209.297609662637115 ], [ 3370766.147065550554544, 8380212.013145939446986 ], [ 3370779.973640685435385, 8380213.956344349309802 ], [ 3370798.188343437388539, 8380216.354355459101498 ], [ 3370812.046726180240512, 8380218.055950899608433 ], [ 3370830.300505809485912, 8380220.135706385597587 ], [ 3370844.186474822461605, 8380221.595180539414287 ], [ 3370862.473771050572395, 8380223.356046887114644 ], [ 3370876.383096444420516, 8380224.572955176234245 ], [ 3370894.698338783811778, 8380226.014396009966731 ], [ 3370908.626783771440387, 8380226.988367763347924 ], [ 3370926.964393221773207, 8380228.109944004565477 ], [ 3370940.907714977860451, 8380228.840682533569634 ], [ 3370959.262105726171285, 8380229.642052539624274 ], [ 3370973.216056917794049, 8380230.129335252568126 ], [ 3370991.581638038624078, 8380230.610254920087755 ], [ 3371005.541968335863203, 8380230.853933392092586 ], [ 3371023.913145495112985, 8380231.014256225898862 ] ] ] ] } },
{ "type": "Feature", "properties": { "id": null }, "geometry": { "type": "MultiPolygon", "coordinates": [ [ [ [ 3411052.50804591877386, 8350719.402504616416991 ], [ 3411066.470502702984959, 8350719.402504616416991 ], [ 3411091.105654117185622, 8350719.18751690723002 ], [ 3411105.065984365530312, 8350718.943838437087834 ], [ 3411129.693631674163043, 8350718.298940796405077 ], [ 3411143.647582923527807, 8350717.811658080667257 ], [ 3411168.260224306490272, 8350716.737046950496733 ], [ 3411182.20354605698958, 8350716.006308421492577 ], [ 3411206.793684265110642, 8350714.502311138436198 ], [ 3411220.72212922340259, 8350713.528339386917651 ], [ 3411245.28227386251092, 8350711.595414083451033 ], [ 3411259.191599271725863, 8350710.378505793400109 ], [ 3411283.714269083924592, 8350708.017241258174181 ], [ 3411297.600238085724413, 8350706.557767105288804 ], [ 3411322.077963227871805, 8350703.768882601521909 ], [ 3411335.936346004251391, 8350702.067287157289684 ], [ 3411360.361670325044543, 8350698.85163220576942 ], [ 3411374.188245419412851, 8350696.908433801494539 ], [ 3411398.553728727158159, 8350693.266987923532724 ], [ 3411412.344284549355507, 8350691.082778457552195 ], [ 3411436.642504882998765, 8350687.01665087044239 ], [ 3411450.392840575892478, 8350684.592095693573356 ], [ 3411474.616396461147815, 8350680.102524980902672 ], [ 3411488.322323602158576, 8350677.438362626358867 ], [ 3411512.4638363099657, 8350672.526716354303062 ], [ 3411526.1211799220182, 8350669.623758355155587 ], [ 3411550.173295713495463, 8350664.291532658971846 ], [ 3411563.77789566013962, 8350661.150663278065622 ], [ 3411587.733288027811795, 8350655.39948240481317 ], [ 3411601.281000175513327, 8350652.021658391691744 ], [ 3411625.132372074760497, 8350645.853274207562208 ], [ 3411638.619069673586637, 8350642.239524477161467 ], [ 3411662.359155745711178, 8350635.655815931968391 ], [ 3411675.780730677302927, 8350631.807241250760853 ], [ 3411699.402299461886287, 8350624.810213804244995 ], [ 3411712.754663274623454, 8350620.727986517362297 ], [ 3411736.250519413035363, 8350613.319771533831954 ], [ 3411749.529604963026941, 8350609.005135090090334 ], [ 3411772.892591389361769, 8350601.18798918183893 ], [ 3411786.094353640452027, 8350596.642257895320654 ], [ 3411809.317353763617575, 8350588.418562241829932 ], [ 3411822.437771397642791, 8350583.643120761960745 ], [ 3411845.513711266685277, 8350575.015380379743874 ], [ 3411858.54878762178123, 8350570.011683372780681 ], [ 3411881.470638081431389, 8350560.982526356354356 ], [ 3411894.416402599774301, 8350555.75209797732532 ], [ 3411917.177181432489306, 8350546.324274694547057 ], [ 3411930.029690673109144, 8350540.868708197027445 ], [ 3411952.622464725282043, 8350531.045090454630554 ], [ 3411965.377803700510412, 8350525.36604765150696 ], [ 3411987.795690994244069, 8350515.149627818726003 ], [ 3412000.449974345508963, 8350509.248838583938777 ], [ 3412022.686146175023168, 8350498.642728679813445 ], [ 3412035.235519200563431, 8350492.521990489214659 ], [ 3412057.283202212769538, 8350481.529421239160001 ], [ 3412069.723842308856547, 8350475.190598501823843 ], [ 3412091.576320565771312, 8350463.814918348565698 ], [ 3412103.904438190627843, 8350457.259941932745278 ], [ 3412125.555055215489119, 8350445.504616018384695 ], [ 3412137.766895085107535, 8350438.735482644289732 ], [ 3412159.209055890794843, 8350426.604091755114496 ], [ 3412171.300898184068501, 8350419.622863352298737 ], [ 3412192.528071280103177, 8350407.119102827273309 ], [ 3412204.496232686564326, 8350399.927905955351889 ], [ 3412225.501952070742846, 8350387.055584561079741 ], [ 3412237.342786976136267, 8350379.656609728001058 ], [ 3412258.120654102880508, 8350366.419648498296738 ], [ 3412269.830555667169392, 8350358.815149506554008 ], [ 3412290.374241396784782, 8350345.217580548487604 ], [ 3412301.949642688967288, 8350337.40987379103899 ], [ 3412322.252889215480536, 8350323.455839055590332 ], [ 3412333.690264242235571, 8350315.447302844375372 ], [ 3412353.7468870007433, 8350301.141052865423262 ], [ 3412365.042751828208566, 8350292.934126677922904 ], [ 3412384.846641376148909, 8350278.280019278638065 ], [ 3412395.997555193956941, 8350269.877203009091318 ], [ 3412415.542679075617343, 8350254.879701971076429 ], [ 3412426.545245181303471, 8350246.283555218018591 ], [ 3412445.825649762060493, 8350230.947228926233947 ], [ 3412456.676516657229513, 8350222.160370168276131 ], [ 3412475.686328939627856, 8350206.489890216849744 ], [ 3412486.38219138700515, 8350197.514995981939137 ], [ 3412505.115620797500014, 8350181.515135750174522 ], [ 3412515.653220722451806, 8350172.354939887300134 ], [ 3412534.104560877196491, 8350156.030573086813092 ], [ 3412544.48068838333711, 8350146.687865915708244 ], [ 3412562.644318825099617, 8350130.043965108692646 ], [ 3412572.855813287198544, 8350120.521592470817268 ], [ 3412590.726201198995113, 8350103.56322754919529 ], [ 3412600.769952077884227, 8350093.864090069197118 ], [ 3412618.341653965879232, 8350076.596426716074347 ], [ 3412628.214601865503937, 8350066.72347881551832 ], [ 3412645.482265218626708, 8350049.151776927523315 ], [ 3412655.18140269909054, 8350039.108026049099863 ], [ 3412672.139767620712519, 8350021.237638137303293 ], [ 3412681.662140251137316, 8350011.026143683120608 ], [ 3412698.306041058618575, 8349992.862513241358101 ], [ 3412707.648748251609504, 8349982.486385710537434 ], [ 3412723.973115051165223, 8349964.035045555792749 ], [ 3412733.133310892153531, 8349953.497445656917989 ], [ 3412749.133171124383807, 8349934.764016246423125 ], [ 3412758.108065359294415, 8349924.06815379858017 ], [ 3412773.778545311186463, 8349905.058341516181827 ], [ 3412782.565404083579779, 8349894.207474603317678 ], [ 3412797.901730374898762, 8349874.927070022560656 ], [ 3412806.497877127956599, 8349863.924503915943205 ], [ 3412821.495378165505826, 8349844.379380034282804 ], [ 3412829.89819441922009, 8349833.228466238826513 ], [ 3412844.552301819436252, 8349813.424576690420508 ], [ 3412852.759228012990206, 8349802.128711855039001 ], [ 3412867.065477991476655, 8349782.072089097462595 ], [ 3412875.074014203157276, 8349770.634714069776237 ], [ 3412889.028048939071596, 8349750.331467542797327 ], [ 3412896.835755698848516, 8349738.756066246889532 ], [ 3412910.43332465691492, 8349718.212380517274141 ], [ 3412918.037823650985956, 8349706.502478949725628 ], [ 3412931.274784880224615, 8349685.724611823447049 ], [ 3412938.673759711440653, 8349673.883776920847595 ], [ 3412951.546081105712801, 8349652.878057536669075 ], [ 3412958.73727798089385, 8349640.909896124154329 ], [ 3412971.241038505919278, 8349619.682723027653992 ], [ 3412978.222266905009747, 8349607.590880740433931 ], [ 3412990.353657794184983, 8349586.148719934746623 ], [ 3412997.122791168745607, 8349573.93688006605953 ], [ 3413008.87811708310619, 8349552.286263041198254 ], [ 3413015.433093495666981, 8349539.958145420998335 ], [ 3413026.808773649390787, 8349518.105667163617909 ], [ 3413033.147596386261284, 8349505.665027068927884 ], [ 3413044.140165636315942, 8349483.617344057187438 ], [ 3413050.260903841815889, 8349471.067971000447869 ], [ 3413060.867013745009899, 8349448.831799170933664 ], [ 3413066.767802963033319, 8349436.177515856921673 ], [ 3413076.984222796279937, 8349413.759628563188016 ], [ 3413082.663265598472208, 8349401.004289587959647 ], [ 3413092.48688334133476, 8349378.411515535786748 ], [ 3413097.942449846770614, 8349365.559006277471781 ], [ 3413107.370273129548877, 8349342.798227444291115 ], [ 3413112.600701506249607, 8349329.852462931536138 ], [ 3413121.629858522675931, 8349306.930612471885979 ], [ 3413126.633555532898754, 8349293.895536107942462 ], [ 3413135.261295914649963, 8349270.819596239365637 ], [ 3413140.036737391725183, 8349257.699178613722324 ], [ 3413148.260433045215905, 8349234.476178490556777 ], [ 3413152.806164338253438, 8349221.274416221305728 ], [ 3413160.623310246039182, 8349197.911429794505239 ], [ 3413164.937946677207947, 8349184.632344281300902 ], [ 3413172.346161661203951, 8349161.136488143354654 ], [ 3413176.428388957399875, 8349147.78412430267781 ], [ 3413183.425416403450072, 8349124.162555518560112 ], [ 3413187.2739910739474, 8349110.740980624221265 ], [ 3413193.857699620071799, 8349087.000894552096725 ], [ 3413197.47144935792312, 8349073.514196924865246 ], [ 3413203.639833542052656, 8349049.662825025618076 ], [ 3413207.017657559365034, 8349036.115112860687077 ], [ 3413212.768838432151824, 8349012.159720492549241 ], [ 3413215.909707808401436, 8348998.555120564065874 ], [ 3413221.241933504585177, 8348974.503004772588611 ], [ 3413224.144891504198313, 8348960.845661159604788 ], [ 3413229.056537776254117, 8348936.704148451797664 ], [ 3413231.720700131263584, 8348922.998221310786903 ], [ 3413236.210270843934268, 8348898.774665425531566 ], [ 3413238.634826022665948, 8348885.024329718202353 ], [ 3413242.700953609310091, 8348860.726109384559095 ], [ 3413244.885163068771362, 8348846.935553604736924 ], [ 3413248.526608947664499, 8348822.570070296525955 ], [ 3413250.469807357527316, 8348808.74349516350776 ], [ 3413253.685462308581918, 8348784.31817084364593 ], [ 3413255.38705775141716, 8348770.459788076579571 ], [ 3413258.175942255184054, 8348745.982062933966517 ], [ 3413259.635416406206787, 8348732.096093950793147 ], [ 3413261.996680941898376, 8348707.57342413906008 ], [ 3413263.21358923567459, 8348693.664098696783185 ], [ 3413265.146514538675547, 8348669.103954057209194 ], [ 3413266.120486289728433, 8348655.175509099848568 ], [ 3413267.62448357231915, 8348630.585370891727507 ], [ 3413268.355222100391984, 8348616.64204915612936 ], [ 3413269.429833230562508, 8348592.029407773166895 ], [ 3413269.917115944903344, 8348578.075456539168954 ], [ 3413270.562013586051762, 8348553.447809230536222 ], [ 3413270.80569205712527, 8348539.48747896682471 ], [ 3413271.020679766312242, 8348514.852327552624047 ], [ 3413271.020679766312242, 8348500.88987076934427 ], [ 3413270.80569205712527, 8348476.254719355143607 ], [ 3413270.562013586051762, 8348462.294389091432095 ], [ 3413269.917115944903344, 8348437.666741782799363 ], [ 3413269.429833230562508, 8348423.712790548801422 ], [ 3413268.355222100391984, 8348399.100149165838957 ], [ 3413267.62448357231915, 8348385.15682743024081 ], [ 3413266.120486289728433, 8348360.566689222119749 ], [ 3413265.146514538209885, 8348346.638244261965156 ], [ 3413263.213589235208929, 8348322.078099623322487 ], [ 3413261.996680942364037, 8348308.168774186633527 ], [ 3413259.635416406672448, 8348283.646104373969138 ], [ 3413258.175942255184054, 8348269.7601353880018 ], [ 3413255.38705775141716, 8348245.282410245388746 ], [ 3413253.685462308581918, 8348231.424027478322387 ], [ 3413250.469807357527316, 8348206.998703158460557 ], [ 3413248.526608947664499, 8348193.172128025442362 ], [ 3413244.885163068771362, 8348168.806644717231393 ], [ 3413242.700953609310091, 8348155.016088937409222 ], [ 3413238.634826022665948, 8348130.717868603765965 ], [ 3413236.210270843934268, 8348116.967532896436751 ], [ 3413231.720700131263584, 8348092.743977011181414 ], [ 3413229.056537776254117, 8348079.038049870170653 ], [ 3413224.144891504198313, 8348054.896537162363529 ], [ 3413221.241933504585177, 8348041.239193549379706 ], [ 3413215.909707808401436, 8348017.187077757902443 ], [ 3413212.768838432151824, 8348003.582477829419076 ], [ 3413207.017657559365034, 8347979.62708546128124 ], [ 3413203.639833542052656, 8347966.079373296350241 ], [ 3413197.47144935792312, 8347942.228001397103071 ], [ 3413193.857699620071799, 8347928.741303769871593 ], [ 3413187.2739910739474, 8347905.001217697747052 ], [ 3413183.425416403450072, 8347891.579642803408206 ], [ 3413176.428388957399875, 8347867.958074019290507 ], [ 3413172.346161661203951, 8347854.605710178613663 ], [ 3413164.937946677207947, 8347831.109854040667415 ], [ 3413160.623310246039182, 8347817.830768527463078 ], [ 3413152.806164338253438, 8347794.467782100662589 ], [ 3413148.260433045215905, 8347781.266019831411541 ], [ 3413140.036737391725183, 8347758.043019708245993 ], [ 3413135.261295914649963, 8347744.92260208260268 ], [ 3413126.633555532898754, 8347721.846662214025855 ], [ 3413121.629858522675931, 8347708.811585850082338 ], [ 3413112.600701506249607, 8347685.889735390432179 ], [ 3413107.370273129548877, 8347672.943970877677202 ], [ 3413097.942449846770614, 8347650.183192044496536 ], [ 3413092.48688334133476, 8347637.330682786181569 ], [ 3413082.663265598472208, 8347614.73790873400867 ], [ 3413076.984222796279937, 8347601.982569758780301 ], [ 3413066.767802963033319, 8347579.564682465046644 ], [ 3413060.867013745009899, 8347566.910399151034653 ], [ 3413050.260903841815889, 8347544.674227321520448 ], [ 3413044.140165636315942, 8347532.124854264780879 ], [ 3413033.147596386261284, 8347510.077171253040433 ], [ 3413026.808773649390787, 8347497.636531158350408 ], [ 3413015.433093495666981, 8347475.784052900969982 ], [ 3413008.87811708310619, 8347463.455935280770063 ], [ 3412997.122791168745607, 8347441.805318255908787 ], [ 3412990.353657794184983, 8347429.593478387221694 ], [ 3412978.222266905009747, 8347408.151317581534386 ], [ 3412971.241038505919278, 8347396.059475294314325 ], [ 3412958.73727798089385, 8347374.832302197813988 ], [ 3412951.546081105712801, 8347362.864140785299242 ], [ 3412938.673759711440653, 8347341.858421401120722 ], [ 3412931.274784880224615, 8347330.017586498521268 ], [ 3412918.037823650985956, 8347309.239719372242689 ], [ 3412910.43332465691492, 8347297.529817804694176 ], [ 3412896.835755698848516, 8347276.986132075078785 ], [ 3412889.028048939071596, 8347265.41073077917099 ], [ 3412875.074014203157276, 8347245.10748425219208 ], [ 3412867.065477991476655, 8347233.670109224505723 ], [ 3412852.759228012990206, 8347213.613486466929317 ], [ 3412844.552301819436252, 8347202.317621631547809 ], [ 3412829.89819441922009, 8347182.513732083141804 ], [ 3412821.495378165505826, 8347171.362818287685513 ], [ 3412806.497877127956599, 8347151.817694406025112 ], [ 3412797.901730374898762, 8347140.815128299407661 ], [ 3412782.565404083579779, 8347121.534723718650639 ], [ 3412773.778545311186463, 8347110.68385680578649 ], [ 3412758.108065359294415, 8347091.674044523388147 ], [ 3412749.133171124383807, 8347080.978182075545192 ], [ 3412733.133310892153531, 8347062.244752665050328 ], [ 3412723.973115051165223, 8347051.707152766175568 ], [ 3412707.648748251609504, 8347033.255812611430883 ], [ 3412698.306041058618575, 8347022.879685080610216 ], [ 3412681.662140251137316, 8347004.716054638847709 ], [ 3412672.139767620712519, 8346994.504560184665024 ], [ 3412655.18140269909054, 8346976.634172272868454 ], [ 3412645.482265218626708, 8346966.590421394445002 ], [ 3412628.214601865503937, 8346949.018719506449997 ], [ 3412618.341653965879232, 8346939.14577160589397 ], [ 3412600.769952077884227, 8346921.878108252771199 ], [ 3412590.726201198995113, 8346912.178970772773027 ], [ 3412572.855813287198544, 8346895.220605851151049 ], [ 3412562.644318825099617, 8346885.698233213275671 ], [ 3412544.48068838333711, 8346869.054332406260073 ], [ 3412534.104560877196491, 8346859.711625235155225 ], [ 3412515.653220722451806, 8346843.387258434668183 ], [ 3412505.115620797500014, 8346834.227062571793795 ], [ 3412486.38219138700515, 8346818.22720234002918 ], [ 3412475.686328939627856, 8346809.252308105118573 ], [ 3412456.676516657229513, 8346793.581828153692186 ], [ 3412445.825649762060493, 8346784.79496939573437 ], [ 3412426.545245181303471, 8346769.458643103949726 ], [ 3412415.542679075617343, 8346760.862496350891888 ], [ 3412395.997555193956941, 8346745.864995312876999 ], [ 3412384.846641376148909, 8346737.462179043330252 ], [ 3412365.042751828208566, 8346722.808071644045413 ], [ 3412353.7468870007433, 8346714.601145456545055 ], [ 3412333.690264242235571, 8346700.294895477592945 ], [ 3412322.252889215480536, 8346692.286359266377985 ], [ 3412301.949642688967288, 8346678.332324530929327 ], [ 3412290.374241396784782, 8346670.524617773480713 ], [ 3412269.830555667169392, 8346656.92704881541431 ], [ 3412258.120654102880508, 8346649.322549823671579 ], [ 3412237.342786976136267, 8346636.085588593967259 ], [ 3412225.501952070742846, 8346628.686613760888577 ], [ 3412204.496232686564326, 8346615.814292366616428 ], [ 3412192.528071280103177, 8346608.623095494695008 ], [ 3412171.300898184068501, 8346596.11933496966958 ], [ 3412159.209055890794843, 8346589.138106566853821 ], [ 3412137.766895085107535, 8346577.006715677678585 ], [ 3412125.555055215489119, 8346570.237582303583622 ], [ 3412103.904438190627843, 8346558.482256389223039 ], [ 3412091.576320565771312, 8346551.927279973402619 ], [ 3412069.723842308856547, 8346540.551599820144475 ], [ 3412057.283202212769538, 8346534.212777082808316 ], [ 3412035.235519200563431, 8346523.220207832753658 ], [ 3412022.686146175023168, 8346517.099469642154872 ], [ 3412000.449974345508963, 8346506.49335973802954 ], [ 3411987.795690994244069, 8346500.592570503242314 ], [ 3411965.377803700510412, 8346490.376150670461357 ], [ 3411952.622464725282043, 8346484.697107867337763 ], [ 3411930.029690673109144, 8346474.873490124940872 ], [ 3411917.177181432489306, 8346469.41792362742126 ], [ 3411894.416402599774301, 8346459.990100344642997 ], [ 3411881.470638081431389, 8346454.759671965613961 ], [ 3411858.54878762178123, 8346445.730514949187636 ], [ 3411845.513711266685277, 8346440.726817942224443 ], [ 3411822.437771397642791, 8346432.099077560007572 ], [ 3411809.317353763617575, 8346427.323636080138385 ], [ 3411786.094353640452027, 8346419.099940426647663 ], [ 3411772.892591389361769, 8346414.554209140129387 ], [ 3411749.529604963026941, 8346406.737063231877983 ], [ 3411736.250519413035363, 8346402.422426788136363 ], [ 3411712.754663274623454, 8346395.01421180460602 ], [ 3411699.402299461886287, 8346390.931984517723322 ], [ 3411675.780730677302927, 8346383.934957071207464 ], [ 3411662.359155745711178, 8346380.086382389999926 ], [ 3411638.619069673586637, 8346373.50267384480685 ], [ 3411625.132372074760497, 8346369.888924114406109 ], [ 3411601.281000175513327, 8346363.720539930276573 ], [ 3411587.733288027811795, 8346360.342715917155147 ], [ 3411563.77789566013962, 8346354.591535043902695 ], [ 3411550.173295713495463, 8346351.450665662996471 ], [ 3411526.1211799220182, 8346346.11843996681273 ], [ 3411512.4638363099657, 8346343.215481967665255 ], [ 3411488.322323602158576, 8346338.30383569560945 ], [ 3411474.616396461147815, 8346335.639673341065645 ], [ 3411450.392840575892478, 8346331.150102628394961 ], [ 3411436.642504882998765, 8346328.725547451525927 ], [ 3411412.344284549355507, 8346324.659419864416122 ], [ 3411398.553728727158159, 8346322.475210398435593 ], [ 3411374.188245419412851, 8346318.833764520473778 ], [ 3411360.361670325044543, 8346316.890566116198897 ], [ 3411335.936346004251391, 8346313.674911164678633 ], [ 3411322.077963227871805, 8346311.973315720446408 ], [ 3411297.600238085724413, 8346309.184431216679513 ], [ 3411283.714269083924592, 8346307.724957063794136 ], [ 3411259.191599271725863, 8346305.363692528568208 ], [ 3411245.28227386251092, 8346304.146784238517284 ], [ 3411220.72212922340259, 8346302.213858935050666 ], [ 3411206.793684265110642, 8346301.239887183532119 ], [ 3411182.20354605698958, 8346299.73588990047574 ], [ 3411168.260224306490272, 8346299.005151371471584 ], [ 3411143.647582923527807, 8346297.93054024130106 ], [ 3411129.693631674163043, 8346297.44325752556324 ], [ 3411105.065984365530312, 8346296.798359884880483 ], [ 3411091.105654117185622, 8346296.554681414738297 ], [ 3411066.470502702984959, 8346296.339693705551326 ], [ 3411052.50804591877386, 8346296.339693705551326 ], [ 3411027.872894504573196, 8346296.554681414738297 ], [ 3411013.912564256228507, 8346296.798359884880483 ], [ 3410989.284916947595775, 8346297.44325752556324 ], [ 3410975.330965698231012, 8346297.93054024130106 ], [ 3410950.718324315268546, 8346299.005151371471584 ], [ 3410936.775002564769238, 8346299.73588990047574 ], [ 3410912.184864356648177, 8346301.239887183532119 ], [ 3410898.256419398356229, 8346302.213858935050666 ], [ 3410873.696274759247899, 8346304.146784238517284 ], [ 3410859.786949350032955, 8346305.363692528568208 ], [ 3410835.264279537834227, 8346307.724957063794136 ], [ 3410821.378310536034405, 8346309.184431216679513 ], [ 3410796.900585393887013, 8346311.973315720446408 ], [ 3410783.042202617507428, 8346313.674911164678633 ], [ 3410758.616878296714276, 8346316.890566116198897 ], [ 3410744.790303202345967, 8346318.833764520473778 ], [ 3410720.42481989460066, 8346322.475210398435593 ], [ 3410706.634264072403312, 8346324.659419864416122 ], [ 3410682.336043738760054, 8346328.725547451525927 ], [ 3410668.58570804586634, 8346331.150102628394961 ], [ 3410644.362152160611004, 8346335.639673341065645 ], [ 3410630.656225019600242, 8346338.30383569560945 ], [ 3410606.514712311793119, 8346343.215481967665255 ], [ 3410592.857368699740618, 8346346.11843996681273 ], [ 3410568.805252908263355, 8346351.450665662996471 ], [ 3410555.200652961619198, 8346354.591535043902695 ], [ 3410531.245260593947023, 8346360.342715917155147 ], [ 3410517.697548446245492, 8346363.720539930276573 ], [ 3410493.846176546998322, 8346369.888924114406109 ], [ 3410480.359478948172182, 8346373.50267384480685 ], [ 3410456.619392876047641, 8346380.086382389999926 ], [ 3410443.197817944455892, 8346383.934957071207464 ], [ 3410419.576249159872532, 8346390.931984517723322 ], [ 3410406.223885347135365, 8346395.01421180460602 ], [ 3410382.728029208723456, 8346402.422426788136363 ], [ 3410369.448943663388491, 8346406.737063230015337 ], [ 3410346.085957236588001, 8346414.554209138266742 ], [ 3410332.88419498084113, 8346419.099940426647663 ], [ 3410309.661194857675582, 8346427.323636080138385 ], [ 3410296.540777218993753, 8346432.099077561870217 ], [ 3410273.464837350416929, 8346440.726817944087088 ], [ 3410260.429761, 8346445.730514949187636 ], [ 3410237.50791054032743, 8346454.759671965613961 ], [ 3410224.562146021984518, 8346459.990100344642997 ], [ 3410201.801367189269513, 8346469.41792362742126 ], [ 3410188.948857948649675, 8346474.873490124940872 ], [ 3410166.356083896476775, 8346484.697107867337763 ], [ 3410153.600744921248406, 8346490.376150670461357 ], [ 3410131.18285762751475, 8346500.592570503242314 ], [ 3410118.528574276249856, 8346506.49335973802954 ], [ 3410096.29240244673565, 8346517.099469642154872 ], [ 3410083.743029421195388, 8346523.220207832753658 ], [ 3410061.69534640898928, 8346534.212777082808316 ], [ 3410049.254706312902272, 8346540.551599820144475 ], [ 3410027.402228055987507, 8346551.927279973402619 ], [ 3410015.074110431130975, 8346558.482256389223039 ], [ 3409993.423493406269699, 8346570.237582303583622 ], [ 3409981.211653536651284, 8346577.006715677678585 ], [ 3409959.769492730963975, 8346589.138106566853821 ], [ 3409947.677650437690318, 8346596.11933496966958 ], [ 3409926.450477341655642, 8346608.623095494695008 ], [ 3409914.482315935194492, 8346615.814292366616428 ], [ 3409893.476596551015973, 8346628.686613760888577 ], [ 3409881.635761645622551, 8346636.085588593967259 ], [ 3409860.857894518878311, 8346649.322549823671579 ], [ 3409849.147992954589427, 8346656.92704881541431 ], [ 3409828.604307224974036, 8346670.524617773480713 ], [ 3409817.028905932791531, 8346678.332324530929327 ], [ 3409796.725659406278282, 8346692.286359266377985 ], [ 3409785.288284379523247, 8346700.294895477592945 ], [ 3409765.231661621015519, 8346714.601145456545055 ], [ 3409753.935796793550253, 8346722.808071644045413 ], [ 3409734.131907245609909, 8346737.462179043330252 ], [ 3409722.980993427801877, 8346745.864995312876999 ], [ 3409703.435869546141475, 8346760.862496350891888 ], [ 3409692.433303440455347, 8346769.458643103949726 ], [ 3409673.152898859698325, 8346784.79496939573437 ], [ 3409662.302031964529306, 8346793.581828153692186 ], [ 3409643.292219682130963, 8346809.252308105118573 ], [ 3409632.596357234753668, 8346818.22720234002918 ], [ 3409613.862927824258804, 8346834.227062571793795 ], [ 3409603.325327899307013, 8346843.387258434668183 ], [ 3409584.873987744562328, 8346859.711625235155225 ], [ 3409574.497860238421708, 8346869.054332406260073 ], [ 3409556.334229796659201, 8346885.698233213275671 ], [ 3409546.122735334560275, 8346895.220605851151049 ], [ 3409528.252347422763705, 8346912.178970772773027 ], [ 3409518.208596543874592, 8346921.878108252771199 ], [ 3409500.636894655879587, 8346939.14577160589397 ], [ 3409490.763946756254882, 8346949.018719506449997 ], [ 3409473.496283403132111, 8346966.590421394445002 ], [ 3409463.797145922668278, 8346976.634172272868454 ], [ 3409446.8387810010463, 8346994.504560184665024 ], [ 3409437.316408370621502, 8347004.716054638847709 ], [ 3409420.672507563140243, 8347022.879685080610216 ], [ 3409411.329800370149314, 8347033.255812611430883 ], [ 3409395.005433570593596, 8347051.707152766175568 ], [ 3409385.845237729605287, 8347062.244752665050328 ], [ 3409369.845377497375011, 8347080.978182075545192 ], [ 3409360.870483262464404, 8347091.674044523388147 ], [ 3409345.200003310572356, 8347110.68385680578649 ], [ 3409336.41314453817904, 8347121.534723718650639 ], [ 3409321.076818246860057, 8347140.815128299407661 ], [ 3409312.48067149380222, 8347151.817694406025112 ], [ 3409297.483170456252992, 8347171.362818287685513 ], [ 3409289.080354202538729, 8347182.513732083141804 ], [ 3409274.426246802322567, 8347202.317621631547809 ], [ 3409266.219320608768612, 8347213.613486466929317 ], [ 3409251.913070630282164, 8347233.670109224505723 ], [ 3409243.904534418601543, 8347245.10748425219208 ], [ 3409229.950499682687223, 8347265.41073077917099 ], [ 3409222.142792922910303, 8347276.986132075078785 ], [ 3409208.545223964843899, 8347297.529817804694176 ], [ 3409200.940724970772862, 8347309.239719372242689 ], [ 3409187.703763741534203, 8347330.017586498521268 ], [ 3409180.304788910318166, 8347341.858421401120722 ], [ 3409167.432467516046017, 8347362.864140785299242 ], [ 3409160.241270640864968, 8347374.832302197813988 ], [ 3409147.737510115839541, 8347396.059475294314325 ], [ 3409140.756281716749072, 8347408.151317581534386 ], [ 3409128.624890827573836, 8347429.593478387221694 ], [ 3409121.855757453013211, 8347441.805318255908787 ], [ 3409110.100431538652629, 8347463.455935280770063 ], [ 3409103.545455126091838, 8347475.784052900969982 ], [ 3409092.169774972368032, 8347497.636531158350408 ], [ 3409085.830952235497534, 8347510.077171253040433 ], [ 3409074.838382985442877, 8347532.124854264780879 ], [ 3409068.71764477994293, 8347544.674227321520448 ], [ 3409058.111534876748919, 8347566.910399151034653 ], [ 3409052.210745664779097, 8347579.564682452939451 ], [ 3409041.994325831066817, 8347601.982569746673107 ], [ 3409036.315283017233014, 8347614.737908747047186 ], [ 3409026.491665274836123, 8347637.330682799220085 ], [ 3409021.036098774988204, 8347650.183192044496536 ], [ 3409011.608275492209941, 8347672.943970877677202 ], [ 3409006.377847115509212, 8347685.889735390432179 ], [ 3408997.348690099082887, 8347708.811585850082338 ], [ 3408992.344993088860065, 8347721.846662214025855 ], [ 3408983.717252707108855, 8347744.92260208260268 ], [ 3408978.941811230033636, 8347758.043019708245993 ], [ 3408970.718115576542914, 8347781.266019831411541 ], [ 3408966.17238428350538, 8347794.467782100662589 ], [ 3408958.355238375719637, 8347817.830768527463078 ], [ 3408954.040601944550872, 8347831.109854040667415 ], [ 3408946.632386960554868, 8347854.605710178613663 ], [ 3408942.550159664358944, 8347867.958074019290507 ], [ 3408935.553132218308747, 8347891.579642803408206 ], [ 3408931.704557547811419, 8347905.001217697747052 ], [ 3408925.12084900168702, 8347928.741303769871593 ], [ 3408921.507099263835698, 8347942.228001397103071 ], [ 3408915.338715079706162, 8347966.079373296350241 ], [ 3408911.960891062393785, 8347979.62708546128124 ], [ 3408906.209710189606994, 8348003.582477829419076 ], [ 3408903.068840813357383, 8348017.187077757902443 ], [ 3408897.736615117173642, 8348041.239193549379706 ], [ 3408894.833657117560506, 8348054.896537162363529 ], [ 3408889.922010845504701, 8348079.038049870170653 ], [ 3408887.257848490495235, 8348092.743977011181414 ], [ 3408882.768277777824551, 8348116.967532896436751 ], [ 3408880.343722599092871, 8348130.717868603765965 ], [ 3408876.277595012448728, 8348155.016088937409222 ], [ 3408874.093385552987456, 8348168.806644717231393 ], [ 3408870.451939674094319, 8348193.172128025442362 ], [ 3408868.508741264231503, 8348206.998703158460557 ], [ 3408865.2930863131769, 8348231.424027478322387 ], [ 3408863.591490870341659, 8348245.282410245388746 ], [ 3408860.802606366574764, 8348269.7601353880018 ], [ 3408859.343132215086371, 8348283.646104373969138 ], [ 3408856.981867679394782, 8348308.168774186633527 ], [ 3408855.76495938654989, 8348322.078099623322487 ], [ 3408853.832034083548933, 8348346.638244261965156 ], [ 3408852.858062332030386, 8348360.566689222119749 ], [ 3408851.354065049439669, 8348385.15682743024081 ], [ 3408850.623326521366835, 8348399.100149165838957 ], [ 3408849.548715391196311, 8348423.712790548801422 ], [ 3408849.061432676855475, 8348437.666741782799363 ], [ 3408848.416535035707057, 8348462.294389091432095 ], [ 3408848.172856564633548, 8348476.254719355143607 ], [ 3408847.957868855446577, 8348500.88987076934427 ], [ 3408847.957868855446577, 8348514.852327552624047 ], [ 3408848.172856564633548, 8348539.48747896682471 ], [ 3408848.416535035707057, 8348553.447809230536222 ], [ 3408849.061432676855475, 8348578.075456539168954 ], [ 3408849.548715391196311, 8348592.029407773166895 ], [ 3408850.623326521366835, 8348616.64204915612936 ], [ 3408851.354065049439669, 8348630.585370891727507 ], [ 3408852.858062332030386, 8348655.175509099848568 ], [ 3408853.832034083083272, 8348669.103954057209194 ], [ 3408855.764959386084229, 8348693.664098696783185 ], [ 3408856.981867679860443, 8348707.57342413906008 ], [ 3408859.343132215552032, 8348732.096093950793147 ], [ 3408860.802606366574764, 8348745.982062933966517 ], [ 3408863.591490870341659, 8348770.459788076579571 ], [ 3408865.2930863131769, 8348784.31817084364593 ], [ 3408868.508741264231503, 8348808.74349516350776 ], [ 3408870.451939674094319, 8348822.570070296525955 ], [ 3408874.093385552987456, 8348846.935553604736924 ], [ 3408876.277595012448728, 8348860.726109384559095 ], [ 3408880.343722599092871, 8348885.024329718202353 ], [ 3408882.768277777824551, 8348898.774665425531566 ], [ 3408887.257848490495235, 8348922.998221310786903 ], [ 3408889.922010845504701, 8348936.704148451797664 ], [ 3408894.833657117560506, 8348960.845661159604788 ], [ 3408897.736615117173642, 8348974.503004772588611 ], [ 3408903.068840813357383, 8348998.555120564065874 ], [ 3408906.209710189606994, 8349012.159720492549241 ], [ 3408911.960891062393785, 8349036.115112860687077 ], [ 3408915.338715079706162, 8349049.662825025618076 ], [ 3408921.507099263835698, 8349073.514196924865246 ], [ 3408925.12084900168702, 8349087.000894552096725 ], [ 3408931.704557547811419, 8349110.740980624221265 ], [ 3408935.553132218308747, 8349124.162555518560112 ], [ 3408942.550159664358944, 8349147.78412430267781 ], [ 3408946.632386960554868, 8349161.136488143354654 ], [ 3408954.040601944550872, 8349184.632344281300902 ], [ 3408958.355238375719637, 8349197.911429794505239 ], [ 3408966.17238428350538, 8349221.274416221305728 ], [ 3408970.718115576542914, 8349234.476178490556777 ], [ 3408978.941811230033636, 8349257.699178613722324 ], [ 3408983.717252707108855, 8349270.819596239365637 ], [ 3408992.344993088860065, 8349293.895536107942462 ], [ 3408997.348690099082887, 8349306.930612471885979 ], [ 3409006.377847115509212, 8349329.852462931536138 ], [ 3409011.608275492209941, 8349342.798227444291115 ], [ 3409021.036098774988204, 8349365.559006277471781 ], [ 3409026.491665280424058, 8349378.411515535786748 ], [ 3409036.315283023286611, 8349401.004289587959647 ], [ 3409041.994325825478882, 8349413.759628563188016 ], [ 3409052.2107456587255, 8349436.177515856921673 ], [ 3409058.111534876748919, 8349448.831799170933664 ], [ 3409068.71764477994293, 8349471.067971000447869 ], [ 3409074.838382985442877, 8349483.617344057187438 ], [ 3409085.830952235497534, 8349505.665027068927884 ], [ 3409092.169774972368032, 8349518.105667163617909 ], [ 3409103.545455126091838, 8349539.958145420998335 ], [ 3409110.100431538652629, 8349552.286263041198254 ], [ 3409121.855757453013211, 8349573.93688006605953 ], [ 3409128.624890827573836, 8349586.148719934746623 ], [ 3409140.756281716749072, 8349607.590880740433931 ], [ 3409147.737510115839541, 8349619.682723027653992 ], [ 3409160.241270640864968, 8349640.909896124154329 ], [ 3409167.432467516046017, 8349652.878057536669075 ], [ 3409180.304788910318166, 8349673.883776920847595 ], [ 3409187.703763741534203, 8349685.724611823447049 ], [ 3409200.940724970772862, 8349706.502478949725628 ], [ 3409208.545223964843899, 8349718.212380517274141 ], [ 3409222.142792922910303, 8349738.756066246889532 ], [ 3409229.950499682687223, 8349750.331467542797327 ], [ 3409243.904534418601543, 8349770.634714069776237 ], [ 3409251.913070630282164, 8349782.072089097462595 ], [ 3409266.219320608768612, 8349802.128711855039001 ], [ 3409274.426246802322567, 8349813.424576690420508 ], [ 3409289.080354202538729, 8349833.228466238826513 ], [ 3409297.483170456252992, 8349844.379380034282804 ], [ 3409312.48067149380222, 8349863.924503915943205 ], [ 3409321.076818246860057, 8349874.927070022560656 ], [ 3409336.41314453817904, 8349894.207474603317678 ], [ 3409345.200003310572356, 8349905.058341516181827 ], [ 3409360.870483262464404, 8349924.06815379858017 ], [ 3409369.845377497375011, 8349934.764016246423125 ], [ 3409385.845237729605287, 8349953.497445656917989 ], [ 3409395.005433570593596, 8349964.035045555792749 ], [ 3409411.329800370149314, 8349982.486385710537434 ], [ 3409420.672507563140243, 8349992.862513241358101 ], [ 3409437.316408370621502, 8350011.026143683120608 ], [ 3409446.8387810010463, 8350021.237638137303293 ], [ 3409463.797145922668278, 8350039.108026049099863 ], [ 3409473.496283403132111, 8350049.151776927523315 ], [ 3409490.763946756254882, 8350066.72347881551832 ], [ 3409500.636894655879587, 8350076.596426716074347 ], [ 3409518.208596543874592, 8350093.864090069197118 ], [ 3409528.252347422763705, 8350103.56322754919529 ], [ 3409546.122735334560275, 8350120.521592470817268 ], [ 3409556.334229796659201, 8350130.043965108692646 ], [ 3409574.497860238421708, 8350146.687865915708244 ], [ 3409584.873987744562328, 8350156.030573086813092 ], [ 3409603.325327899307013, 8350172.354939887300134 ], [ 3409613.862927824258804, 8350181.515135750174522 ], [ 3409632.596357234753668, 8350197.514995981939137 ], [ 3409643.292219682130963, 8350206.489890216849744 ], [ 3409662.302031964529306, 8350222.160370168276131 ], [ 3409673.152898859698325, 8350230.947228926233947 ], [ 3409692.433303440455347, 8350246.283555218018591 ], [ 3409703.435869546141475, 8350254.879701971076429 ], [ 3409722.980993427801877, 8350269.877203009091318 ], [ 3409734.131907245609909, 8350278.280019278638065 ], [ 3409753.935796793550253, 8350292.934126677922904 ], [ 3409765.231661621015519, 8350301.141052865423262 ], [ 3409785.288284379523247, 8350315.447302844375372 ], [ 3409796.725659406278282, 8350323.455839055590332 ], [ 3409817.028905932791531, 8350337.40987379103899 ], [ 3409828.604307224974036, 8350345.217580548487604 ], [ 3409849.147992954589427, 8350358.815149506554008 ], [ 3409860.857894518878311, 8350366.419648498296738 ], [ 3409881.635761645622551, 8350379.656609728001058 ], [ 3409893.476596551015973, 8350387.055584561079741 ], [ 3409914.482315935194492, 8350399.927905955351889 ], [ 3409926.450477341655642, 8350407.119102827273309 ], [ 3409947.677650437690318, 8350419.622863352298737 ], [ 3409959.769492730963975, 8350426.604091755114496 ], [ 3409981.211653536651284, 8350438.735482644289732 ], [ 3409993.423493406269699, 8350445.504616018384695 ], [ 3410015.074110431130975, 8350457.259941932745278 ], [ 3410027.402228055987507, 8350463.814918348565698 ], [ 3410049.254706312902272, 8350475.190598501823843 ], [ 3410061.69534640898928, 8350481.529421239160001 ], [ 3410083.743029421195388, 8350492.521990489214659 ], [ 3410096.29240244673565, 8350498.642728679813445 ], [ 3410118.528574276249856, 8350509.248838583938777 ], [ 3410131.18285762751475, 8350515.149627818726003 ], [ 3410153.600744921248406, 8350525.36604765150696 ], [ 3410166.356083896476775, 8350531.045090454630554 ], [ 3410188.948857948649675, 8350540.868708197027445 ], [ 3410201.801367189269513, 8350546.324274694547057 ], [ 3410224.562146021984518, 8350555.75209797732532 ], [ 3410237.50791054032743, 8350560.982526356354356 ], [ 3410260.429761, 8350570.011683372780681 ], [ 3410273.464837355073541, 8350575.015380379743874 ], [ 3410296.540777224116027, 8350583.643120761960745 ], [ 3410309.661194858141243, 8350588.418562241829932 ], [ 3410332.884194981306791, 8350596.642257895320654 ], [ 3410346.08595723239705, 8350601.18798918183893 ], [ 3410369.448943658731878, 8350609.005135090090334 ], [ 3410382.728029208723456, 8350613.319771533831954 ], [ 3410406.223885347135365, 8350620.727986517362297 ], [ 3410419.576249159872532, 8350624.810213804244995 ], [ 3410443.197817944455892, 8350631.807241250760853 ], [ 3410456.619392876047641, 8350635.655815931968391 ], [ 3410480.359478948172182, 8350642.239524477161467 ], [ 3410493.846176546998322, 8350645.853274207562208 ], [ 3410517.697548446245492, 8350652.021658391691744 ], [ 3410531.245260593947023, 8350655.39948240481317 ], [ 3410555.200652961619198, 8350661.150663278065622 ], [ 3410568.805252908263355, 8350664.291532658971846 ], [ 3410592.857368699740618, 8350669.623758355155587 ], [ 3410606.514712311793119, 8350672.526716354303062 ], [ 3410630.656225019600242, 8350677.438362626358867 ], [ 3410644.362152160611004, 8350680.102524980902672 ], [ 3410668.58570804586634, 8350684.592095693573356 ], [ 3410682.336043738760054, 8350687.01665087044239 ], [ 3410706.634264072403312, 8350691.082778457552195 ], [ 3410720.42481989460066, 8350693.266987923532724 ], [ 3410744.790303202345967, 8350696.908433801494539 ], [ 3410758.616878296714276, 8350698.85163220576942 ], [ 3410783.042202617507428, 8350702.067287157289684 ], [ 3410796.900585393887013, 8350703.768882601521909 ], [ 3410821.378310536034405, 8350706.557767105288804 ], [ 3410835.264279537834227, 8350708.017241258174181 ], [ 3410859.786949350032955, 8350710.378505793400109 ], [ 3410873.696274759247899, 8350711.595414083451033 ], [ 3410898.256419398356229, 8350713.528339386917651 ], [ 3410912.184864356648177, 8350714.502311138436198 ], [ 3410936.775002564769238, 8350716.006308421492577 ], [ 3410950.718324315268546, 8350716.737046950496733 ], [ 3410975.330965698231012, 8350717.811658080667257 ], [ 3410989.284916947595775, 8350718.298940796405077 ], [ 3411013.912564256228507, 8350718.943838437087834 ], [ 3411027.872894504573196, 8350719.18751690723002 ], [ 3411052.50804591877386, 8350719.402504616416991 ] ] ] ] } }
]
}
